{"textures":{"0":"modelengine:entity/nocsy_fall_drakonin_egg","particle":"#0"},"elements":[{"from":[-5.5,6.6023397,-0.5],"to":[3.5,6.6023397,16.5],"faces":{"up":{"uv":[4.625,1.125,2.5,0.0],"tintindex":0,"rotation":90,"texture":"#0"},"down":{"uv":[4.625,0.0,2.5,1.125],"tintindex":0,"rotation":270,"texture":"#0"}},"rotation":{"origin":[3.5,6.6023397,3.5],"angle":-22.5,"axis":"z"}},{"from":[12.5,6.6023397,-0.5],"to":[21.5,6.6023397,16.5],"faces":{"up":{"uv":[4.625,0.0,2.5,1.125],"tintindex":0,"rotation":90,"texture":"#0"},"down":{"uv":[4.625,1.125,2.5,0.0],"tintindex":0,"rotation":270,"texture":"#0"}},"rotation":{"origin":[12.5,6.6023397,3.5],"angle":22.5,"axis":"z"}},{"from":[-1.5,6.7023396,-1.5],"to":[17.5,6.7023396,17.5],"faces":{"up":{"uv":[2.375,2.375,0.0,0.0],"tintindex":0,"rotation":0,"texture":"#0"},"down":{"uv":[2.375,0.0,0.0,2.375],"tintindex":0,"rotation":0,"texture":"#0"}},"rotation":{"origin":[8.0,6.7023396,8.0],"angle":-45.0,"axis":"y"}},{"from":[-0.5,6.6023397,-5.5],"to":[16.5,6.6023397,3.5],"faces":{"up":{"uv":[4.625,0.0,2.5,1.125],"tintindex":0,"rotation":0,"texture":"#0"},"down":{"uv":[4.625,1.125,2.5,0.0],"tintindex":0,"rotation":0,"texture":"#0"}},"rotation":{"origin":[3.5,6.6023397,3.5],"angle":22.5,"axis":"x"}},{"from":[-0.5,6.6023397,12.5],"to":[16.5,6.6023397,21.5],"faces":{"up":{"uv":[4.625,1.125,2.5,0.0],"tintindex":0,"rotation":0,"texture":"#0"},"down":{"uv":[4.625,0.0,2.5,1.125],"tintindex":0,"rotation":0,"texture":"#0"}},"rotation":{"origin":[3.5,6.6023397,12.5],"angle":-22.5,"axis":"x"}}],"display":{"gui":{"rotation":[-150.0,-45.0,180.0]}}}