{"textures":{"0":"modelengine:entity/toffynocsy_owl_lvl1","particle":"#0"},"elements":[{"from":[7.75,-3.8163414,4.3380604],"to":[8.75,-0.8163414,5.3380604],"faces":{"east":{"uv":[1.625,8.5,1.75,8.875],"tintindex":0,"rotation":0,"texture":"#0"},"south":{"uv":[1.875,8.5,2.0,8.875],"tintindex":0,"rotation":0,"texture":"#0"},"north":{"uv":[8.375,8.0,8.5,8.375],"tintindex":0,"rotation":0,"texture":"#0"},"west":{"uv":[1.75,8.5,1.625,8.875],"tintindex":0,"rotation":0,"texture":"#0"},"up":{"uv":[8.875,5.0,8.75,4.875],"tintindex":0,"rotation":0,"texture":"#0"},"down":{"uv":[8.875,5.625,8.75,5.75],"tintindex":0,"rotation":0,"texture":"#0"}},"rotation":{"origin":[8.25,-2.125,5.0],"angle":22.5,"axis":"x"}},{"from":[8.2,-1.7418871,-3.0438137],"to":[8.25,-1.0418873,-2.343814],"faces":{"east":{"uv":[2.75,8.75,2.875,8.875],"tintindex":0,"rotation":0,"texture":"#0"},"south":{"uv":[3.0,8.75,3.125,8.875],"tintindex":0,"rotation":0,"texture":"#0"},"north":{"uv":[2.125,8.75,2.25,8.875],"tintindex":0,"rotation":0,"texture":"#0"},"west":{"uv":[2.875,8.75,2.75,8.875],"tintindex":0,"rotation":0,"texture":"#0"},"up":{"uv":[8.875,4.0,8.75,3.875],"tintindex":0,"rotation":0,"texture":"#0"},"down":{"uv":[8.875,4.125,8.75,4.25],"tintindex":0,"rotation":0,"texture":"#0"}},"rotation":{"origin":[8.225,-1.0347805,-3.0509205],"angle":-45.0,"axis":"x"}},{"from":[9.0,-4.0,5.5],"to":[9.0,0.0,10.5],"faces":{"east":{"uv":[6.0,5.75,6.625,6.25],"tintindex":0,"rotation":0,"texture":"#0"},"west":{"uv":[6.125,1.375,6.75,1.875],"tintindex":0,"rotation":0,"texture":"#0"}}},{"from":[8.0,2.0,4.5],"to":[9.0,8.0,9.5],"faces":{"east":{"uv":[3.25,5.0,3.875,5.75],"tintindex":0,"rotation":0,"texture":"#0"},"south":{"uv":[7.625,7.5,7.75,8.25],"tintindex":0,"rotation":0,"texture":"#0"},"north":{"uv":[7.125,7.625,7.25,8.375],"tintindex":0,"rotation":0,"texture":"#0"},"west":{"uv":[5.0,3.5,5.625,4.25],"tintindex":0,"rotation":0,"texture":"#0"},"up":{"uv":[7.875,3.0,7.75,2.375],"tintindex":0,"rotation":0,"texture":"#0"},"down":{"uv":[7.875,3.125,7.75,3.75],"tintindex":0,"rotation":0,"texture":"#0"}}},{"from":[7.75,-1.274313,4.3380604],"to":[8.75,1.725687,5.3380604],"faces":{"east":{"uv":[3.375,8.5,3.5,8.875],"tintindex":0,"rotation":0,"texture":"#0"},"south":{"uv":[3.625,8.5,3.75,8.875],"tintindex":0,"rotation":0,"texture":"#0"},"north":{"uv":[2.5,8.5,2.625,8.875],"tintindex":0,"rotation":0,"texture":"#0"},"west":{"uv":[3.5,8.5,3.375,8.875],"tintindex":0,"rotation":0,"texture":"#0"},"up":{"uv":[6.25,8.875,6.125,8.75],"tintindex":0,"rotation":0,"texture":"#0"},"down":{"uv":[8.875,7.0,8.75,7.125],"tintindex":0,"rotation":0,"texture":"#0"}},"rotation":{"origin":[8.25,0.03434515,5.0],"angle":-22.5,"axis":"x"}},{"from":[7.55,-1.7,9.8],"to":[8.95,-0.3,11.2],"faces":{"east":{"uv":[8.75,7.5,8.875,7.625],"tintindex":0,"rotation":0,"texture":"#0"},"south":{"uv":[8.875,0.0,9.0,0.125],"tintindex":0,"rotation":0,"texture":"#0"},"north":{"uv":[8.75,7.25,8.875,7.375],"tintindex":0,"rotation":0,"texture":"#0"},"west":{"uv":[8.875,0.25,9.0,0.375],"tintindex":0,"rotation":0,"texture":"#0"},"up":{"uv":[0.625,9.0,0.5,8.875],"tintindex":0,"rotation":0,"texture":"#0"},"down":{"uv":[9.0,0.5,8.875,0.625],"tintindex":0,"rotation":0,"texture":"#0"}},"rotation":{"origin":[8.25,-1.0,11.0],"angle":-45.0,"axis":"z"}},{"from":[8.0,-1.0,5.5],"to":[9.0,2.0,9.5],"faces":{"east":{"uv":[6.75,4.625,7.25,5.0],"tintindex":0,"rotation":0,"texture":"#0"},"south":{"uv":[8.375,2.875,8.5,3.25],"tintindex":0,"rotation":0,"texture":"#0"},"north":{"uv":[8.375,2.375,8.5,2.75],"tintindex":0,"rotation":0,"texture":"#0"},"west":{"uv":[6.875,0.0,7.375,0.375],"tintindex":0,"rotation":0,"texture":"#0"},"up":{"uv":[8.0,8.5,7.875,8.0],"tintindex":0,"rotation":0,"texture":"#0"},"down":{"uv":[4.75,8.125,4.625,8.625],"tintindex":0,"rotation":0,"texture":"#0"}}},{"from":[8.225,-3.0256119,-2.076745],"to":[8.225,-0.025611877,4.9232554],"faces":{"east":{"uv":[3.25,5.875,4.125,6.25],"tintindex":0,"rotation":0,"texture":"#0"},"south":{"uv":[8.375,6.625,8.5,7.0],"tintindex":0,"rotation":0,"texture":"#0"},"north":{"uv":[8.375,6.125,8.5,6.5],"tintindex":0,"rotation":0,"texture":"#0"},"west":{"uv":[4.125,5.875,3.25,6.25],"tintindex":0,"rotation":0,"texture":"#0"},"up":{"uv":[3.625,8.125,3.5,7.25],"tintindex":0,"rotation":0,"texture":"#0"},"down":{"uv":[0.75,7.375,0.625,8.25],"tintindex":0,"rotation":0,"texture":"#0"}},"rotation":{"origin":[8.25,-0.8321781,0.9617319],"angle":-22.5,"axis":"x"}},{"from":[8.225,-2.4489937,-2.6263514],"to":[8.225,-1.7239933,-1.2013521],"faces":{"east":{"uv":[2.5,9.75,2.678125,9.8375],"tintindex":0,"rotation":0,"texture":"#0"},"south":{"uv":[3.0,8.75,3.125,8.875],"tintindex":0,"rotation":0,"texture":"#0"},"north":{"uv":[2.125,8.75,2.25,8.875],"tintindex":0,"rotation":0,"texture":"#0"},"west":{"uv":[2.678125,9.75,2.5,9.8375],"tintindex":0,"rotation":0,"texture":"#0"},"up":{"uv":[8.875,4.0,8.75,3.875],"tintindex":0,"rotation":0,"texture":"#0"},"down":{"uv":[8.875,4.125,8.75,4.25],"tintindex":0,"rotation":0,"texture":"#0"}},"rotation":{"origin":[8.225,-1.0347805,-4.015565],"angle":-45.0,"axis":"x"}},{"from":[8.2,-2.532178,-2.538268],"to":[8.25,0.46782207,6.461732],"faces":{"east":{"uv":[5.5,2.75,6.625,3.125],"tintindex":0,"rotation":0,"texture":"#0"},"south":{"uv":[7.625,8.375,7.75,8.75],"tintindex":0,"rotation":0,"texture":"#0"},"north":{"uv":[7.375,8.375,7.5,8.75],"tintindex":0,"rotation":0,"texture":"#0"},"west":{"uv":[6.625,2.75,5.5,3.125],"tintindex":0,"rotation":0,"texture":"#0"},"up":{"uv":[3.125,7.75,3.0,6.625],"tintindex":0,"rotation":0,"texture":"#0"},"down":{"uv":[7.25,6.375,7.125,7.5],"tintindex":0,"rotation":0,"texture":"#0"}}},{"from":[8.0,1.0,4.0],"to":[11.0,8.0,10.0],"faces":{"east":{"uv":[1.125,2.75,1.875,3.625],"tintindex":0,"rotation":0,"texture":"#0"},"south":{"uv":[5.75,3.25,6.125,4.125],"tintindex":0,"rotation":0,"texture":"#0"},"north":{"uv":[2.75,5.625,3.125,6.5],"tintindex":0,"rotation":0,"texture":"#0"},"west":{"uv":[2.0,2.875,2.75,3.75],"tintindex":0,"rotation":0,"texture":"#0"},"up":{"uv":[6.625,4.0,6.25,3.25],"tintindex":0,"rotation":0,"texture":"#0"},"down":{"uv":[5.125,6.25,4.75,7.0],"tintindex":0,"rotation":0,"texture":"#0"}},"rotation":{"origin":[8.0,3.0,7.0],"angle":22.5,"axis":"z"}},{"from":[7.775,-1.5,5.0],"to":[8.725,-0.5,10.0],"faces":{"east":{"uv":[7.625,6.125,8.25,6.25],"tintindex":0,"rotation":0,"texture":"#0"},"south":{"uv":[4.875,8.75,5.0,8.875],"tintindex":0,"rotation":0,"texture":"#0"},"north":{"uv":[4.625,8.75,4.75,8.875],"tintindex":0,"rotation":0,"texture":"#0"},"west":{"uv":[7.75,3.875,8.375,4.0],"tintindex":0,"rotation":0,"texture":"#0"},"up":{"uv":[6.75,8.375,6.625,7.75],"tintindex":0,"rotation":0,"texture":"#0"},"down":{"uv":[7.0,7.75,6.875,8.375],"tintindex":0,"rotation":0,"texture":"#0"}}},{"from":[8.224,0.17220068,-2.4495754],"to":[8.224,0.8972006,-1.0245752],"faces":{"east":{"uv":[2.5,9.5,2.678125,9.5875],"tintindex":0,"rotation":0,"texture":"#0"},"south":{"uv":[3.0,8.75,3.125,8.875],"tintindex":0,"rotation":0,"texture":"#0"},"north":{"uv":[2.125,8.75,2.25,8.875],"tintindex":0,"rotation":0,"texture":"#0"},"west":{"uv":[2.678125,9.5,2.5,9.5875],"tintindex":0,"rotation":0,"texture":"#0"},"up":{"uv":[8.875,4.0,8.75,3.875],"tintindex":0,"rotation":0,"texture":"#0"},"down":{"uv":[8.875,4.125,8.75,4.25],"tintindex":0,"rotation":0,"texture":"#0"}},"rotation":{"origin":[8.249001,-0.559906,-4.5458956],"angle":45.0,"axis":"x"}},{"from":[8.225,-2.0815659,-2.038476],"to":[8.225,0.91843414,4.9615235],"faces":{"east":{"uv":[5.75,4.25,6.625,4.625],"tintindex":0,"rotation":0,"texture":"#0"},"south":{"uv":[8.375,5.125,8.5,5.5],"tintindex":0,"rotation":0,"texture":"#0"},"north":{"uv":[8.375,3.375,8.5,3.75],"tintindex":0,"rotation":0,"texture":"#0"},"west":{"uv":[6.625,4.25,5.75,4.625],"tintindex":0,"rotation":0,"texture":"#0"},"up":{"uv":[2.5,8.125,2.375,7.25],"tintindex":0,"rotation":0,"texture":"#0"},"down":{"uv":[3.375,7.25,3.25,8.125],"tintindex":0,"rotation":0,"texture":"#0"}},"rotation":{"origin":[8.25,-1.1750002,1.0],"angle":22.5,"axis":"x"}}],"display":{"gui":{"rotation":[-150.0,-45.0,180.0]}}}