{"textures":{"0":"modelengine:entity/nocsy_magic_cat","particle":"#0"},"elements":[{"from":[6.35,4.102094,6.854558],"to":[9.05,8.802094,9.554558],"faces":{"east":{"uv":[6.25,8.75,5.5,10.0],"tintindex":0,"rotation":0,"texture":"#0"},"south":{"uv":[5.25,8.75,4.5,10.0],"tintindex":0,"rotation":0,"texture":"#0"},"north":{"uv":[8.75,7.25,8.0,8.5],"tintindex":0,"rotation":0,"texture":"#0"},"west":{"uv":[3.25,8.75,2.5,10.0],"tintindex":0,"rotation":0,"texture":"#0"},"up":{"uv":[0.0,11.5,0.75,10.75],"tintindex":0,"rotation":0,"texture":"#0"},"down":{"uv":[1.0,10.75,1.75,11.5],"tintindex":0,"rotation":0,"texture":"#0"}}}],"display":{"gui":{"rotation":[-150.0,-45.0,180.0]}}}