{"textures":{"0":"modelengine:entity/nocsy_magic_cat","particle":"#0"},"elements":[{"from":[7.760278,6.8862514,7.950486],"to":[13.760279,13.886251,8.025486],"faces":{"east":{"uv":[4.0,10.75,4.25,12.25],"tintindex":0,"rotation":0,"texture":"#0"},"south":{"uv":[6.0,3.5,7.5,5.0],"tintindex":0,"rotation":0,"texture":"#0"},"north":{"uv":[6.0,1.75,7.5,3.25],"tintindex":0,"rotation":0,"texture":"#0"},"west":{"uv":[10.25,10.75,10.5,12.25],"tintindex":0,"rotation":0,"texture":"#0"},"up":{"uv":[12.25,7.75,10.75,7.5],"tintindex":0,"rotation":0,"texture":"#0"},"down":{"uv":[12.25,10.75,10.75,11.0],"tintindex":0,"rotation":0,"texture":"#0"}},"rotation":{"origin":[11.560278,9.886251,7.950486],"angle":-22.5,"axis":"z"}},{"from":[2.29567,6.8862514,7.950486],"to":[8.29567,12.886251,8.025486],"faces":{"east":{"uv":[2.0,10.75,2.25,12.25],"tintindex":0,"rotation":0,"texture":"#0"},"south":{"uv":[6.0,0.0,7.5,1.5],"tintindex":0,"rotation":0,"texture":"#0"},"north":{"uv":[1.75,5.5,3.25,7.0],"tintindex":0,"rotation":0,"texture":"#0"},"west":{"uv":[3.5,10.75,3.75,12.25],"tintindex":0,"rotation":0,"texture":"#0"},"up":{"uv":[12.0,8.25,10.5,8.0],"tintindex":0,"rotation":0,"texture":"#0"},"down":{"uv":[12.25,7.0,10.75,7.25],"tintindex":0,"rotation":0,"texture":"#0"}},"rotation":{"origin":[4.4956703,9.886251,7.950486],"angle":22.5,"axis":"z"}}],"display":{"gui":{"rotation":[-150.0,-45.0,180.0]}}}