{"textures":{"0":"modelengine:entity/nocsy_magic_cat","particle":"#0"},"elements":[{"from":[6.35,5.5020947,6.945442],"to":[9.05,9.202095,9.645443],"faces":{"east":{"uv":[6.5,9.25,7.25,10.25],"tintindex":0,"rotation":0,"texture":"#0"},"south":{"uv":[0.0,9.5,0.75,10.5],"tintindex":0,"rotation":0,"texture":"#0"},"north":{"uv":[9.25,5.0,10.0,6.0],"tintindex":0,"rotation":0,"texture":"#0"},"west":{"uv":[9.5,0.0,10.25,1.0],"tintindex":0,"rotation":0,"texture":"#0"},"up":{"uv":[11.0,5.75,10.25,5.0],"tintindex":0,"rotation":0,"texture":"#0"},"down":{"uv":[6.25,10.25,5.5,11.0],"tintindex":0,"rotation":0,"texture":"#0"}}}],"display":{"gui":{"rotation":[-150.0,-45.0,180.0]}}}