{"textures":{"0":"modelengine:entity/nocsy_magic_cat","particle":"#0"},"elements":[{"from":[6.874,7.894306,3.512351],"to":[6.874,8.894306,4.5123515],"faces":{"east":{"uv":[12.25,8.0,12.5,8.25],"tintindex":0,"rotation":0,"texture":"#0"},"west":{"uv":[8.25,12.25,8.5,12.5],"tintindex":0,"rotation":0,"texture":"#0"}}},{"from":[8.527229,6.0650196,3.3500004],"to":[14.527229,8.56502,3.3500004],"faces":{"south":{"uv":[9.25,2.0,7.75,2.75],"tintindex":0,"rotation":0,"texture":"#0"},"north":{"uv":[9.25,1.0,7.75,1.75],"tintindex":0,"rotation":0,"texture":"#0"}}},{"from":[4.95,7.894306,3.5113516],"to":[4.95,8.894306,4.511351],"faces":{"east":{"uv":[7.25,12.25,7.5,12.5],"tintindex":0,"rotation":0,"texture":"#0"},"west":{"uv":[7.75,12.25,8.0,12.5],"tintindex":0,"rotation":0,"texture":"#0"}}},{"from":[7.5,7.5,2.6750002],"to":[8.5,8.3,2.6750002],"faces":{"south":{"uv":[12.5,0.0,12.75,0.25],"tintindex":0,"rotation":0,"texture":"#0"},"north":{"uv":[0.0,12.5,0.25,12.75],"tintindex":0,"rotation":0,"texture":"#0"}}},{"from":[8.170246,4.7807026,3.5500002],"to":[14.170246,7.380703,3.5500002],"faces":{"south":{"uv":[9.25,0.0,7.75,0.75],"tintindex":0,"rotation":0,"texture":"#0"},"north":{"uv":[9.0,5.25,7.5,6.0],"tintindex":0,"rotation":0,"texture":"#0"}},"rotation":{"origin":[11.101113,6.678257,3.4499998],"angle":-22.5,"axis":"z"}},{"from":[7.5,8.299001,2.6750002],"to":[8.5,8.299001,3.2749996],"faces":{"up":{"uv":[0.75,12.75,0.5,12.5],"tintindex":0,"rotation":0,"texture":"#0"},"down":{"uv":[12.75,0.5,12.5,0.75],"tintindex":0,"rotation":0,"texture":"#0"}}},{"from":[9.125,7.894306,3.512351],"to":[11.05,8.894306,3.512351],"faces":{"south":{"uv":[12.0,6.25,12.5,6.5],"tintindex":0,"rotation":0,"texture":"#0"},"north":{"uv":[12.0,5.75,12.5,6.0],"tintindex":0,"rotation":0,"texture":"#0"}}},{"from":[9.125999,7.894306,3.512351],"to":[9.125999,8.894306,4.5123515],"faces":{"east":{"uv":[12.25,8.5,12.5,8.75],"tintindex":0,"rotation":0,"texture":"#0"},"west":{"uv":[8.75,12.25,9.0,12.5],"tintindex":0,"rotation":0,"texture":"#0"}}},{"from":[6.5,6.25,2.75],"to":[9.5,8.25,3.75],"faces":{"east":{"uv":[11.25,12.0,11.5,12.5],"tintindex":0,"rotation":0,"texture":"#0"},"south":{"uv":[11.0,6.0,11.75,6.5],"tintindex":0,"rotation":0,"texture":"#0"},"north":{"uv":[1.75,4.75,2.5,5.25],"tintindex":0,"rotation":0,"texture":"#0"},"west":{"uv":[11.75,12.0,12.0,12.5],"tintindex":0,"rotation":0,"texture":"#0"},"up":{"uv":[12.25,4.75,11.5,4.5],"tintindex":0,"rotation":0,"texture":"#0"},"down":{"uv":[5.25,12.0,4.5,12.25],"tintindex":0,"rotation":0,"texture":"#0"}}},{"from":[4.95,7.894306,3.512351],"to":[6.875,8.894306,3.512351],"faces":{"south":{"uv":[5.5,12.0,6.0,12.25],"tintindex":0,"rotation":0,"texture":"#0"},"north":{"uv":[7.5,11.0,8.0,11.25],"tintindex":0,"rotation":0,"texture":"#0"}}},{"from":[11.05,7.894306,3.5113516],"to":[11.05,8.894306,4.511351],"faces":{"east":{"uv":[12.25,10.0,12.5,10.25],"tintindex":0,"rotation":0,"texture":"#0"},"west":{"uv":[12.25,12.0,12.5,12.25],"tintindex":0,"rotation":0,"texture":"#0"}}},{"from":[1.4727707,6.0650196,3.3500004],"to":[7.4727707,8.56502,3.3500004],"faces":{"south":{"uv":[7.75,2.0,9.25,2.75],"tintindex":0,"rotation":0,"texture":"#0"},"north":{"uv":[7.75,1.0,9.25,1.75],"tintindex":0,"rotation":0,"texture":"#0"}}},{"from":[1.8297544,4.7807026,3.5500002],"to":[7.8297544,7.380703,3.5500002],"faces":{"south":{"uv":[7.75,0.0,9.25,0.75],"tintindex":0,"rotation":0,"texture":"#0"},"north":{"uv":[7.5,5.25,9.0,6.0],"tintindex":0,"rotation":0,"texture":"#0"}},"rotation":{"origin":[4.8988867,6.678257,3.4499998],"angle":22.5,"axis":"z"}},{"from":[5.0,5.75,3.75],"to":[11.0,11.75,9.75],"faces":{"east":{"uv":[4.25,0.0,5.75,1.5],"tintindex":0,"rotation":0,"texture":"#0"},"south":{"uv":[4.25,1.75,5.75,3.25],"tintindex":0,"rotation":0,"texture":"#0"},"north":{"uv":[0.0,3.0,1.5,4.5],"tintindex":0,"rotation":0,"texture":"#0"},"west":{"uv":[4.25,3.5,5.75,5.0],"tintindex":0,"rotation":0,"texture":"#0"},"up":{"uv":[1.5,6.25,0.0,4.75],"tintindex":0,"rotation":0,"texture":"#0"},"down":{"uv":[5.75,5.25,4.25,6.75],"tintindex":0,"rotation":0,"texture":"#0"}}}],"display":{"gui":{"rotation":[-150.0,-45.0,180.0]}}}