{"textures":{"0":"modelengine:entity/nocsy_magic_cat","particle":"#0"},"elements":[{"from":[6.65,6.513519,6.6749144],"to":[9.35,9.213519,12.374914],"faces":{"east":{"uv":[6.0,6.75,7.5,7.5],"tintindex":0,"rotation":0,"texture":"#0"},"south":{"uv":[9.25,9.5,10.0,10.25],"tintindex":0,"rotation":0,"texture":"#0"},"north":{"uv":[8.25,9.5,9.0,10.25],"tintindex":0,"rotation":0,"texture":"#0"},"west":{"uv":[3.5,7.0,5.0,7.75],"tintindex":0,"rotation":0,"texture":"#0"},"up":{"uv":[2.5,4.5,1.75,3.0],"tintindex":0,"rotation":0,"texture":"#0"},"down":{"uv":[2.25,7.25,1.5,8.75],"tintindex":0,"rotation":0,"texture":"#0"}}}],"display":{"gui":{"rotation":[-150.0,-45.0,180.0]}}}