{"textures":{"1":"modelengine:entity/toffy_cat_witch_hat","particle":"#1"},"elements":[{"from":[6.0,6.771496,4.0429344],"to":[10.0,7.771496,12.042934],"faces":{"east":{"uv":[8.25,7.5,10.25,7.75],"tintindex":0,"rotation":0,"texture":"#1"},"south":{"uv":[8.75,1.75,9.75,2.0],"tintindex":0,"rotation":0,"texture":"#1"},"north":{"uv":[1.75,8.75,2.75,9.0],"tintindex":0,"rotation":0,"texture":"#1"},"west":{"uv":[8.25,8.0,10.25,8.25],"tintindex":0,"rotation":0,"texture":"#1"},"up":{"uv":[6.25,2.0,5.25,0.0],"tintindex":0,"rotation":0,"texture":"#1"},"down":{"uv":[6.25,2.25,5.25,4.25],"tintindex":0,"rotation":0,"texture":"#1"}}},{"from":[11.4650755,6.0822496,5.0679345],"to":[13.4650755,7.0822496,11.067934],"faces":{"east":{"uv":[8.5,4.75,10.0,5.0],"tintindex":0,"rotation":0,"texture":"#1"},"south":{"uv":[8.75,9.0,9.25,9.25],"tintindex":0,"rotation":0,"texture":"#1"},"north":{"uv":[8.0,9.0,8.5,9.25],"tintindex":0,"rotation":0,"texture":"#1"},"west":{"uv":[8.5,5.25,10.0,5.5],"tintindex":0,"rotation":0,"texture":"#1"},"up":{"uv":[4.0,8.0,3.5,6.5],"tintindex":0,"rotation":0,"texture":"#1"},"down":{"uv":[4.75,6.5,4.25,8.0],"tintindex":0,"rotation":0,"texture":"#1"}},"rotation":{"origin":[11.4650755,6.0822496,6.0429344],"angle":-22.5,"axis":"z"}},{"from":[7.5,13.857283,10.0074005],"to":[8.5,14.857283,13.0074005],"faces":{"east":{"uv":[6.5,8.75,7.25,9.0],"tintindex":0,"rotation":0,"texture":"#1"},"south":{"uv":[5.25,9.25,5.5,9.5],"tintindex":0,"rotation":0,"texture":"#1"},"north":{"uv":[2.5,9.25,2.75,9.5],"tintindex":0,"rotation":0,"texture":"#1"},"west":{"uv":[3.0,9.0,3.75,9.25],"tintindex":0,"rotation":0,"texture":"#1"},"up":{"uv":[7.75,9.5,7.5,8.75],"tintindex":0,"rotation":0,"texture":"#1"},"down":{"uv":[4.25,9.0,4.0,9.75],"tintindex":0,"rotation":0,"texture":"#1"}},"rotation":{"origin":[8.0,11.357283,8.5074005],"angle":45.0,"axis":"x"}},{"from":[9.4650755,6.0822496,4.067934],"to":[11.4650755,7.0822496,12.067934],"faces":{"east":{"uv":[7.5,6.5,9.5,6.75],"tintindex":0,"rotation":0,"texture":"#1"},"south":{"uv":[0.0,9.5,0.5,9.75],"tintindex":0,"rotation":0,"texture":"#1"},"north":{"uv":[6.5,9.25,7.0,9.5],"tintindex":0,"rotation":0,"texture":"#1"},"west":{"uv":[6.0,7.75,8.0,8.0],"tintindex":0,"rotation":0,"texture":"#1"},"up":{"uv":[0.5,8.5,0.0,6.5],"tintindex":0,"rotation":0,"texture":"#1"},"down":{"uv":[7.0,0.0,6.5,2.0],"tintindex":0,"rotation":0,"texture":"#1"}},"rotation":{"origin":[11.4650755,6.0822496,5.0429344],"angle":-22.5,"axis":"z"}},{"from":[2.5349245,6.0822496,5.0679345],"to":[4.5349245,7.0822496,11.067934],"faces":{"east":{"uv":[8.5,5.75,10.0,6.0],"tintindex":0,"rotation":0,"texture":"#1"},"south":{"uv":[4.5,9.25,5.0,9.5],"tintindex":0,"rotation":0,"texture":"#1"},"north":{"uv":[1.75,9.25,2.25,9.5],"tintindex":0,"rotation":0,"texture":"#1"},"west":{"uv":[8.25,8.5,9.75,8.75],"tintindex":0,"rotation":0,"texture":"#1"},"up":{"uv":[7.25,5.0,6.75,3.5],"tintindex":0,"rotation":0,"texture":"#1"},"down":{"uv":[7.25,5.25,6.75,6.75],"tintindex":0,"rotation":0,"texture":"#1"}},"rotation":{"origin":[4.5349245,6.0822496,6.0429344],"angle":22.5,"axis":"z"}},{"from":[5.5,7.521496,5.5429344],"to":[10.5,9.521496,10.542934],"faces":{"east":{"uv":[7.25,0.0,8.5,0.5],"tintindex":0,"rotation":0,"texture":"#1"},"south":{"uv":[7.25,0.75,8.5,1.25],"tintindex":0,"rotation":0,"texture":"#1"},"north":{"uv":[6.75,7.0,8.0,7.5],"tintindex":0,"rotation":0,"texture":"#1"},"west":{"uv":[7.25,1.5,8.5,2.0],"tintindex":0,"rotation":0,"texture":"#1"},"up":{"uv":[6.5,5.75,5.25,4.5],"tintindex":0,"rotation":0,"texture":"#1"},"down":{"uv":[6.5,6.0,5.25,7.25],"tintindex":0,"rotation":0,"texture":"#1"}}},{"from":[7.0,10.771496,9.042934],"to":[9.0,12.771496,12.042934],"faces":{"east":{"uv":[0.0,8.75,0.75,9.25],"tintindex":0,"rotation":0,"texture":"#1"},"south":{"uv":[5.75,8.75,6.25,9.25],"tintindex":0,"rotation":0,"texture":"#1"},"north":{"uv":[8.75,2.25,9.25,2.75],"tintindex":0,"rotation":0,"texture":"#1"},"west":{"uv":[8.75,0.0,9.5,0.5],"tintindex":0,"rotation":0,"texture":"#1"},"up":{"uv":[9.25,1.5,8.75,0.75],"tintindex":0,"rotation":0,"texture":"#1"},"down":{"uv":[1.5,8.75,1.0,9.5],"tintindex":0,"rotation":0,"texture":"#1"}}},{"from":[6.0,6.746496,2.0429344],"to":[10.0,6.771496,14.042934],"faces":{"up":{"uv":[5.0,3.0,4.0,0.0],"tintindex":0,"rotation":0,"texture":"#1"},"down":{"uv":[5.0,3.25,4.0,6.25],"tintindex":0,"rotation":0,"texture":"#1"}}},{"from":[-0.8473768,5.9812055,2.0429344],"to":[6.1526237,6.0062056,14.042934],"faces":{"up":{"uv":[1.75,6.25,0.0,3.25],"tintindex":0,"rotation":0,"texture":"#1"},"down":{"uv":[3.75,3.25,2.0,6.25],"tintindex":0,"rotation":0,"texture":"#1"}},"rotation":{"origin":[4.1526237,6.0062056,6.0429344],"angle":22.5,"axis":"z"}},{"from":[4.5349245,6.0822496,4.067934],"to":[6.5349245,7.0822496,12.067934],"faces":{"east":{"uv":[6.0,8.25,8.0,8.5],"tintindex":0,"rotation":0,"texture":"#1"},"south":{"uv":[9.5,1.25,10.0,1.5],"tintindex":0,"rotation":0,"texture":"#1"},"north":{"uv":[9.5,0.75,10.0,1.0],"tintindex":0,"rotation":0,"texture":"#1"},"west":{"uv":[8.25,7.0,10.25,7.25],"tintindex":0,"rotation":0,"texture":"#1"},"up":{"uv":[1.25,8.5,0.75,6.5],"tintindex":0,"rotation":0,"texture":"#1"},"down":{"uv":[2.0,6.5,1.5,8.5],"tintindex":0,"rotation":0,"texture":"#1"}},"rotation":{"origin":[4.5349245,6.0822496,5.0429344],"angle":22.5,"axis":"z"}},{"from":[6.0,8.771496,5.7929344],"to":[10.0,10.771496,9.792934],"faces":{"east":{"uv":[8.5,3.25,9.5,3.75],"tintindex":0,"rotation":0,"texture":"#1"},"south":{"uv":[8.5,4.0,9.5,4.5],"tintindex":0,"rotation":0,"texture":"#1"},"north":{"uv":[3.25,8.25,4.25,8.75],"tintindex":0,"rotation":0,"texture":"#1"},"west":{"uv":[4.5,8.5,5.5,9.0],"tintindex":0,"rotation":0,"texture":"#1"},"up":{"uv":[3.25,7.5,2.25,6.5],"tintindex":0,"rotation":0,"texture":"#1"},"down":{"uv":[7.5,2.25,6.5,3.25],"tintindex":0,"rotation":0,"texture":"#1"}},"rotation":{"origin":[8.0,9.271496,7.5429344],"angle":22.5,"axis":"x"}},{"from":[6.5,9.771496,5.7929344],"to":[9.5,12.771496,8.792934],"faces":{"east":{"uv":[7.5,4.5,8.25,5.25],"tintindex":0,"rotation":0,"texture":"#1"},"south":{"uv":[5.0,7.5,5.75,8.25],"tintindex":0,"rotation":0,"texture":"#1"},"north":{"uv":[7.5,3.5,8.25,4.25],"tintindex":0,"rotation":0,"texture":"#1"},"west":{"uv":[7.5,5.5,8.25,6.25],"tintindex":0,"rotation":0,"texture":"#1"},"up":{"uv":[3.0,8.5,2.25,7.75],"tintindex":0,"rotation":0,"texture":"#1"},"down":{"uv":[8.5,2.25,7.75,3.0],"tintindex":0,"rotation":0,"texture":"#1"}},"rotation":{"origin":[8.0,9.271496,7.5429344],"angle":45.0,"axis":"x"}},{"from":[9.847376,5.9812055,2.0429344],"to":[16.847378,6.0062056,14.042934],"faces":{"up":{"uv":[1.75,3.0,0.0,0.0],"tintindex":0,"rotation":0,"texture":"#1"},"down":{"uv":[3.75,0.0,2.0,3.0],"tintindex":0,"rotation":0,"texture":"#1"}},"rotation":{"origin":[11.847376,6.0062056,6.0429344],"angle":-22.5,"axis":"z"}}],"display":{"gui":{"rotation":[-150.0,-45.0,180.0]}}}