{
	"credit": "Made with Blockbench",
	"texture_size": [64, 64],
	"textures": {
		"1": "modelengine:entity/nocsy/nocsy_chibi_sparrow_berserker_icon"
	},
	"elements": [
		{
			"from": [4.5, 3.46487, 4.74973],
			"to": [11.5, 9.46487, 11.74973],
			"rotation": {"angle": 0, "axis": "y", "origin": [8, 6.46487, 8.24973]},
			"faces": {
				"north": {"uv": [9.25, 4, 11, 5.5], "texture": "#1"},
				"east": {"uv": [9.25, 5.75, 11, 7.25], "texture": "#1"},
				"south": {"uv": [0, 9.75, 1.75, 11.25], "texture": "#1"},
				"west": {"uv": [2, 9.75, 3.75, 11.25], "texture": "#1"},
				"up": {"uv": [8.75, 10.75, 7, 9], "texture": "#1"},
				"down": {"uv": [10.75, 9, 9, 10.75], "texture": "#1"}
			}
		},
		{
			"from": [8.9, 4.86487, 4.69973],
			"to": [10.9, 6.86487, 4.69973],
			"rotation": {"angle": 0, "axis": "y", "origin": [8, 6.46487, 8.24973]},
			"faces": {
				"north": {"uv": [9.25, 7.5, 9.75, 8], "texture": "#1"},
				"east": {"uv": [9, 4, 9, 4.5], "texture": "#1"},
				"south": {"uv": [9.25, 8.25, 9.75, 8.75], "texture": "#1"},
				"west": {"uv": [4.5, 10.5, 4.5, 11], "texture": "#1"},
				"up": {"uv": [5.25, 10.5, 4.75, 10.5], "texture": "#1"},
				"down": {"uv": [11, 7.5, 10.5, 7.5], "texture": "#1"}
			}
		},
		{
			"from": [5.1, 4.86487, 4.69973],
			"to": [7.1, 6.86487, 4.69973],
			"rotation": {"angle": 0, "axis": "y", "origin": [8, 6.46487, 8.24973]},
			"faces": {
				"north": {"uv": [4, 9.75, 4.5, 10.25], "texture": "#1"},
				"east": {"uv": [10.5, 7.75, 10.5, 8.25], "texture": "#1"},
				"south": {"uv": [4.75, 9.75, 5.25, 10.25], "texture": "#1"},
				"west": {"uv": [4.75, 10.75, 4.75, 11.25], "texture": "#1"},
				"up": {"uv": [11, 8.5, 10.5, 8.5], "texture": "#1"},
				"down": {"uv": [11, 8.75, 10.5, 8.75], "texture": "#1"}
			}
		},
		{
			"from": [5.5, 5.81487, 4.64973],
			"to": [6.2, 6.51487, 4.64973],
			"rotation": {"angle": 0, "axis": "y", "origin": [8, 6.46487, 8.24973]},
			"faces": {
				"north": {"uv": [5.5, 9.75, 5.75, 10], "texture": "#1"},
				"east": {"uv": [5, 10.75, 5, 11], "texture": "#1"},
				"south": {"uv": [6, 9.75, 6.25, 10], "texture": "#1"},
				"west": {"uv": [5.25, 10.75, 5.25, 11], "texture": "#1"},
				"up": {"uv": [5.75, 10.75, 5.5, 10.75], "texture": "#1"},
				"down": {"uv": [6.25, 10.75, 6, 10.75], "texture": "#1"}
			}
		},
		{
			"from": [9.3, 5.81487, 4.64973],
			"to": [10, 6.51487, 4.64973],
			"rotation": {"angle": 0, "axis": "y", "origin": [8, 6.46487, 8.24973]},
			"faces": {
				"north": {"uv": [6.5, 9.75, 6.75, 10], "texture": "#1"},
				"east": {"uv": [6.5, 10.75, 6.5, 11], "texture": "#1"},
				"south": {"uv": [10, 7.5, 10.25, 7.75], "texture": "#1"},
				"west": {"uv": [6.75, 10.75, 6.75, 11], "texture": "#1"},
				"up": {"uv": [11, 7.75, 10.75, 7.75], "texture": "#1"},
				"down": {"uv": [11, 8, 10.75, 8], "texture": "#1"}
			}
		},
		{
			"from": [4.5, 11.0317, 5.63174],
			"to": [11.5, 11.0317, 14.63174],
			"rotation": {"angle": -22.5, "axis": "x", "origin": [8, 8.0317, 9.13174]},
			"faces": {
				"north": {"uv": [10.75, 8.25, 12.5, 8.25], "texture": "#1"},
				"east": {"uv": [7, 11, 9.25, 11], "texture": "#1"},
				"south": {"uv": [11, 9, 12.75, 9], "texture": "#1"},
				"west": {"uv": [11, 9.25, 13.25, 9.25], "texture": "#1"},
				"up": {"uv": [8.75, 2.25, 7, 0], "texture": "#1"},
				"down": {"uv": [8.75, 2.5, 7, 4.75], "texture": "#1"}
			}
		},
		{
			"from": [3.65955, 3.46487, 7.67046],
			"to": [3.65955, 10.46487, 15.67046],
			"rotation": {"angle": -22.5, "axis": "y", "origin": [6.39419, 6.46487, 9.3227]},
			"faces": {
				"north": {"uv": [4, 11, 4, 12.75], "texture": "#1"},
				"east": {"uv": [7, 5, 9, 6.75], "texture": "#1"},
				"south": {"uv": [4.25, 11, 4.25, 12.75], "texture": "#1"},
				"west": {"uv": [7, 7, 9, 8.75], "texture": "#1"},
				"up": {"uv": [5.5, 13, 5.5, 11], "texture": "#1"},
				"down": {"uv": [5.75, 11, 5.75, 13], "texture": "#1"}
			}
		},
		{
			"from": [12.34045, 3.46487, 7.67046],
			"to": [12.34045, 10.46487, 15.67046],
			"rotation": {"angle": 22.5, "axis": "y", "origin": [9.60581, 6.46487, 9.3227]},
			"faces": {
				"north": {"uv": [6, 11, 6, 12.75], "texture": "#1"},
				"east": {"uv": [9, 0, 11, 1.75], "texture": "#1"},
				"south": {"uv": [6.25, 11, 6.25, 12.75], "texture": "#1"},
				"west": {"uv": [9, 2, 11, 3.75], "texture": "#1"},
				"up": {"uv": [9.5, 13, 9.5, 11], "texture": "#1"},
				"down": {"uv": [11, 9.5, 11, 11.5], "texture": "#1"}
			}
		},
		{
			"from": [8, 3.46487, 4.74973],
			"to": [8, 15.46487, 17.74973],
			"rotation": {"angle": 0, "axis": "y", "origin": [7, -6.53513, 6.74973]},
			"faces": {
				"north": {"uv": [9.75, 11, 9.75, 14], "texture": "#1"},
				"east": {"uv": [0, 0, 3.25, 3], "texture": "#1"},
				"south": {"uv": [10, 11, 10, 14], "texture": "#1"},
				"west": {"uv": [0, 3.25, 3.25, 6.25], "texture": "#1"},
				"up": {"uv": [10.25, 14.25, 10.25, 11], "texture": "#1"},
				"down": {"uv": [10.5, 11, 10.5, 14.25], "texture": "#1"}
			}
		},
		{
			"from": [11.93826, 3.46487, 4.85027],
			"to": [11.93826, 15.46487, 17.85027],
			"rotation": {"angle": 22.5, "axis": "y", "origin": [11.93826, 9.46487, 11.35027]},
			"faces": {
				"north": {"uv": [10.75, 11, 10.75, 14], "texture": "#1"},
				"east": {"uv": [3.5, 0, 6.75, 3], "texture": "#1"},
				"south": {"uv": [11.25, 0, 11.25, 3], "texture": "#1"},
				"west": {"uv": [3.5, 3.25, 6.75, 6.25], "texture": "#1"},
				"up": {"uv": [11.25, 6.5, 11.25, 3.25], "texture": "#1"},
				"down": {"uv": [4.5, 11.25, 4.5, 14.5], "texture": "#1"}
			}
		},
		{
			"from": [4.06174, 3.46487, 4.85027],
			"to": [4.06174, 15.46487, 17.85027],
			"rotation": {"angle": -22.5, "axis": "y", "origin": [4.06174, 9.46487, 11.35027]},
			"faces": {
				"north": {"uv": [5, 11.25, 5, 14.25], "texture": "#1"},
				"east": {"uv": [0, 6.5, 3.25, 9.5], "texture": "#1"},
				"south": {"uv": [5.25, 11.25, 5.25, 14.25], "texture": "#1"},
				"west": {"uv": [3.5, 6.5, 6.75, 9.5], "texture": "#1"},
				"up": {"uv": [6.5, 14.5, 6.5, 11.25], "texture": "#1"},
				"down": {"uv": [6.75, 11.25, 6.75, 14.5], "texture": "#1"}
			}
		},
		{
			"from": [7.60544, 4.38746, 4.09749],
			"to": [8.60544, 5.38746, 5.09749],
			"rotation": {"angle": 45, "axis": "y", "origin": [8, 5.06487, 4.84973]},
			"faces": {
				"north": {"uv": [10, 8, 10.25, 8.25], "texture": "#1"},
				"east": {"uv": [10, 8.5, 10.25, 8.75], "texture": "#1"},
				"south": {"uv": [5.5, 10.25, 5.75, 10.5], "texture": "#1"},
				"west": {"uv": [6, 10.25, 6.25, 10.5], "texture": "#1"},
				"up": {"uv": [6.75, 10.5, 6.5, 10.25], "texture": "#1"},
				"down": {"uv": [4.25, 10.5, 4, 10.75], "texture": "#1"}
			}
		}
	],
	"gui_light": "front",
	"display": {
		"gui": {
			"rotation": [-169.95, 22.41, 179.6],
			"translation": [-1, -0.25, 0],
			"scale": [1.25, 1.25, 1.25]
		}
	},
	"groups": [
		{
			"name": "h_head",
			"origin": [8, 6.46487, 8.24973],
			"rotation": [6.5, 0, 0],
			"color": 0,
			"children": [
				0,
				1,
				2,
				3,
				4,
				5,
				6,
				7,
				8,
				9,
				10,
				{
					"name": "h_beak",
					"origin": [8, 5.06487, 4.84973],
					"rotation": [72.5, 0, 0],
					"color": 0,
					"children": [11]
				}
			]
		}
	]
}