{"textures":{"0":"nocsy/toffy_yarn","particle":"#0"},"elements":[{"from":[3.6577978,6.5183153,5.1625],"to":[8.657798,8.518315,5.1625],"faces":{"east":{"uv":[10.5,1.5,12.0,2.5],"tintindex":0,"rotation":0,"texture":"#0"},"south":{"uv":[10.5,0.0,13.0,1.0],"tintindex":0,"rotation":0,"texture":"#0"},"north":{"uv":[0.0,10.5,2.5,11.5],"tintindex":0,"rotation":0,"texture":"#0"},"west":{"uv":[0.0,12.0,1.5,13.0],"tintindex":0,"rotation":0,"texture":"#0"},"up":{"uv":[12.5,5.0,10.0,3.5],"tintindex":0,"rotation":0,"texture":"#0"},"down":{"uv":[9.0,10.0,6.5,11.5],"tintindex":0,"rotation":0,"texture":"#0"}},"rotation":{"origin":[8.157798,8.268315,6.1875],"angle":22.5,"axis":"z"}},{"from":[5.407798,5.5183153,5.1875],"to":[10.907798,11.018315,10.6875],"faces":{"east":{"uv":[0.0,3.5,3.0,6.5],"tintindex":0,"rotation":0,"texture":"#0"},"south":{"uv":[3.5,0.0,6.5,3.0],"tintindex":0,"rotation":0,"texture":"#0"},"north":{"uv":[0.0,0.0,3.0,3.0],"tintindex":0,"rotation":0,"texture":"#0"},"west":{"uv":[3.5,3.5,6.5,6.5],"tintindex":0,"rotation":0,"texture":"#0"},"up":{"uv":[3.0,10.0,0.0,7.0],"tintindex":0,"rotation":0,"texture":"#0"},"down":{"uv":[10.0,0.0,7.0,3.0],"tintindex":0,"rotation":0,"texture":"#0"}}},{"from":[3.6577978,6.5183153,5.1625],"to":[3.6577978,8.518315,7.1625],"faces":{"east":{"uv":[10.5,1.5,11.5,2.5],"tintindex":0,"rotation":0,"texture":"#0"},"south":{"uv":[10.5,0.0,13.0,1.0],"tintindex":0,"rotation":0,"texture":"#0"},"north":{"uv":[0.0,10.5,2.5,11.5],"tintindex":0,"rotation":0,"texture":"#0"},"west":{"uv":[0.0,12.0,1.0,13.0],"tintindex":0,"rotation":0,"texture":"#0"},"up":{"uv":[12.5,5.0,10.0,3.5],"tintindex":0,"rotation":0,"texture":"#0"},"down":{"uv":[9.0,10.0,6.5,11.5],"tintindex":0,"rotation":0,"texture":"#0"}},"rotation":{"origin":[8.157798,8.268315,6.1875],"angle":22.5,"axis":"z"}},{"from":[5.657798,5.7683153,5.4375],"to":[10.657798,10.768315,10.4375],"faces":{"east":{"uv":[7.0,3.5,9.5,6.0],"tintindex":0,"rotation":0,"texture":"#0"},"south":{"uv":[6.5,7.0,9.0,9.5],"tintindex":0,"rotation":0,"texture":"#0"},"north":{"uv":[3.5,7.0,6.0,9.5],"tintindex":0,"rotation":0,"texture":"#0"},"west":{"uv":[9.5,6.5,12.0,9.0],"tintindex":0,"rotation":0,"texture":"#0"},"up":{"uv":[12.0,12.0,9.5,9.5],"tintindex":0,"rotation":0,"texture":"#0"},"down":{"uv":[6.0,10.0,3.5,12.5],"tintindex":0,"rotation":0,"texture":"#0"}}}],"display":{"gui":{"rotation":[-150.0,-45.0,180.0]}}}