{"textures":{"0":"modelengine:entity/volcano_lizard_ascendant","1":"modelengine:entity/fire_head5_anim","particle":"#0"},"elements":[{"from":[7.5,9.0,8.0],"to":[8.5,10.0,10.0],"faces":{"east":{"uv":[10.875,6.75,11.375,7.0],"tintindex":0,"rotation":0,"texture":"#0"},"south":{"uv":[13.5,10.5,13.75,10.75],"tintindex":0,"rotation":0,"texture":"#0"},"north":{"uv":[10.25,13.5,10.5,13.75],"tintindex":0,"rotation":0,"texture":"#0"},"west":{"uv":[8.0,11.25,8.5,11.5],"tintindex":0,"rotation":0,"texture":"#0"},"up":{"uv":[4.375,9.75,4.125,9.25],"tintindex":0,"rotation":0,"texture":"#0"},"down":{"uv":[6.625,9.875,6.375,10.375],"tintindex":0,"rotation":0,"texture":"#0"}}},{"from":[6.0,8.0,3.0],"to":[10.0,11.0,8.0],"faces":{"east":{"uv":[8.75,0.875,10.0,1.625],"tintindex":0,"rotation":0,"texture":"#0"},"south":{"uv":[10.125,0.625,11.125,1.375],"tintindex":0,"rotation":0,"texture":"#0"},"north":{"uv":[9.25,10.0,10.25,10.75],"tintindex":0,"rotation":0,"texture":"#0"},"west":{"uv":[8.75,1.75,10.0,2.5],"tintindex":0,"rotation":0,"texture":"#0"},"up":{"uv":[5.5,8.625,4.5,7.375],"tintindex":0,"rotation":0,"texture":"#0"},"down":{"uv":[6.625,7.375,5.625,8.625],"tintindex":0,"rotation":0,"texture":"#0"}}},{"from":[8.0,7.25,5.5],"to":[8.0,7.25,5.5],"faces":{"east":{"uv":[12.0,9.75,13.25,9.375],"tintindex":0,"rotation":0,"texture":"#0"},"south":{"uv":[4.125,12.875,5.125,12.5],"tintindex":0,"rotation":0,"texture":"#0"},"north":{"uv":[6.625,12.875,7.625,12.5],"tintindex":0,"rotation":0,"texture":"#0"},"west":{"uv":[6.625,12.375,7.875,12.0],"tintindex":0,"rotation":0,"texture":"#0"},"up":{"uv":[8.875,4.0,7.875,2.75],"tintindex":0,"rotation":0,"texture":"#0"},"down":{"uv":[8.625,2.625,7.625,1.375],"tintindex":0,"rotation":0,"texture":"#0"}}},{"from":[6.0,6.5,3.0],"to":[10.0,8.0,8.0],"faces":{"east":{"uv":[6.625,12.0,7.875,12.375],"tintindex":0,"rotation":0,"texture":"#0"},"south":{"uv":[6.625,12.5,7.625,12.875],"tintindex":0,"rotation":0,"texture":"#0"},"north":{"uv":[4.125,12.5,5.125,12.875],"tintindex":0,"rotation":0,"texture":"#0"},"west":{"uv":[12.0,9.375,13.25,9.75],"tintindex":0,"rotation":0,"texture":"#0"},"up":{"uv":[8.625,2.625,7.625,1.375],"tintindex":0,"rotation":0,"texture":"#0"},"down":{"uv":[8.875,2.75,7.875,4.0],"tintindex":0,"rotation":0,"texture":"#0"}}},{"from":[8.0,6.0,-4.0],"to":[8.0,22.0,12.0],"faces":{"east":{"uv":[12.0,8.0,4.0,16.0],"tintindex":0,"rotation":0,"texture":"#1"},"west":{"uv":[4.0,8.0,12.0,16.0],"tintindex":0,"rotation":0,"texture":"#1"}}},{"from":[5.75,6.5,6.5],"to":[10.25,8.5,8.5],"faces":{"east":{"uv":[0.0,11.0,0.5,11.5],"tintindex":0,"rotation":0,"texture":"#0"},"south":{"uv":[11.5,7.375,12.625,7.875],"tintindex":0,"rotation":0,"texture":"#0"},"north":{"uv":[11.5,6.75,12.625,7.25],"tintindex":0,"rotation":0,"texture":"#0"},"west":{"uv":[5.25,12.5,5.75,13.0],"tintindex":0,"rotation":0,"texture":"#0"},"up":{"uv":[2.5,12.125,1.375,11.625],"tintindex":0,"rotation":0,"texture":"#0"},"down":{"uv":[9.125,11.625,8.0,12.125],"tintindex":0,"rotation":0,"texture":"#0"}}},{"from":[0.0,6.0,4.0],"to":[16.0,22.0,4.0],"faces":{"south":{"uv":[4.0,8.0,12.0,16.0],"tintindex":0,"rotation":0,"texture":"#1"},"north":{"uv":[4.0,8.0,12.0,16.0],"tintindex":0,"rotation":0,"texture":"#1"}}}],"display":{"gui":{"rotation":[-150.0,-45.0,180.0]}}}