{"textures":{"0":"modelengine:entity/volcano_lizard_ascendant","particle":"#0"},"elements":[{"from":[6.0,7.0,6.0],"to":[9.0,10.0,16.0],"faces":{"east":{"uv":[1.25,12.0,0.0,12.375],"tintindex":0,"rotation":0,"texture":"#0"},"south":{"uv":[6.5,4.5,6.875,4.875],"tintindex":0,"rotation":0,"texture":"#0"},"north":{"uv":[1.125,6.5,1.5,6.875],"tintindex":0,"rotation":0,"texture":"#0"},"west":{"uv":[0.0,12.0,1.25,12.375],"tintindex":0,"rotation":0,"texture":"#0"},"up":{"uv":[1.0,10.625,0.625,9.375],"tintindex":0,"rotation":0,"texture":"#0"},"down":{"uv":[6.5,12.0,6.125,13.25],"tintindex":0,"rotation":0,"texture":"#0"}}}],"display":{"head":{"rotation":[0.0,0.0,0.0]},"firstperson_righthand":{"rotation":[0.0,0.0,0.0]},"thirdperson_lefthand":{"rotation":[0.0,-0.0,-0.0]},"firstperson_lefthand":{"rotation":[0.0,-0.0,-0.0]},"fixed":{"rotation":[0.0,0.0,0.0]},"ground":{"rotation":[0.0,0.0,0.0]},"thirdperson_righthand":{"rotation":[0.0,0.0,0.0]},"gui":{"rotation":[-150.0,-45.0,180.0]}}}