{"textures":{"0":"modelengine:entity/volcano_lizard_ascendant","particle":"#0"},"elements":[{"from":[6.15673,7.059469,5.36416],"to":[9.156731,9.059469,13.36416],"faces":{"east":{"uv":[13.75,7.375,12.75,7.625],"tintindex":0,"rotation":0,"texture":"#0"},"south":{"uv":[8.25,13.125,8.625,13.375],"tintindex":0,"rotation":0,"texture":"#0"},"north":{"uv":[7.75,13.125,8.125,13.375],"tintindex":0,"rotation":0,"texture":"#0"},"west":{"uv":[12.75,7.375,13.75,7.625],"tintindex":0,"rotation":0,"texture":"#0"},"up":{"uv":[0.875,13.5,0.5,12.5],"tintindex":0,"rotation":0,"texture":"#0"},"down":{"uv":[0.875,12.5,0.5,13.5],"tintindex":0,"rotation":0,"texture":"#0"}}}],"display":{"gui":{"rotation":[-150.0,-45.0,180.0]}}}