{"textures":{"0":"modelengine:entity/volcano_lizard_ascendant","particle":"#0"},"elements":[{"from":[6.0,7.0,6.0],"to":[10.0,10.0,21.0],"faces":{"east":{"uv":[10.5,3.625,12.375,4.0],"tintindex":0,"rotation":0,"texture":"#0"},"south":{"uv":[13.0,0.0,13.5,0.375],"tintindex":0,"rotation":0,"texture":"#0"},"north":{"uv":[12.875,2.5,13.375,2.875],"tintindex":0,"rotation":0,"texture":"#0"},"west":{"uv":[10.5,8.375,12.375,8.75],"tintindex":0,"rotation":0,"texture":"#0"},"up":{"uv":[7.875,10.5,7.375,8.625],"tintindex":0,"rotation":0,"texture":"#0"},"down":{"uv":[7.875,8.625,7.375,10.5],"tintindex":0,"rotation":0,"texture":"#0"}}}],"display":{"gui":{"rotation":[-150.0,-45.0,180.0]}}}