{"textures":{"0":"modelengine:entity/volcano_lizard_ascendant","particle":"#0"},"elements":[{"from":[6.0,7.0,6.0],"to":[10.0,10.0,18.0],"faces":{"east":{"uv":[13.0,5.25,11.5,5.625],"tintindex":0,"rotation":0,"texture":"#0"},"south":{"uv":[13.0,1.0,13.5,1.375],"tintindex":0,"rotation":0,"texture":"#0"},"north":{"uv":[13.0,0.5,13.5,0.875],"tintindex":0,"rotation":0,"texture":"#0"},"west":{"uv":[11.5,5.25,13.0,5.625],"tintindex":0,"rotation":0,"texture":"#0"},"up":{"uv":[10.375,9.875,9.875,8.375],"tintindex":0,"rotation":0,"texture":"#0"},"down":{"uv":[10.375,8.375,9.875,9.875],"tintindex":0,"rotation":0,"texture":"#0"}}}],"display":{"gui":{"rotation":[-150.0,-45.0,180.0]}}}