{"textures":{"0":"modelengine:entity/volcano_lizard_ascendant","particle":"#0"},"elements":[{"from":[7.0,7.0,7.0],"to":[9.0,9.0,14.0],"faces":{"east":{"uv":[12.75,10.875,13.625,11.125],"tintindex":0,"rotation":0,"texture":"#0"},"south":{"uv":[13.5,10.125,13.75,10.375],"tintindex":0,"rotation":0,"texture":"#0"},"north":{"uv":[9.875,13.5,10.125,13.75],"tintindex":0,"rotation":0,"texture":"#0"},"west":{"uv":[12.75,11.25,13.625,11.5],"tintindex":0,"rotation":0,"texture":"#0"},"up":{"uv":[13.125,12.5,12.875,11.625],"tintindex":0,"rotation":0,"texture":"#0"},"down":{"uv":[13.125,12.625,12.875,13.5],"tintindex":0,"rotation":0,"texture":"#0"}}}],"display":{"head":{"rotation":[0.0,0.0,0.0]},"firstperson_righthand":{"rotation":[0.0,0.0,0.0]},"thirdperson_lefthand":{"rotation":[0.0,-0.0,-0.0]},"firstperson_lefthand":{"rotation":[0.0,-0.0,-0.0]},"fixed":{"rotation":[0.0,0.0,0.0]},"ground":{"rotation":[0.0,0.0,0.0]},"thirdperson_righthand":{"rotation":[0.0,0.0,0.0]},"gui":{"rotation":[-150.0,-45.0,180.0]}}}