{"textures":{"0":"modelengine:entity/volcano_lizard_ascendant","particle":"#0"},"elements":[{"from":[7.0,6.7144203,4.46791],"to":[10.0,8.71442,12.46791],"faces":{"east":{"uv":[13.75,6.625,12.75,6.875],"tintindex":0,"rotation":0,"texture":"#0"},"south":{"uv":[5.625,13.125,6.0,13.375],"tintindex":0,"rotation":0,"texture":"#0"},"north":{"uv":[5.125,13.125,5.5,13.375],"tintindex":0,"rotation":0,"texture":"#0"},"west":{"uv":[12.75,6.625,13.75,6.875],"tintindex":0,"rotation":0,"texture":"#0"},"up":{"uv":[4.0,13.25,3.625,12.25],"tintindex":0,"rotation":0,"texture":"#0"},"down":{"uv":[4.0,12.25,3.625,13.25],"tintindex":0,"rotation":0,"texture":"#0"}}}],"display":{"gui":{"rotation":[-150.0,-45.0,180.0]}}}