{"textures":{"0":"modelengine:entity/volcano_lizard_ascendant","particle":"#0"},"elements":[{"from":[7.0,7.0,7.0],"to":[9.0,9.0,14.0],"faces":{"east":{"uv":[11.25,1.125,12.125,1.375],"tintindex":0,"rotation":0,"texture":"#0"},"south":{"uv":[13.5,9.75,13.75,10.0],"tintindex":0,"rotation":0,"texture":"#0"},"north":{"uv":[9.5,13.5,9.75,13.75],"tintindex":0,"rotation":0,"texture":"#0"},"west":{"uv":[11.5,8.0,12.375,8.25],"tintindex":0,"rotation":0,"texture":"#0"},"up":{"uv":[8.25,9.5,8.0,8.625],"tintindex":0,"rotation":0,"texture":"#0"},"down":{"uv":[1.25,12.5,1.0,13.375],"tintindex":0,"rotation":0,"texture":"#0"}}}],"display":{"gui":{"rotation":[-150.0,-45.0,180.0]}}}