{"textures":{"0":"modelengine:entity/volcano_lizard_ascendant","particle":"#0"},"elements":[{"from":[6.0,7.0,6.0],"to":[10.0,10.0,22.0],"faces":{"east":{"uv":[10.125,1.5,12.125,1.875],"tintindex":0,"rotation":0,"texture":"#0"},"south":{"uv":[13.0,2.0,13.5,2.375],"tintindex":0,"rotation":0,"texture":"#0"},"north":{"uv":[13.0,1.5,13.5,1.875],"tintindex":0,"rotation":0,"texture":"#0"},"west":{"uv":[10.125,2.0,12.125,2.375],"tintindex":0,"rotation":0,"texture":"#0"},"up":{"uv":[8.875,9.5,8.375,7.5],"tintindex":0,"rotation":0,"texture":"#0"},"down":{"uv":[7.25,8.625,6.75,10.625],"tintindex":0,"rotation":0,"texture":"#0"}}}],"display":{"gui":{"rotation":[-150.0,-45.0,180.0]}}}