{"textures":{"0":"modelengine:entity/volcano_lizard_ascendant","particle":"#0"},"elements":[{"from":[4.0125,6.5,0.025001526],"to":[11.9875,9.5,8.0],"faces":{"east":{"uv":[9.5,12.5,10.5,12.875],"tintindex":0,"rotation":0,"texture":"#0"},"south":{"uv":[10.625,12.5,11.625,12.875],"tintindex":0,"rotation":0,"texture":"#0"},"north":{"uv":[12.5,8.0,13.5,8.375],"tintindex":0,"rotation":0,"texture":"#0"},"west":{"uv":[11.75,12.5,12.75,12.875],"tintindex":0,"rotation":0,"texture":"#0"},"up":{"uv":[9.375,6.25,8.375,5.25],"tintindex":0,"rotation":0,"texture":"#0"},"down":{"uv":[9.375,6.375,8.375,7.375],"tintindex":0,"rotation":0,"texture":"#0"}}}],"display":{"gui":{"rotation":[-150.0,-45.0,180.0]}}}