{"textures":{"0":"modelengine:entity/volcano_lizard_ascendant","particle":"#0"},"elements":[{"from":[6.0,3.0,5.0],"to":[11.0,11.0,11.0],"faces":{"east":{"uv":[2.5,10.5,1.75,11.5],"tintindex":0,"rotation":0,"texture":"#0"},"south":{"uv":[11.25,10.625,11.875,11.625],"tintindex":0,"rotation":0,"texture":"#0"},"north":{"uv":[11.25,9.5,11.875,10.5],"tintindex":0,"rotation":0,"texture":"#0"},"west":{"uv":[1.75,10.5,2.5,11.5],"tintindex":0,"rotation":0,"texture":"#0"},"up":{"uv":[12.625,10.625,12.0,9.875],"tintindex":0,"rotation":0,"texture":"#0"},"down":{"uv":[12.625,10.75,12.0,11.5],"tintindex":0,"rotation":0,"texture":"#0"}}}],"display":{"gui":{"rotation":[-150.0,-45.0,180.0]}}}