{"textures":{"0":"modelengine:entity/volcano_lizard_ascendant","particle":"#0"},"elements":[{"from":[5.0,3.0,5.0],"to":[10.0,11.0,11.0],"faces":{"east":{"uv":[2.5,10.5,1.75,11.5],"tintindex":0,"rotation":0,"texture":"#0"},"south":{"uv":[11.875,10.625,11.25,11.625],"tintindex":0,"rotation":0,"texture":"#0"},"north":{"uv":[11.875,9.5,11.25,10.5],"tintindex":0,"rotation":0,"texture":"#0"},"west":{"uv":[1.75,10.5,2.5,11.5],"tintindex":0,"rotation":0,"texture":"#0"},"up":{"uv":[12.0,10.625,12.625,9.875],"tintindex":0,"rotation":0,"texture":"#0"},"down":{"uv":[12.0,10.75,12.625,11.5],"tintindex":0,"rotation":0,"texture":"#0"}}}],"display":{"head":{"rotation":[0.0,0.0,0.0]},"firstperson_righthand":{"rotation":[0.0,0.0,0.0]},"thirdperson_lefthand":{"rotation":[0.0,-0.0,-0.0]},"firstperson_lefthand":{"rotation":[0.0,-0.0,-0.0]},"fixed":{"rotation":[0.0,0.0,0.0]},"ground":{"rotation":[0.0,0.0,0.0]},"thirdperson_righthand":{"rotation":[0.0,0.0,0.0]},"gui":{"rotation":[-150.0,-45.0,180.0]}}}