{"textures":{"0":"modelengine:entity/volcano_lizard_ascendant","particle":"#0"},"elements":[{"from":[4.525,6.4038095,-4.4393406],"to":[11.475,11.4038105,0.5606594],"faces":{"east":{"uv":[2.125,12.375,2.75,13.0],"tintindex":0,"rotation":0,"texture":"#0"},"south":{"uv":[5.125,11.75,6.0,12.375],"tintindex":0,"rotation":0,"texture":"#0"},"north":{"uv":[4.125,11.75,5.0,12.375],"tintindex":0,"rotation":0,"texture":"#0"},"west":{"uv":[2.875,12.375,3.5,13.0],"tintindex":0,"rotation":0,"texture":"#0"},"up":{"uv":[10.75,12.375,9.875,11.75],"tintindex":0,"rotation":0,"texture":"#0"},"down":{"uv":[11.75,11.75,10.875,12.375],"tintindex":0,"rotation":0,"texture":"#0"}},"rotation":{"origin":[8.0,7.4038095,-1.9393406],"angle":-45.0,"axis":"x"}},{"from":[4.5,4.0,-3.0],"to":[11.5,12.0,11.0],"faces":{"east":{"uv":[5.125,5.125,6.875,6.125],"tintindex":0,"rotation":0,"texture":"#0"},"south":{"uv":[5.5,8.75,6.375,9.75],"tintindex":0,"rotation":0,"texture":"#0"},"north":{"uv":[4.5,8.75,5.375,9.75],"tintindex":0,"rotation":0,"texture":"#0"},"west":{"uv":[1.625,6.25,3.375,7.25],"tintindex":0,"rotation":0,"texture":"#0"},"up":{"uv":[3.375,9.125,2.5,7.375],"tintindex":0,"rotation":0,"texture":"#0"},"down":{"uv":[4.375,7.375,3.5,9.125],"tintindex":0,"rotation":0,"texture":"#0"}}}],"display":{"head":{"rotation":[0.0,0.0,0.0]},"firstperson_righthand":{"rotation":[0.0,0.0,0.0]},"thirdperson_lefthand":{"rotation":[0.0,-0.0,-0.0]},"firstperson_lefthand":{"rotation":[0.0,-0.0,-0.0]},"fixed":{"rotation":[0.0,0.0,0.0]},"ground":{"rotation":[0.0,0.0,0.0]},"thirdperson_righthand":{"rotation":[0.0,0.0,0.0]},"gui":{"rotation":[-150.0,-45.0,180.0]}}}