{"textures":{"0":"modelengine:entity/volcano_lizard_ascendant","particle":"#0"},"elements":[{"from":[4.0,4.0,5.0],"to":[12.0,12.0,18.0],"faces":{"east":{"uv":[3.5,6.25,5.125,7.25],"tintindex":0,"rotation":0,"texture":"#0"},"south":{"uv":[8.375,4.125,9.375,5.125],"tintindex":0,"rotation":0,"texture":"#0"},"north":{"uv":[0.0,8.25,1.0,9.25],"tintindex":0,"rotation":0,"texture":"#0"},"west":{"uv":[5.25,6.25,6.875,7.25],"tintindex":0,"rotation":0,"texture":"#0"},"up":{"uv":[1.0,8.125,0.0,6.5],"tintindex":0,"rotation":0,"texture":"#0"},"down":{"uv":[7.5,1.375,6.5,3.0],"tintindex":0,"rotation":0,"texture":"#0"}}},{"from":[4.0,12.0,23.0],"to":[6.0,14.0,25.0],"faces":{"east":{"uv":[4.0,13.375,4.25,13.625],"tintindex":0,"rotation":0,"texture":"#0"},"south":{"uv":[4.375,13.375,4.625,13.625],"tintindex":0,"rotation":0,"texture":"#0"},"north":{"uv":[3.625,13.375,3.875,13.625],"tintindex":0,"rotation":0,"texture":"#0"},"west":{"uv":[4.75,13.375,5.0,13.625],"tintindex":0,"rotation":0,"texture":"#0"},"up":{"uv":[6.375,13.625,6.125,13.375],"tintindex":0,"rotation":0,"texture":"#0"},"down":{"uv":[13.625,9.375,13.375,9.625],"tintindex":0,"rotation":0,"texture":"#0"}}},{"from":[2.0,4.0,23.0],"to":[4.0,7.0,25.0],"faces":{"east":{"uv":[8.75,13.0,9.0,13.375],"tintindex":0,"rotation":0,"texture":"#0"},"south":{"uv":[9.125,13.0,9.375,13.375],"tintindex":0,"rotation":0,"texture":"#0"},"north":{"uv":[7.375,13.0,7.625,13.375],"tintindex":0,"rotation":0,"texture":"#0"},"west":{"uv":[9.5,13.0,9.75,13.375],"tintindex":0,"rotation":0,"texture":"#0"},"up":{"uv":[13.75,4.375,13.5,4.125],"tintindex":0,"rotation":0,"texture":"#0"},"down":{"uv":[13.75,4.5,13.5,4.75],"tintindex":0,"rotation":0,"texture":"#0"}}},{"from":[9.0,2.0,23.0],"to":[12.0,4.0,25.0],"faces":{"east":{"uv":[1.375,11.25,1.625,11.5],"tintindex":0,"rotation":0,"texture":"#0"},"south":{"uv":[4.625,13.0,5.0,13.25],"tintindex":0,"rotation":0,"texture":"#0"},"north":{"uv":[13.0,4.125,13.375,4.375],"tintindex":0,"rotation":0,"texture":"#0"},"west":{"uv":[13.25,13.125,13.5,13.375],"tintindex":0,"rotation":0,"texture":"#0"},"up":{"uv":[13.375,6.0,13.0,5.75],"tintindex":0,"rotation":0,"texture":"#0"},"down":{"uv":[13.375,6.125,13.0,6.375],"tintindex":0,"rotation":0,"texture":"#0"}}},{"from":[3.0,3.0,15.0],"to":[13.0,13.0,19.0],"faces":{"east":{"uv":[7.375,10.625,7.875,11.875],"tintindex":0,"rotation":0,"texture":"#0"},"south":{"uv":[7.0,5.875,8.25,7.125],"tintindex":0,"rotation":0,"texture":"#0"},"north":{"uv":[7.0,4.5,8.25,5.75],"tintindex":0,"rotation":0,"texture":"#0"},"west":{"uv":[3.5,10.875,4.0,12.125],"tintindex":0,"rotation":0,"texture":"#0"},"up":{"uv":[3.5,10.875,4.0,12.125],"tintindex":0,"rotation":90,"texture":"#0"},"down":{"uv":[4.0,10.875,3.5,12.125],"tintindex":0,"rotation":90,"texture":"#0"}}},{"from":[12.0,9.0,23.0],"to":[14.0,12.0,25.0],"faces":{"east":{"uv":[10.25,13.0,10.5,13.375],"tintindex":0,"rotation":0,"texture":"#0"},"south":{"uv":[10.625,13.0,10.875,13.375],"tintindex":0,"rotation":0,"texture":"#0"},"north":{"uv":[9.875,13.0,10.125,13.375],"tintindex":0,"rotation":0,"texture":"#0"},"west":{"uv":[11.0,13.0,11.25,13.375],"tintindex":0,"rotation":0,"texture":"#0"},"up":{"uv":[13.75,5.125,13.5,4.875],"tintindex":0,"rotation":0,"texture":"#0"},"down":{"uv":[5.375,13.5,5.125,13.75],"tintindex":0,"rotation":0,"texture":"#0"}}},{"from":[2.0,11.0,23.0],"to":[4.0,14.0,25.0],"faces":{"east":{"uv":[1.375,10.75,1.625,11.125],"tintindex":0,"rotation":0,"texture":"#0"},"south":{"uv":[6.625,13.0,6.875,13.375],"tintindex":0,"rotation":0,"texture":"#0"},"north":{"uv":[8.375,0.875,8.625,1.25],"tintindex":0,"rotation":0,"texture":"#0"},"west":{"uv":[7.0,13.0,7.25,13.375],"tintindex":0,"rotation":0,"texture":"#0"},"up":{"uv":[1.25,13.75,1.0,13.5],"tintindex":0,"rotation":0,"texture":"#0"},"down":{"uv":[13.75,2.5,13.5,2.75],"tintindex":0,"rotation":0,"texture":"#0"}}},{"from":[2.0,2.0,19.0],"to":[14.0,14.0,23.0],"faces":{"east":{"uv":[3.5,9.25,4.0,10.75],"tintindex":0,"rotation":0,"texture":"#0"},"south":{"uv":[3.5,3.25,5.0,4.75],"tintindex":0,"rotation":0,"texture":"#0"},"north":{"uv":[3.5,1.625,5.0,3.125],"tintindex":0,"rotation":0,"texture":"#0"},"west":{"uv":[0.0,9.375,0.5,10.875],"tintindex":0,"rotation":0,"texture":"#0"},"up":{"uv":[0.0,9.375,0.5,10.875],"tintindex":0,"rotation":90,"texture":"#0"},"down":{"uv":[0.5,9.375,0.0,10.875],"tintindex":0,"rotation":90,"texture":"#0"}}}],"display":{"gui":{"rotation":[-150.0,-45.0,180.0]}}}