{"textures":{"0":"modelengine:entity/volcano_lizard_ascendant","particle":"#0"},"elements":[{"from":[10.0,12.0,16.0],"to":[12.0,14.0,18.0],"faces":{"east":{"uv":[7.625,13.5,7.875,13.75],"tintindex":0,"rotation":0,"texture":"#0"},"south":{"uv":[8.0,13.5,8.25,13.75],"tintindex":0,"rotation":0,"texture":"#0"},"north":{"uv":[7.25,13.5,7.5,13.75],"tintindex":0,"rotation":0,"texture":"#0"},"west":{"uv":[8.375,13.5,8.625,13.75],"tintindex":0,"rotation":0,"texture":"#0"},"up":{"uv":[9.0,13.75,8.75,13.5],"tintindex":0,"rotation":0,"texture":"#0"},"down":{"uv":[9.375,13.5,9.125,13.75],"tintindex":0,"rotation":0,"texture":"#0"}}},{"from":[3.0,3.0,7.0],"to":[13.0,13.0,12.0],"faces":{"east":{"uv":[9.875,10.875,9.25,12.125],"tintindex":0,"rotation":0,"texture":"#0"},"south":{"uv":[1.125,7.375,2.375,8.625],"tintindex":0,"rotation":0,"texture":"#0"},"north":{"uv":[7.0,7.25,8.25,8.5],"tintindex":0,"rotation":0,"texture":"#0"},"west":{"uv":[9.25,10.875,9.875,12.125],"tintindex":0,"rotation":0,"texture":"#0"},"up":{"uv":[9.25,10.875,9.875,12.125],"tintindex":0,"rotation":90,"texture":"#0"},"down":{"uv":[9.875,10.875,9.25,12.125],"tintindex":0,"rotation":90,"texture":"#0"}}},{"from":[4.0,2.0,16.0],"to":[7.0,4.0,18.0],"faces":{"east":{"uv":[9.5,7.125,9.75,7.375],"tintindex":0,"rotation":0,"texture":"#0"},"south":{"uv":[7.875,4.125,8.25,4.375],"tintindex":0,"rotation":0,"texture":"#0"},"north":{"uv":[1.125,7.0,1.5,7.25],"tintindex":0,"rotation":0,"texture":"#0"},"west":{"uv":[8.625,9.625,8.875,9.875],"tintindex":0,"rotation":0,"texture":"#0"},"up":{"uv":[0.375,11.875,0.0,11.625],"tintindex":0,"rotation":0,"texture":"#0"},"down":{"uv":[4.5,13.0,4.125,13.25],"tintindex":0,"rotation":0,"texture":"#0"}}},{"from":[12.0,11.0,16.0],"to":[14.0,14.0,18.0],"faces":{"east":{"uv":[3.25,13.125,3.5,13.5],"tintindex":0,"rotation":0,"texture":"#0"},"south":{"uv":[13.125,4.5,13.375,4.875],"tintindex":0,"rotation":0,"texture":"#0"},"north":{"uv":[2.875,13.125,3.125,13.5],"tintindex":0,"rotation":0,"texture":"#0"},"west":{"uv":[13.125,5.0,13.375,5.375],"tintindex":0,"rotation":0,"texture":"#0"},"up":{"uv":[6.75,13.75,6.5,13.5],"tintindex":0,"rotation":0,"texture":"#0"},"down":{"uv":[7.125,13.5,6.875,13.75],"tintindex":0,"rotation":0,"texture":"#0"}}},{"from":[2.0,2.0,12.0],"to":[14.0,14.0,16.0],"faces":{"east":{"uv":[8.0,9.625,8.5,11.125],"tintindex":0,"rotation":0,"texture":"#0"},"south":{"uv":[0.0,4.875,1.5,6.375],"tintindex":0,"rotation":0,"texture":"#0"},"north":{"uv":[1.625,3.75,3.125,5.25],"tintindex":0,"rotation":0,"texture":"#0"},"west":{"uv":[5.75,9.875,6.25,11.375],"tintindex":0,"rotation":0,"texture":"#0"},"up":{"uv":[5.75,9.875,6.25,11.375],"tintindex":0,"rotation":90,"texture":"#0"},"down":{"uv":[6.25,9.875,5.75,11.375],"tintindex":0,"rotation":90,"texture":"#0"}}},{"from":[2.0,9.0,16.0],"to":[4.0,12.0,18.0],"faces":{"east":{"uv":[11.75,13.0,12.0,13.375],"tintindex":0,"rotation":0,"texture":"#0"},"south":{"uv":[12.125,13.0,12.375,13.375],"tintindex":0,"rotation":0,"texture":"#0"},"north":{"uv":[11.375,13.0,11.625,13.375],"tintindex":0,"rotation":0,"texture":"#0"},"west":{"uv":[12.5,13.0,12.75,13.375],"tintindex":0,"rotation":0,"texture":"#0"},"up":{"uv":[13.75,5.5,13.5,5.25],"tintindex":0,"rotation":0,"texture":"#0"},"down":{"uv":[5.75,13.5,5.5,13.75],"tintindex":0,"rotation":0,"texture":"#0"}}},{"from":[12.0,4.0,16.0],"to":[14.0,7.0,18.0],"faces":{"east":{"uv":[1.75,13.125,2.0,13.5],"tintindex":0,"rotation":0,"texture":"#0"},"south":{"uv":[2.125,13.125,2.375,13.5],"tintindex":0,"rotation":0,"texture":"#0"},"north":{"uv":[1.375,13.125,1.625,13.5],"tintindex":0,"rotation":0,"texture":"#0"},"west":{"uv":[2.5,13.125,2.75,13.5],"tintindex":0,"rotation":0,"texture":"#0"},"up":{"uv":[13.75,5.875,13.5,5.625],"tintindex":0,"rotation":0,"texture":"#0"},"down":{"uv":[13.75,6.0,13.5,6.25],"tintindex":0,"rotation":0,"texture":"#0"}}}],"display":{"head":{"rotation":[0.0,0.0,0.0]},"firstperson_righthand":{"rotation":[0.0,0.0,0.0]},"thirdperson_lefthand":{"rotation":[0.0,-0.0,-0.0]},"firstperson_lefthand":{"rotation":[0.0,-0.0,-0.0]},"fixed":{"rotation":[0.0,0.0,0.0]},"ground":{"rotation":[0.0,0.0,0.0]},"thirdperson_righthand":{"rotation":[0.0,0.0,0.0]},"gui":{"rotation":[-150.0,-45.0,180.0]}}}