{"textures":{"0":"modelengine:entity/volcano_lizard_ascendant","particle":"#0"},"elements":[{"from":[6.0,-1.0,8.0],"to":[11.0,8.0,14.0],"faces":{"east":{"uv":[9.75,8.75,9.0,9.875],"tintindex":0,"rotation":0,"texture":"#0"},"south":{"uv":[4.875,10.5,5.5,11.625],"tintindex":0,"rotation":0,"texture":"#0"},"north":{"uv":[4.125,10.5,4.75,11.625],"tintindex":0,"rotation":0,"texture":"#0"},"west":{"uv":[9.0,8.75,9.75,9.875],"tintindex":0,"rotation":0,"texture":"#0"},"up":{"uv":[12.75,3.25,12.125,2.5],"tintindex":0,"rotation":0,"texture":"#0"},"down":{"uv":[12.875,0.0,12.25,0.75],"tintindex":0,"rotation":0,"texture":"#0"}}},{"from":[6.0,-1.0,6.0],"to":[11.0,2.0,8.0],"faces":{"east":{"uv":[13.25,8.875,13.5,9.25],"tintindex":0,"rotation":0,"texture":"#0"},"south":{"uv":[10.5,9.5,11.125,9.875],"tintindex":0,"rotation":0,"texture":"#0"},"north":{"uv":[1.75,8.75,2.375,9.125],"tintindex":0,"rotation":0,"texture":"#0"},"west":{"uv":[13.25,11.625,13.5,12.0],"tintindex":0,"rotation":0,"texture":"#0"},"up":{"uv":[12.125,6.0,11.5,5.75],"tintindex":0,"rotation":0,"texture":"#0"},"down":{"uv":[13.5,3.0,12.875,3.25],"tintindex":0,"rotation":0,"texture":"#0"}}}],"display":{"gui":{"rotation":[-150.0,-45.0,180.0]}}}