{"textures":{"0":"modelengine:entity/volcano_lizard_ascendant","particle":"#0"},"elements":[{"from":[5.0,-1.0,6.0],"to":[10.0,2.0,8.0],"faces":{"east":{"uv":[13.5,11.625,13.25,12.0],"tintindex":0,"rotation":0,"texture":"#0"},"south":{"uv":[11.125,9.5,10.5,9.875],"tintindex":0,"rotation":0,"texture":"#0"},"north":{"uv":[2.375,8.75,1.75,9.125],"tintindex":0,"rotation":0,"texture":"#0"},"west":{"uv":[13.5,8.875,13.25,9.25],"tintindex":0,"rotation":0,"texture":"#0"},"up":{"uv":[11.5,6.0,12.125,5.75],"tintindex":0,"rotation":0,"texture":"#0"},"down":{"uv":[12.875,3.0,13.5,3.25],"tintindex":0,"rotation":0,"texture":"#0"}}},{"from":[5.0,-1.0,8.0],"to":[10.0,8.0,14.0],"faces":{"east":{"uv":[9.75,8.75,9.0,9.875],"tintindex":0,"rotation":0,"texture":"#0"},"south":{"uv":[5.5,10.5,4.875,11.625],"tintindex":0,"rotation":0,"texture":"#0"},"north":{"uv":[4.75,10.5,4.125,11.625],"tintindex":0,"rotation":0,"texture":"#0"},"west":{"uv":[9.0,8.75,9.75,9.875],"tintindex":0,"rotation":0,"texture":"#0"},"up":{"uv":[12.125,3.25,12.75,2.5],"tintindex":0,"rotation":0,"texture":"#0"},"down":{"uv":[12.25,0.0,12.875,0.75],"tintindex":0,"rotation":0,"texture":"#0"}}}],"display":{"gui":{"rotation":[-150.0,-45.0,180.0]}}}