{"textures":{"0":"modelengine:entity/volcano_lizard_ascendant","particle":"#0"},"elements":[{"from":[2.0,2.0,1.0],"to":[14.0,14.0,15.0],"faces":{"east":{"uv":[0.0,0.0,1.75,1.5],"tintindex":0,"rotation":0,"texture":"#0"},"south":{"uv":[3.5,0.0,5.0,1.5],"tintindex":0,"rotation":0,"texture":"#0"},"north":{"uv":[0.0,3.25,1.5,4.75],"tintindex":0,"rotation":0,"texture":"#0"},"west":{"uv":[0.0,1.625,1.75,3.125],"tintindex":0,"rotation":0,"texture":"#0"},"up":{"uv":[3.375,1.75,1.875,0.0],"tintindex":0,"rotation":0,"texture":"#0"},"down":{"uv":[3.375,1.875,1.875,3.625],"tintindex":0,"rotation":0,"texture":"#0"}}},{"from":[3.0,2.0,-2.0],"to":[13.0,7.0,3.0],"faces":{"east":{"uv":[12.25,1.75,12.875,2.375],"tintindex":0,"rotation":0,"texture":"#0"},"south":{"uv":[9.5,4.875,10.75,5.5],"tintindex":0,"rotation":0,"texture":"#0"},"north":{"uv":[9.5,4.125,10.75,4.75],"tintindex":0,"rotation":0,"texture":"#0"},"west":{"uv":[8.75,12.25,9.375,12.875],"tintindex":0,"rotation":0,"texture":"#0"},"up":{"uv":[10.75,6.25,9.5,5.625],"tintindex":0,"rotation":0,"texture":"#0"},"down":{"uv":[10.75,6.375,9.5,7.0],"tintindex":0,"rotation":0,"texture":"#0"}},"rotation":{"origin":[8.0,4.5,1.0],"angle":-45.0,"axis":"x"}},{"from":[2.5,6.0,-2.0],"to":[13.5,11.0,4.0],"faces":{"east":{"uv":[2.625,11.625,3.375,12.25],"tintindex":0,"rotation":0,"texture":"#0"},"south":{"uv":[9.0,3.375,10.375,4.0],"tintindex":0,"rotation":0,"texture":"#0"},"north":{"uv":[9.0,2.625,10.375,3.25],"tintindex":0,"rotation":0,"texture":"#0"},"west":{"uv":[11.875,11.75,12.625,12.375],"tintindex":0,"rotation":0,"texture":"#0"},"up":{"uv":[3.0,6.125,1.625,5.375],"tintindex":0,"rotation":0,"texture":"#0"},"down":{"uv":[9.75,0.0,8.375,0.75],"tintindex":0,"rotation":0,"texture":"#0"}},"rotation":{"origin":[8.0,6.5,2.0],"angle":-22.5,"axis":"x"}}],"display":{"head":{"rotation":[0.0,0.0,0.0]},"firstperson_righthand":{"rotation":[0.0,0.0,0.0]},"thirdperson_lefthand":{"rotation":[0.0,-0.0,-0.0]},"firstperson_lefthand":{"rotation":[0.0,-0.0,-0.0]},"fixed":{"rotation":[0.0,0.0,0.0]},"ground":{"rotation":[0.0,0.0,0.0]},"thirdperson_righthand":{"rotation":[0.0,0.0,0.0]},"gui":{"rotation":[-150.0,-45.0,180.0]}}}