{"textures":{"0":"modelengine:entity/volcano_lizard_ascendant","particle":"#0"},"elements":[{"from":[3.0,3.0,6.0],"to":[13.0,13.0,20.0],"faces":{"east":{"uv":[3.25,4.875,5.0,6.125],"tintindex":0,"rotation":0,"texture":"#0"},"south":{"uv":[7.0,0.0,8.25,1.25],"tintindex":0,"rotation":0,"texture":"#0"},"north":{"uv":[6.5,3.125,7.75,4.375],"tintindex":0,"rotation":0,"texture":"#0"},"west":{"uv":[5.125,0.0,6.875,1.25],"tintindex":0,"rotation":0,"texture":"#0"},"up":{"uv":[6.375,3.125,5.125,1.375],"tintindex":0,"rotation":0,"texture":"#0"},"down":{"uv":[6.375,3.25,5.125,5.0],"tintindex":0,"rotation":0,"texture":"#0"}}}],"display":{"gui":{"rotation":[-150.0,-45.0,180.0]}}}