{
	"format_version": "1.21.6",
	"credit": "Made with Blockbench",
	"textures": {
		"2": "modelengine:entity/mushroom_chibi_icon"
	},
	"elements": [
		{
			"from": [5, 4, 5],
			"to": [11, 8, 11],
			"rotation": {"angle": 0, "axis": "y", "origin": [8, -6, 8]},
			"faces": {
				"north": {"uv": [7, 4.125, 7.75, 4.625], "texture": "#2"},
				"east": {"uv": [6.75, 7, 7.5, 7.5], "texture": "#2"},
				"south": {"uv": [1.125, 7.5, 1.875, 8], "texture": "#2"},
				"west": {"uv": [2, 7.5, 2.75, 8], "texture": "#2"},
				"up": {"uv": [2.625, 6.75, 1.875, 6], "texture": "#2"},
				"down": {"uv": [7.5, 6.125, 6.75, 6.875], "texture": "#2"}
			}
		},
		{
			"from": [3, 4, 6.5],
			"to": [5, 8, 9.5],
			"rotation": {"angle": 0, "axis": "y", "origin": [3, 4, 8]},
			"faces": {
				"north": {"uv": [7.875, 7.875, 8.125, 8.375], "texture": "#2"},
				"east": {"uv": [4.375, 7.875, 4.75, 8.375], "texture": "#2"},
				"south": {"uv": [1, 8.125, 1.25, 8.625], "texture": "#2"},
				"west": {"uv": [4.875, 7.875, 5.25, 8.375], "texture": "#2"},
				"up": {"uv": [2.375, 8.5, 2.125, 8.125], "texture": "#2"},
				"down": {"uv": [2.75, 8.125, 2.5, 8.5], "texture": "#2"}
			}
		},
		{
			"from": [11, 4, 6.5],
			"to": [13, 8, 9.5],
			"rotation": {"angle": 0, "axis": "y", "origin": [13, 4, 8]},
			"faces": {
				"north": {"uv": [8.125, 7.875, 7.875, 8.375], "texture": "#2"},
				"east": {"uv": [5.25, 7.875, 4.875, 8.375], "texture": "#2"},
				"south": {"uv": [1.25, 8.125, 1, 8.625], "texture": "#2"},
				"west": {"uv": [4.75, 7.875, 4.375, 8.375], "texture": "#2"},
				"up": {"uv": [2.125, 8.5, 2.375, 8.125], "texture": "#2"},
				"down": {"uv": [2.5, 8.125, 2.75, 8.5], "texture": "#2"}
			}
		},
		{
			"from": [4, 8, 4],
			"to": [12, 12, 12],
			"rotation": {"angle": 0, "axis": "y", "origin": [8, 6, 8]},
			"faces": {
				"north": {"uv": [1.875, 6.875, 2.875, 7.375], "texture": "#2"},
				"east": {"uv": [0, 7, 1, 7.5], "texture": "#2"},
				"south": {"uv": [7, 2.875, 8, 3.375], "texture": "#2"},
				"west": {"uv": [7, 3.5, 8, 4], "texture": "#2"},
				"up": {"uv": [6.875, 3.875, 5.875, 2.875], "texture": "#2"},
				"down": {"uv": [6.875, 4, 5.875, 5], "texture": "#2"}
			}
		},
		{
			"from": [-3, 12, -3],
			"to": [19, 15, 19],
			"rotation": {"angle": 0, "axis": "y", "origin": [8, 13.5, 8]},
			"faces": {
				"north": {"uv": [5.875, 0.875, 8.625, 1.25], "texture": "#2"},
				"east": {"uv": [5.875, 1.375, 8.625, 1.75], "texture": "#2"},
				"south": {"uv": [5.875, 1.875, 8.625, 2.25], "texture": "#2"},
				"west": {"uv": [5.875, 2.375, 8.625, 2.75], "texture": "#2"},
				"up": {"uv": [5.75, 2.75, 3, 0], "texture": "#2"},
				"down": {"uv": [5.75, 2.875, 3, 5.625], "texture": "#2"}
			}
		},
		{
			"from": [1, 15, 1],
			"to": [15, 18, 15],
			"rotation": {"angle": 0, "axis": "y", "origin": [8, 15, 8]},
			"faces": {
				"north": {"uv": [5.875, 5.125, 7.625, 5.5], "texture": "#2"},
				"east": {"uv": [0, 6, 1.75, 6.375], "texture": "#2"},
				"south": {"uv": [0, 6.5, 1.75, 6.875], "texture": "#2"},
				"west": {"uv": [6.75, 5.625, 8.5, 6], "texture": "#2"},
				"up": {"uv": [4.75, 7.5, 3, 5.75], "texture": "#2"},
				"down": {"uv": [6.625, 5.75, 4.875, 7.5], "texture": "#2"}
			}
		},
		{
			"name": "cube inverted",
			"from": [19.25, 12.225, 19.25],
			"to": [-3.25, 11.725, -3.25],
			"rotation": {"angle": 0, "axis": "y", "origin": [8.25, 11.975, 8.25]},
			"faces": {
				"north": {"uv": [7, 4.75, 9.875, 4.875], "texture": "#2"},
				"east": {"uv": [2.875, 7.625, 5.75, 7.75], "texture": "#2"},
				"south": {"uv": [5.875, 7.625, 8.75, 7.75], "texture": "#2"},
				"west": {"uv": [7.625, 6.125, 10.5, 6.25], "texture": "#2"},
				"up": {"uv": [2.875, 2.875, 0, 0], "texture": "#2"},
				"down": {"uv": [2.875, 3, 0, 5.875], "texture": "#2"}
			}
		},
		{
			"from": [2.5, 8.5, 3.975],
			"to": [13.5, 10.5, 3.975],
			"rotation": {"angle": 0, "axis": "y", "origin": [7.5, 5.5, 2.975]},
			"faces": {
				"north": {"uv": [7.625, 6.375, 9, 6.625], "texture": "#2"},
				"east": {"uv": [2.75, 6, 2.75, 6.25], "texture": "#2"},
				"south": {"uv": [9, 6.375, 7.625, 6.625], "texture": "#2"},
				"west": {"uv": [2.75, 6, 2.75, 6.25], "texture": "#2"},
				"up": {"uv": [9, 7.375, 7.625, 7.375], "texture": "#2"},
				"down": {"uv": [9, 7.375, 7.625, 7.375], "texture": "#2"}
			}
		},
		{
			"from": [-2, 8, 8],
			"to": [18, 14, 8],
			"rotation": {"angle": 0, "axis": "y", "origin": [8, 10, 8]},
			"faces": {
				"north": {"uv": [5.875, 0, 8.375, 0.75], "texture": "#2"},
				"east": {"uv": [2.875, 6, 2.875, 6.75], "texture": "#2"},
				"south": {"uv": [8.375, 0, 5.875, 0.75], "texture": "#2"},
				"west": {"uv": [2.875, 6, 2.875, 6.75], "texture": "#2"},
				"up": {"uv": [10.125, 7.5, 7.625, 7.5], "texture": "#2"},
				"down": {"uv": [10.125, 7.5, 7.625, 7.5], "texture": "#2"}
			}
		},
		{
			"from": [5, 0, 6.5],
			"to": [8, 4, 9.5],
			"rotation": {"angle": 0, "axis": "y", "origin": [6, 0, 8]},
			"faces": {
				"north": {"uv": [0, 7.625, 0.375, 8.125], "texture": "#2"},
				"east": {"uv": [0.5, 7.625, 0.875, 8.125], "texture": "#2"},
				"south": {"uv": [7.625, 6.75, 8, 7.25], "texture": "#2"},
				"west": {"uv": [7.75, 5, 8.125, 5.5], "texture": "#2"},
				"up": {"uv": [1.5, 7.375, 1.125, 7], "texture": "#2"},
				"down": {"uv": [6.75, 7.875, 6.375, 8.25], "texture": "#2"}
			}
		},
		{
			"from": [8, 0, 6.5],
			"to": [11, 4, 9.5],
			"rotation": {"angle": 0, "axis": "y", "origin": [10, 0, 8]},
			"faces": {
				"north": {"uv": [0.375, 7.625, 0, 8.125], "texture": "#2"},
				"east": {"uv": [8.125, 5, 7.75, 5.5], "texture": "#2"},
				"south": {"uv": [8, 6.75, 7.625, 7.25], "texture": "#2"},
				"west": {"uv": [0.875, 7.625, 0.5, 8.125], "texture": "#2"},
				"up": {"uv": [1.125, 7.375, 1.5, 7], "texture": "#2"},
				"down": {"uv": [6.375, 7.875, 6.75, 8.25], "texture": "#2"}
			}
		}
	],
	"gui_light": "front",
	"display": {
		"gui": {
			"rotation": [-168, 33.5, -180],
			"translation": [0, -0.75, 0],
			"scale": [0.5, 0.5, 0.5]
		}
	},
	"groups": [
		{
			"name": "root",
			"origin": [0, 0, 0],
			"color": 0,
			"children": [
				{
					"name": "torso",
					"origin": [0, 4, 0],
					"color": 0,
					"children": [
						0,
						{
							"name": "arm_left",
							"origin": [-4, 7, 0],
							"color": 0,
							"children": [1]
						},
						{
							"name": "arm_right",
							"origin": [4, 7, 0],
							"color": 0,
							"children": [2]
						},
						{
							"name": "hi_head",
							"origin": [0, 8, 0],
							"color": 0,
							"children": [
								3,
								4,
								5,
								6,
								7,
								8,
								{
									"name": "mount",
									"origin": [0, 18, 0],
									"color": 0,
									"children": []
								},
								{
									"name": "tag_name",
									"origin": [0, 25, 0],
									"color": 0,
									"children": []
								}
							]
						}
					]
				},
				{
					"name": "leg_left",
					"origin": [-1.5, 5, 0],
					"color": 0,
					"children": [9]
				},
				{
					"name": "leg_right",
					"origin": [1.5, 5, 0],
					"color": 0,
					"children": [10]
				}
			]
		}
	]
}