{"textures":{"0":"modelengine:entity/mushroom_ascendant","particle":"#0"},"elements":[{"from":[6.0,1.0,6.5],"to":[10.0,10.0,10.5],"faces":{"east":{"uv":[2.75,8.75,2.25,9.875],"tintindex":0,"rotation":0,"texture":"#0"},"south":{"uv":[3.375,8.75,2.875,9.875],"tintindex":0,"rotation":0,"texture":"#0"},"north":{"uv":[7.125,8.5,6.625,9.625],"tintindex":0,"rotation":0,"texture":"#0"},"west":{"uv":[8.875,5.375,9.375,6.5],"tintindex":0,"rotation":0,"texture":"#0"},"up":{"uv":[5.25,9.625,4.75,10.125],"tintindex":0,"rotation":0,"texture":"#0"},"down":{"uv":[5.875,9.625,5.375,10.125],"tintindex":0,"rotation":0,"texture":"#0"}}}],"display":{"head":{"rotation":[0.0,0.0,0.0]},"firstperson_righthand":{"rotation":[0.0,0.0,0.0]},"thirdperson_lefthand":{"rotation":[0.0,-0.0,-0.0]},"firstperson_lefthand":{"rotation":[0.0,-0.0,-0.0]},"fixed":{"rotation":[0.0,0.0,0.0]},"ground":{"rotation":[0.0,0.0,0.0]},"thirdperson_righthand":{"rotation":[0.0,0.0,0.0]},"gui":{"rotation":[-150.0,-45.0,180.0]}}}