{"textures":{"0":"modelengine:entity/mushroom_ascendant","particle":"#0"},"elements":[{"from":[12.5,11.5,11.0],"to":[7.5,-0.5,5.0],"faces":{"east":{"uv":[7.5,1.5,8.25,0.0],"tintindex":0,"rotation":0,"texture":"#0"},"south":{"uv":[3.625,9.125,4.25,7.625],"tintindex":0,"rotation":0,"texture":"#0"},"north":{"uv":[4.375,9.125,5.0,7.625],"tintindex":0,"rotation":0,"texture":"#0"},"west":{"uv":[6.75,8.375,7.5,6.875],"tintindex":0,"rotation":0,"texture":"#0"},"up":{"uv":[8.625,10.125,8.0,9.375],"tintindex":0,"rotation":0,"texture":"#0"},"down":{"uv":[7.875,10.125,7.25,9.375],"tintindex":0,"rotation":0,"texture":"#0"}}},{"from":[7.5,-0.5,5.0],"to":[12.5,11.5,11.0],"faces":{"east":{"uv":[6.75,6.875,7.5,8.375],"tintindex":0,"rotation":0,"texture":"#0"},"south":{"uv":[4.375,7.625,5.0,9.125],"tintindex":0,"rotation":0,"texture":"#0"},"north":{"uv":[3.625,7.625,4.25,9.125],"tintindex":0,"rotation":0,"texture":"#0"},"west":{"uv":[7.5,0.0,8.25,1.5],"tintindex":0,"rotation":0,"texture":"#0"},"up":{"uv":[7.875,10.125,7.25,9.375],"tintindex":0,"rotation":0,"texture":"#0"},"down":{"uv":[8.625,9.375,8.0,10.125],"tintindex":0,"rotation":0,"texture":"#0"}}}],"display":{"head":{"rotation":[0.0,0.0,0.0]},"firstperson_righthand":{"rotation":[0.0,0.0,0.0]},"thirdperson_lefthand":{"rotation":[0.0,-0.0,-0.0]},"firstperson_lefthand":{"rotation":[0.0,-0.0,-0.0]},"fixed":{"rotation":[0.0,0.0,0.0]},"ground":{"rotation":[0.0,0.0,0.0]},"thirdperson_righthand":{"rotation":[0.0,0.0,0.0]},"gui":{"rotation":[-150.0,-45.0,180.0]}}}