{"textures":{"0":"modelengine:entity/mushroom_ascendant","particle":"#0"},"elements":[{"from":[6.0,0.0,4.0],"to":[10.0,8.0,8.0],"faces":{"east":{"uv":[3.5,9.25,4.0,10.25],"tintindex":0,"rotation":0,"texture":"#0"},"south":{"uv":[4.625,9.25,4.125,10.25],"tintindex":0,"rotation":0,"texture":"#0"},"north":{"uv":[9.625,8.375,9.125,9.375],"tintindex":0,"rotation":0,"texture":"#0"},"west":{"uv":[4.0,9.25,3.5,10.25],"tintindex":0,"rotation":0,"texture":"#0"},"up":{"uv":[6.5,9.625,6.0,10.125],"tintindex":0,"rotation":0,"texture":"#0"},"down":{"uv":[7.125,9.75,6.625,10.25],"tintindex":0,"rotation":0,"texture":"#0"}}},{"from":[10.5,8.0,13.0],"to":[5.5,-2.0,5.0],"faces":{"east":{"uv":[2.375,8.125,1.375,6.875],"tintindex":0,"rotation":0,"texture":"#0"},"south":{"uv":[5.75,8.875,5.125,7.625],"tintindex":0,"rotation":0,"texture":"#0"},"north":{"uv":[6.5,8.875,5.875,7.625],"tintindex":0,"rotation":0,"texture":"#0"},"west":{"uv":[1.375,8.125,2.375,6.875],"tintindex":0,"rotation":0,"texture":"#0"},"up":{"uv":[8.375,9.25,9.0,8.25],"tintindex":0,"rotation":0,"texture":"#0"},"down":{"uv":[8.375,8.125,9.0,7.125],"tintindex":0,"rotation":0,"texture":"#0"}}},{"from":[5.5,-2.0,5.0],"to":[10.5,8.0,13.0],"faces":{"east":{"uv":[1.375,6.875,2.375,8.125],"tintindex":0,"rotation":0,"texture":"#0"},"south":{"uv":[6.5,7.625,5.875,8.875],"tintindex":0,"rotation":0,"texture":"#0"},"north":{"uv":[5.75,7.625,5.125,8.875],"tintindex":0,"rotation":0,"texture":"#0"},"west":{"uv":[2.375,6.875,1.375,8.125],"tintindex":0,"rotation":0,"texture":"#0"},"up":{"uv":[9.0,7.125,8.375,8.125],"tintindex":0,"rotation":0,"texture":"#0"},"down":{"uv":[9.0,8.25,8.375,9.25],"tintindex":0,"rotation":0,"texture":"#0"}}}],"display":{"gui":{"rotation":[-150.0,-45.0,180.0]}}}