{"textures":{"0":"modelengine:entity/mushroom_ascendant","particle":"#0"},"elements":[{"from":[4.0,8.0,4.0],"to":[12.0,12.0,12.0],"faces":{"east":{"uv":[5.125,9.0,6.125,9.5],"tintindex":0,"rotation":0,"texture":"#0"},"south":{"uv":[9.125,7.125,10.125,7.625],"tintindex":0,"rotation":0,"texture":"#0"},"north":{"uv":[8.625,3.625,9.625,4.125],"tintindex":0,"rotation":0,"texture":"#0"},"west":{"uv":[9.125,7.75,10.125,8.25],"tintindex":0,"rotation":0,"texture":"#0"},"up":{"uv":[8.5,4.625,7.5,3.625],"tintindex":0,"rotation":0,"texture":"#0"},"down":{"uv":[3.5,7.625,2.5,8.625],"tintindex":0,"rotation":0,"texture":"#0"}}},{"from":[-3.0,12.0,-3.0],"to":[19.0,15.0,19.0],"faces":{"east":{"uv":[7.5,2.125,10.25,2.5],"tintindex":0,"rotation":0,"texture":"#0"},"south":{"uv":[7.5,2.625,10.25,3.0],"tintindex":0,"rotation":0,"texture":"#0"},"north":{"uv":[7.5,1.625,10.25,2.0],"tintindex":0,"rotation":0,"texture":"#0"},"west":{"uv":[7.5,3.125,10.25,3.5],"tintindex":0,"rotation":0,"texture":"#0"},"up":{"uv":[5.75,2.75,3.0,0.0],"tintindex":0,"rotation":0,"texture":"#0"},"down":{"uv":[5.75,2.875,3.0,5.625],"tintindex":0,"rotation":0,"texture":"#0"}}},{"from":[1.0,15.0,1.0],"to":[15.0,18.0,15.0],"faces":{"east":{"uv":[8.375,0.5,10.125,0.875],"tintindex":0,"rotation":0,"texture":"#0"},"south":{"uv":[8.375,1.0,10.125,1.375],"tintindex":0,"rotation":0,"texture":"#0"},"north":{"uv":[8.375,0.0,10.125,0.375],"tintindex":0,"rotation":0,"texture":"#0"},"west":{"uv":[8.375,6.625,10.125,7.0],"tintindex":0,"rotation":0,"texture":"#0"},"up":{"uv":[4.75,7.5,3.0,5.75],"tintindex":0,"rotation":0,"texture":"#0"},"down":{"uv":[6.625,5.75,4.875,7.5],"tintindex":0,"rotation":0,"texture":"#0"}}},{"from":[-2.0,8.0,8.0],"to":[18.0,14.0,8.0],"faces":{"south":{"uv":[2.5,6.0,0.0,6.75],"tintindex":0,"rotation":0,"texture":"#0"},"north":{"uv":[0.0,6.0,2.5,6.75],"tintindex":0,"rotation":0,"texture":"#0"}}},{"from":[19.25,12.225,19.25],"to":[-3.25,11.725,-3.25],"faces":{"east":{"uv":[9.75,3.625,12.625,3.75],"tintindex":0,"rotation":0,"texture":"#0"},"south":{"uv":[9.75,3.875,12.625,4.0],"tintindex":0,"rotation":0,"texture":"#0"},"north":{"uv":[8.75,9.5,11.625,9.625],"tintindex":0,"rotation":0,"texture":"#0"},"west":{"uv":[9.75,8.375,12.625,8.5],"tintindex":0,"rotation":0,"texture":"#0"},"up":{"uv":[2.875,2.875,0.0,0.0],"tintindex":0,"rotation":0,"texture":"#0"},"down":{"uv":[2.875,3.0,0.0,5.875],"tintindex":0,"rotation":0,"texture":"#0"}}},{"from":[0.5,7.75,3.975],"to":[15.5,11.75,3.975],"faces":{"south":{"uv":[9.375,4.75,7.5,5.25],"tintindex":0,"rotation":0,"texture":"#0"},"north":{"uv":[7.5,4.75,9.375,5.25],"tintindex":0,"rotation":0,"texture":"#0"}}}],"display":{"gui":{"rotation":[-150.0,-45.0,180.0]}}}