{"textures":{"0":"modelengine:entity/mushroom_ascendant","particle":"#0"},"elements":[{"from":[5.5,-3.0,5.5],"to":[10.5,6.0,10.5],"faces":{"east":{"uv":[0.0,8.25,0.625,9.375],"tintindex":0,"rotation":0,"texture":"#0"},"south":{"uv":[0.75,8.25,1.375,9.375],"tintindex":0,"rotation":0,"texture":"#0"},"north":{"uv":[7.625,8.125,8.25,9.25],"tintindex":0,"rotation":0,"texture":"#0"},"west":{"uv":[8.125,5.375,8.75,6.5],"tintindex":0,"rotation":0,"texture":"#0"},"up":{"uv":[10.125,5.625,9.5,5.0],"tintindex":0,"rotation":0,"texture":"#0"},"down":{"uv":[10.125,5.75,9.5,6.375],"tintindex":0,"rotation":0,"texture":"#0"}}}],"display":{"head":{"rotation":[0.0,0.0,0.0]},"firstperson_righthand":{"rotation":[0.0,0.0,0.0]},"thirdperson_lefthand":{"rotation":[0.0,-0.0,-0.0]},"firstperson_lefthand":{"rotation":[0.0,-0.0,-0.0]},"fixed":{"rotation":[0.0,0.0,0.0]},"ground":{"rotation":[0.0,0.0,0.0]},"thirdperson_righthand":{"rotation":[0.0,0.0,0.0]},"gui":{"rotation":[-150.0,-45.0,180.0]}}}