{"textures":{"0":"modelengine:entity/mushroom_ascendant","particle":"#0"},"elements":[{"from":[5.5,-3.0,5.5],"to":[10.5,6.0,10.5],"faces":{"east":{"uv":[8.125,5.375,8.75,6.5],"tintindex":0,"rotation":0,"texture":"#0"},"south":{"uv":[8.25,6.875,7.625,8.0],"tintindex":0,"rotation":0,"texture":"#0"},"north":{"uv":[7.625,6.875,8.25,8.0],"tintindex":0,"rotation":0,"texture":"#0"},"west":{"uv":[8.125,5.375,8.75,6.5],"tintindex":0,"rotation":0,"texture":"#0"},"up":{"uv":[2.125,10.125,1.5,9.5],"tintindex":0,"rotation":0,"texture":"#0"},"down":{"uv":[10.125,4.25,9.5,4.875],"tintindex":0,"rotation":0,"texture":"#0"}}}],"display":{"gui":{"rotation":[-150.0,-45.0,180.0]}}}