{"textures":{"0":"modelengine:entity/mushroom_ascendant","particle":"#0"},"elements":[{"from":[7.5,6.0,6.5],"to":[8.5,12.0,7.5],"faces":{"east":{"uv":[9.0,9.75,9.125,10.5],"tintindex":0,"rotation":0,"texture":"#0"},"south":{"uv":[9.25,9.75,9.375,10.5],"tintindex":0,"rotation":0,"texture":"#0"},"north":{"uv":[8.75,9.75,8.875,10.5],"tintindex":0,"rotation":0,"texture":"#0"},"west":{"uv":[9.5,9.75,9.625,10.5],"tintindex":0,"rotation":0,"texture":"#0"},"up":{"uv":[2.75,6.75,2.625,6.625],"tintindex":0,"rotation":0,"texture":"#0"},"down":{"uv":[8.25,6.625,8.125,6.75],"tintindex":0,"rotation":0,"texture":"#0"}},"rotation":{"origin":[8.0,9.0,7.0],"angle":-45.0,"axis":"x"}},{"from":[6.5,11.207109,4.0428896],"to":[9.5,12.207109,7.0428896],"faces":{"east":{"uv":[3.0,10.0,3.375,10.125],"tintindex":0,"rotation":0,"texture":"#0"},"south":{"uv":[9.75,10.0,10.125,10.125],"tintindex":0,"rotation":0,"texture":"#0"},"north":{"uv":[2.5,7.375,2.875,7.5],"tintindex":0,"rotation":0,"texture":"#0"},"west":{"uv":[10.125,8.625,10.5,8.75],"tintindex":0,"rotation":0,"texture":"#0"},"up":{"uv":[2.875,7.25,2.5,6.875],"tintindex":0,"rotation":0,"texture":"#0"},"down":{"uv":[9.0,4.25,8.625,4.625],"tintindex":0,"rotation":0,"texture":"#0"}},"rotation":{"origin":[8.0,9.707109,6.2928896],"angle":-22.5,"axis":"x"}}],"display":{"head":{"rotation":[0.0,0.0,0.0]},"firstperson_righthand":{"rotation":[0.0,0.0,0.0]},"thirdperson_lefthand":{"rotation":[0.0,-0.0,-0.0]},"firstperson_lefthand":{"rotation":[0.0,-0.0,-0.0]},"fixed":{"rotation":[0.0,0.0,0.0]},"ground":{"rotation":[0.0,0.0,0.0]},"thirdperson_righthand":{"rotation":[0.0,0.0,0.0]},"gui":{"rotation":[-150.0,-45.0,180.0]}}}