{"textures":{"0":"modelengine:entity/mushroom_ascendant","particle":"#0"},"elements":[{"from":[7.0,6.0,6.0],"to":[9.0,10.0,8.0],"faces":{"east":{"uv":[7.25,8.5,7.5,9.0],"tintindex":0,"rotation":0,"texture":"#0"},"south":{"uv":[6.25,9.0,6.5,9.5],"tintindex":0,"rotation":0,"texture":"#0"},"north":{"uv":[2.625,6.0,2.875,6.5],"tintindex":0,"rotation":0,"texture":"#0"},"west":{"uv":[9.75,8.625,10.0,9.125],"tintindex":0,"rotation":0,"texture":"#0"},"up":{"uv":[9.375,4.5,9.125,4.25],"tintindex":0,"rotation":0,"texture":"#0"},"down":{"uv":[5.0,9.25,4.75,9.5],"tintindex":0,"rotation":0,"texture":"#0"}},"rotation":{"origin":[8.0,9.0,7.0],"angle":-45.0,"axis":"x"}},{"from":[5.5,10.0,4.5],"to":[10.5,11.0,9.5],"faces":{"east":{"uv":[9.75,9.25,10.375,9.375],"tintindex":0,"rotation":0,"texture":"#0"},"south":{"uv":[9.75,9.75,10.375,9.875],"tintindex":0,"rotation":0,"texture":"#0"},"north":{"uv":[5.875,5.5,6.5,5.625],"tintindex":0,"rotation":0,"texture":"#0"},"west":{"uv":[2.25,10.0,2.875,10.125],"tintindex":0,"rotation":0,"texture":"#0"},"up":{"uv":[0.625,10.125,0.0,9.5],"tintindex":0,"rotation":0,"texture":"#0"},"down":{"uv":[1.375,9.5,0.75,10.125],"tintindex":0,"rotation":0,"texture":"#0"}},"rotation":{"origin":[8.0,9.0,7.0],"angle":-45.0,"axis":"x"}}],"display":{"gui":{"rotation":[-150.0,-45.0,180.0]}}}