{"textures":{"0":"modelengine:entity/mushroom_ascendant","particle":"#0"},"elements":[{"from":[2.0,8.0,3.0],"to":[14.0,18.0,13.0],"faces":{"east":{"uv":[6.75,5.5,8.0,6.75],"tintindex":0,"rotation":0,"texture":"#0"},"south":{"uv":[5.875,1.375,7.375,2.625],"tintindex":0,"rotation":0,"texture":"#0"},"north":{"uv":[5.875,0.0,7.375,1.25],"tintindex":0,"rotation":0,"texture":"#0"},"west":{"uv":[0.0,6.875,1.25,8.125],"tintindex":0,"rotation":0,"texture":"#0"},"up":{"uv":[7.375,4.0,5.875,2.75],"tintindex":0,"rotation":0,"texture":"#0"},"down":{"uv":[7.375,4.125,5.875,5.375],"tintindex":0,"rotation":0,"texture":"#0"}}}],"display":{"gui":{"rotation":[-150.0,-45.0,180.0]}}}