{"textures":{"0":"modelengine:entity/nocsy_baby_werewolf","particle":"#0"},"elements":[{"from":[4.5,6.4432917,5.309699],"to":[11.5,11.443292,5.309699],"faces":{"south":{"uv":[3.875,2.0,4.75,2.625],"tintindex":0,"rotation":0,"texture":"#0"},"north":{"uv":[3.0,3.75,3.875,4.375],"tintindex":0,"rotation":0,"texture":"#0"}},"rotation":{"origin":[8.0,11.443292,7.8096986],"angle":22.5,"axis":"x"}},{"from":[4.5,6.290668,9.92401],"to":[11.5,11.2906685,9.92401],"faces":{"south":{"uv":[0.0,4.0,0.875,4.625],"tintindex":0,"rotation":0,"texture":"#0"},"north":{"uv":[3.875,2.75,4.75,3.375],"tintindex":0,"rotation":0,"texture":"#0"}},"rotation":{"origin":[8.0,13.2906685,7.4240108],"angle":-22.5,"axis":"x"}},{"from":[6.5,12.0,6.5],"to":[9.5,14.0,9.5],"faces":{"east":{"uv":[7.5,5.125,7.875,5.375],"tintindex":0,"rotation":0,"texture":"#0"},"south":{"uv":[7.5,5.5,7.875,5.75],"tintindex":0,"rotation":0,"texture":"#0"},"north":{"uv":[7.375,6.875,7.75,7.125],"tintindex":0,"rotation":0,"texture":"#0"},"west":{"uv":[5.75,7.5,6.125,7.75],"tintindex":0,"rotation":0,"texture":"#0"},"up":{"uv":[7.125,5.0,6.75,4.625],"tintindex":0,"rotation":0,"texture":"#0"},"down":{"uv":[0.75,6.875,0.375,7.25],"tintindex":0,"rotation":0,"texture":"#0"}}},{"from":[5.5,6.4,5.5],"to":[10.5,12.400001,10.5],"faces":{"east":{"uv":[0.0,4.75,0.625,5.5],"tintindex":0,"rotation":0,"texture":"#0"},"south":{"uv":[0.75,4.75,1.375,5.5],"tintindex":0,"rotation":0,"texture":"#0"},"north":{"uv":[3.0,4.5,3.625,5.25],"tintindex":0,"rotation":0,"texture":"#0"},"west":{"uv":[1.5,4.75,2.125,5.5],"tintindex":0,"rotation":0,"texture":"#0"},"up":{"uv":[2.875,5.375,2.25,4.75],"tintindex":0,"rotation":0,"texture":"#0"},"down":{"uv":[5.5,1.5,4.875,2.125],"tintindex":0,"rotation":0,"texture":"#0"}}}],"display":{"gui":{"rotation":[-150.0,-45.0,180.0]}}}