{"textures":{"0":"modelengine:entity/nocsy_baby_werewolf","particle":"#0"},"elements":[{"from":[4.75,11.433333,3.0416665],"to":[5.25,11.933333,3.0416665],"faces":{"south":{"uv":[0.0,8.125,0.125,8.25],"tintindex":0,"rotation":0,"texture":"#0"},"north":{"uv":[7.5,8.0,7.625,8.125],"tintindex":0,"rotation":0,"texture":"#0"}}},{"from":[12.496995,3.4434128,3.266667],"to":[12.496995,8.443413,10.266666],"faces":{"east":{"uv":[1.0,4.0,1.875,4.625],"tintindex":0,"rotation":0,"texture":"#0"},"west":{"uv":[1.875,4.0,1.0,4.625],"tintindex":0,"rotation":0,"texture":"#0"}},"rotation":{"origin":[6.496995,7.043413,5.2666664],"angle":22.5,"axis":"z"}},{"from":[7.0,9.933333,0.6666665],"to":[9.0,11.933333,2.6666665],"faces":{"east":{"uv":[7.75,3.375,8.0,3.625],"tintindex":0,"rotation":0,"texture":"#0"},"south":{"uv":[3.75,7.75,4.0,8.0],"tintindex":0,"rotation":0,"texture":"#0"},"north":{"uv":[3.375,7.75,3.625,8.0],"tintindex":0,"rotation":0,"texture":"#0"},"west":{"uv":[7.75,3.75,8.0,4.0],"tintindex":0,"rotation":0,"texture":"#0"},"up":{"uv":[4.375,8.0,4.125,7.75],"tintindex":0,"rotation":0,"texture":"#0"},"down":{"uv":[8.0,4.125,7.75,4.375],"tintindex":0,"rotation":0,"texture":"#0"}}},{"from":[6.4,7.633333,1.8666668],"to":[6.4,8.633333,2.8666668],"faces":{"east":{"uv":[1.0,8.125,1.125,8.25],"tintindex":0,"rotation":0,"texture":"#0"},"west":{"uv":[1.25,8.125,1.375,8.25],"tintindex":0,"rotation":0,"texture":"#0"}},"rotation":{"origin":[6.0,8.233333,1.4666667],"angle":-45.0,"axis":"x"}},{"from":[4.4954844,3.5578346,11.235386],"to":[11.495484,8.557835,11.235386],"faces":{"south":{"uv":[4.0,4.25,4.875,4.875],"tintindex":0,"rotation":0,"texture":"#0"},"north":{"uv":[4.0,3.5,4.875,4.125],"tintindex":0,"rotation":0,"texture":"#0"}},"rotation":{"origin":[9.495484,7.157835,5.535386],"angle":-22.5,"axis":"x"}},{"from":[-0.47849274,10.063484,7.2666664],"to":[6.5215073,21.063484,7.5166664],"faces":{"east":{"uv":[4.875,5.875,5.0,7.25],"tintindex":0,"rotation":0,"texture":"#0"},"south":{"uv":[1.0,0.0,1.875,1.375],"tintindex":0,"rotation":0,"texture":"#0"},"north":{"uv":[0.0,0.0,0.875,1.375],"tintindex":0,"rotation":0,"texture":"#0"},"west":{"uv":[2.375,6.25,2.5,7.625],"tintindex":0,"rotation":0,"texture":"#0"},"up":{"uv":[7.75,3.25,6.875,3.125],"tintindex":0,"rotation":0,"texture":"#0"},"down":{"uv":[8.125,1.0,7.25,1.125],"tintindex":0,"rotation":0,"texture":"#0"}},"rotation":{"origin":[4.621507,15.963485,7.2666664],"angle":22.5,"axis":"z"}},{"from":[4.2,11.767959,2.9418745],"to":[6.9,12.767959,4.641875],"faces":{"east":{"uv":[6.375,4.875,6.625,5.0],"tintindex":0,"rotation":0,"texture":"#0"},"south":{"uv":[7.75,0.75,8.125,0.875],"tintindex":0,"rotation":0,"texture":"#0"},"north":{"uv":[7.5,5.875,7.875,6.0],"tintindex":0,"rotation":0,"texture":"#0"},"west":{"uv":[4.0,7.0,4.25,7.125],"tintindex":0,"rotation":0,"texture":"#0"},"up":{"uv":[6.625,7.75,6.25,7.5],"tintindex":0,"rotation":0,"texture":"#0"},"down":{"uv":[7.875,7.25,7.5,7.5],"tintindex":0,"rotation":0,"texture":"#0"}},"rotation":{"origin":[8.0,12.192958,3.7668748],"angle":22.5,"axis":"x"}},{"from":[9.8,10.333333,3.0666666],"to":[11.1,11.833333,3.0666666],"faces":{"south":{"uv":[0.75,8.125,0.875,8.25],"tintindex":0,"rotation":0,"texture":"#0"},"north":{"uv":[8.125,0.5,8.25,0.625],"tintindex":0,"rotation":0,"texture":"#0"}}},{"from":[9.6,10.233333,3.141667],"to":[11.6,12.233333,4.1416664],"faces":{"east":{"uv":[5.875,6.5,6.0,6.75],"tintindex":0,"rotation":0,"texture":"#0"},"south":{"uv":[3.0,7.75,3.25,8.0],"tintindex":0,"rotation":0,"texture":"#0"},"north":{"uv":[2.625,7.75,2.875,8.0],"tintindex":0,"rotation":0,"texture":"#0"},"west":{"uv":[6.75,5.125,6.875,5.375],"tintindex":0,"rotation":0,"texture":"#0"},"up":{"uv":[6.375,8.0,6.125,7.875],"tintindex":0,"rotation":0,"texture":"#0"},"down":{"uv":[8.125,6.125,7.875,6.25],"tintindex":0,"rotation":0,"texture":"#0"}}},{"from":[9.478493,10.063484,7.2666664],"to":[16.478493,21.063484,7.5166664],"faces":{"east":{"uv":[2.625,6.25,2.75,7.625],"tintindex":0,"rotation":0,"texture":"#0"},"south":{"uv":[1.0,1.5,1.875,2.875],"tintindex":0,"rotation":0,"texture":"#0"},"north":{"uv":[0.0,1.5,0.875,2.875],"tintindex":0,"rotation":0,"texture":"#0"},"west":{"uv":[3.75,6.25,3.875,7.625],"tintindex":0,"rotation":0,"texture":"#0"},"up":{"uv":[8.25,1.375,7.375,1.25],"tintindex":0,"rotation":0,"texture":"#0"},"down":{"uv":[8.25,1.5,7.375,1.625],"tintindex":0,"rotation":0,"texture":"#0"}},"rotation":{"origin":[11.378492,15.963485,7.2666664],"angle":-22.5,"axis":"z"}},{"from":[6.0,8.733333,0.9666667],"to":[10.0,11.733333,3.9666667],"faces":{"east":{"uv":[2.875,7.25,3.25,7.625],"tintindex":0,"rotation":0,"texture":"#0"},"south":{"uv":[6.25,1.25,6.75,1.625],"tintindex":0,"rotation":0,"texture":"#0"},"north":{"uv":[1.125,6.25,1.625,6.625],"tintindex":0,"rotation":0,"texture":"#0"},"west":{"uv":[4.0,7.25,4.375,7.625],"tintindex":0,"rotation":0,"texture":"#0"},"up":{"uv":[2.25,6.625,1.75,6.25],"tintindex":0,"rotation":0,"texture":"#0"},"down":{"uv":[6.75,1.75,6.25,2.125],"tintindex":0,"rotation":0,"texture":"#0"}}},{"from":[4.5,15.712005,2.9720569],"to":[11.5,15.712005,9.972057],"faces":{"up":{"uv":[3.875,1.875,3.0,1.0],"tintindex":0,"rotation":0,"texture":"#0"},"down":{"uv":[2.875,3.0,2.0,3.875],"tintindex":0,"rotation":0,"texture":"#0"}},"rotation":{"origin":[8.0,16.712006,5.9720573],"angle":-22.5,"axis":"x"}},{"from":[4.9,10.333333,3.0666666],"to":[6.2,11.833333,3.0666666],"faces":{"south":{"uv":[0.25,8.125,0.375,8.25],"tintindex":0,"rotation":0,"texture":"#0"},"north":{"uv":[8.125,0.0,8.25,0.125],"tintindex":0,"rotation":0,"texture":"#0"}}},{"from":[9.75,11.433333,3.0416665],"to":[10.25,11.933333,3.0416665],"faces":{"south":{"uv":[0.5,8.125,0.625,8.25],"tintindex":0,"rotation":0,"texture":"#0"},"north":{"uv":[8.125,0.25,8.25,0.375],"tintindex":0,"rotation":0,"texture":"#0"}}},{"from":[9.1,11.767959,2.9418745],"to":[11.8,12.767959,4.641875],"faces":{"east":{"uv":[0.0,7.125,0.25,7.25],"tintindex":0,"rotation":0,"texture":"#0"},"south":{"uv":[7.75,4.5,8.125,4.625],"tintindex":0,"rotation":0,"texture":"#0"},"north":{"uv":[7.75,2.875,8.125,3.0],"tintindex":0,"rotation":0,"texture":"#0"},"west":{"uv":[7.375,3.875,7.625,4.0],"tintindex":0,"rotation":0,"texture":"#0"},"up":{"uv":[8.0,0.25,7.625,0.0],"tintindex":0,"rotation":0,"texture":"#0"},"down":{"uv":[8.0,2.125,7.625,2.375],"tintindex":0,"rotation":0,"texture":"#0"}},"rotation":{"origin":[8.0,12.192958,3.7668748],"angle":22.5,"axis":"x"}},{"from":[4.4,10.233333,3.141667],"to":[6.4,12.233333,4.1416664],"faces":{"east":{"uv":[3.75,4.5,3.875,4.75],"tintindex":0,"rotation":0,"texture":"#0"},"south":{"uv":[7.75,2.5,8.0,2.75],"tintindex":0,"rotation":0,"texture":"#0"},"north":{"uv":[2.25,7.75,2.5,8.0],"tintindex":0,"rotation":0,"texture":"#0"},"west":{"uv":[0.375,6.375,0.5,6.625],"tintindex":0,"rotation":0,"texture":"#0"},"up":{"uv":[4.75,7.875,4.5,7.75],"tintindex":0,"rotation":0,"texture":"#0"},"down":{"uv":[1.375,7.875,1.125,8.0],"tintindex":0,"rotation":0,"texture":"#0"}}},{"from":[9.6,7.633333,1.8666668],"to":[9.6,8.633333,2.8666668],"faces":{"east":{"uv":[1.5,8.125,1.625,8.25],"tintindex":0,"rotation":0,"texture":"#0"},"west":{"uv":[1.75,8.125,1.875,8.25],"tintindex":0,"rotation":0,"texture":"#0"}},"rotation":{"origin":[10.0,8.233333,1.4666667],"angle":-45.0,"axis":"x"}},{"from":[4.5,8.033333,3.266667],"to":[11.5,15.033334,10.266666],"faces":{"east":{"uv":[2.0,1.0,2.875,1.875],"tintindex":0,"rotation":0,"texture":"#0"},"south":{"uv":[2.0,2.0,2.875,2.875],"tintindex":0,"rotation":0,"texture":"#0"},"north":{"uv":[2.0,0.0,2.875,0.875],"tintindex":0,"rotation":0,"texture":"#0"},"west":{"uv":[0.0,3.0,0.875,3.875],"tintindex":0,"rotation":0,"texture":"#0"},"up":{"uv":[3.875,0.875,3.0,0.0],"tintindex":0,"rotation":0,"texture":"#0"},"down":{"uv":[1.875,3.0,1.0,3.875],"tintindex":0,"rotation":0,"texture":"#0"}}},{"from":[3.503005,3.4434128,3.266667],"to":[3.503005,8.443413,10.266666],"faces":{"east":{"uv":[4.0,0.0,4.875,0.625],"tintindex":0,"rotation":0,"texture":"#0"},"west":{"uv":[4.0,0.75,4.875,1.375],"tintindex":0,"rotation":0,"texture":"#0"}},"rotation":{"origin":[9.503005,7.043413,5.2666664],"angle":-22.5,"axis":"z"}}],"display":{"gui":{"rotation":[-150.0,-45.0,180.0]}}}