{"textures":{"0":"modelengine:entity/nocsy_baby_werewolf","particle":"#0"},"elements":[{"from":[6.0,-1.3999996,8.4],"to":[12.0,0.6000004,14.4],"faces":{"east":{"uv":[2.875,6.0,3.625,6.25],"tintindex":0,"rotation":0,"texture":"#0"},"south":{"uv":[6.125,5.5,6.875,5.75],"tintindex":0,"rotation":0,"texture":"#0"},"north":{"uv":[5.875,5.125,6.625,5.375],"tintindex":0,"rotation":0,"texture":"#0"},"west":{"uv":[6.125,5.875,6.875,6.125],"tintindex":0,"rotation":0,"texture":"#0"},"up":{"uv":[3.75,2.75,3.0,2.0],"tintindex":0,"rotation":0,"texture":"#0"},"down":{"uv":[3.75,2.875,3.0,3.625],"tintindex":0,"rotation":0,"texture":"#0"}}}],"display":{"gui":{"rotation":[-150.0,-45.0,180.0]}}}