{"textures":{"0":"modelengine:entity/nocsy_baby_werewolf","particle":"#0"},"elements":[{"from":[7.3690434,3.20647,7.0],"to":[9.369043,8.2064705,9.0],"faces":{"east":{"uv":[4.0,6.25,4.25,6.875],"tintindex":0,"rotation":0,"texture":"#0"},"south":{"uv":[6.125,6.25,6.375,6.875],"tintindex":0,"rotation":0,"texture":"#0"},"north":{"uv":[6.25,3.375,6.5,4.0],"tintindex":0,"rotation":0,"texture":"#0"},"west":{"uv":[0.0,6.375,0.25,7.0],"tintindex":0,"rotation":0,"texture":"#0"},"up":{"uv":[7.375,7.875,7.125,7.625],"tintindex":0,"rotation":0,"texture":"#0"},"down":{"uv":[7.75,7.625,7.5,7.875],"tintindex":0,"rotation":0,"texture":"#0"}}}],"display":{"gui":{"rotation":[-150.0,-45.0,180.0]}}}