{"textures":{"0":"modelengine:entity/nocsy_baby_werewolf","particle":"#0"},"elements":[{"from":[6.774061,7.886992,1.5512953],"to":[7.774061,7.886992,2.5512953],"faces":{"up":{"uv":[8.125,5.125,8.0,5.0],"tintindex":0,"rotation":0,"texture":"#0"},"down":{"uv":[5.375,8.0,5.25,8.125],"tintindex":0,"rotation":0,"texture":"#0"}},"rotation":{"origin":[7.2212467,8.655931,2.066443],"angle":-45.0,"axis":"y"}},{"from":[6.9500003,6.95,3.9],"to":[9.150001,9.150001,9.1],"faces":{"east":{"uv":[6.25,2.25,6.875,2.5],"tintindex":0,"rotation":0,"texture":"#0"},"south":{"uv":[0.375,7.75,0.625,8.0],"tintindex":0,"rotation":0,"texture":"#0"},"north":{"uv":[0.0,7.75,0.25,8.0],"tintindex":0,"rotation":0,"texture":"#0"},"west":{"uv":[2.875,6.375,3.5,6.625],"tintindex":0,"rotation":0,"texture":"#0"},"up":{"uv":[6.625,4.75,6.375,4.125],"tintindex":0,"rotation":0,"texture":"#0"},"down":{"uv":[6.75,2.625,6.5,3.25],"tintindex":0,"rotation":0,"texture":"#0"}}},{"from":[6.45,6.45,2.0],"to":[9.45,9.45,5.0],"faces":{"east":{"uv":[6.875,1.75,7.25,2.125],"tintindex":0,"rotation":0,"texture":"#0"},"south":{"uv":[6.875,2.625,7.25,3.0],"tintindex":0,"rotation":0,"texture":"#0"},"north":{"uv":[6.875,1.25,7.25,1.625],"tintindex":0,"rotation":0,"texture":"#0"},"west":{"uv":[6.875,6.25,7.25,6.625],"tintindex":0,"rotation":0,"texture":"#0"},"up":{"uv":[7.25,7.125,6.875,6.75],"tintindex":0,"rotation":0,"texture":"#0"},"down":{"uv":[7.375,5.125,7.0,5.5],"tintindex":0,"rotation":0,"texture":"#0"}}},{"from":[6.974061,8.8869915,1.4512954],"to":[7.974061,8.8869915,2.4512954],"faces":{"up":{"uv":[4.875,8.125,4.75,8.0],"tintindex":0,"rotation":0,"texture":"#0"},"down":{"uv":[5.125,8.0,5.0,8.125],"tintindex":0,"rotation":0,"texture":"#0"}},"rotation":{"origin":[7.2212467,8.655931,2.066443],"angle":-45.0,"axis":"y"}},{"from":[6.974061,6.886992,1.4512954],"to":[7.974061,6.886992,2.4512954],"faces":{"up":{"uv":[8.125,5.375,8.0,5.25],"tintindex":0,"rotation":0,"texture":"#0"},"down":{"uv":[8.125,5.5,8.0,5.625],"tintindex":0,"rotation":0,"texture":"#0"}},"rotation":{"origin":[7.2212467,8.655931,2.066443],"angle":-45.0,"axis":"y"}}],"display":{"gui":{"rotation":[-150.0,-45.0,180.0]}}}