{"textures":{"0":"modelengine:entity/nocsy_baby_werewolf","particle":"#0"},"elements":[{"from":[7.0,6.0,7.0],"to":[9.0,9.0,9.0],"faces":{"east":{"uv":[2.0,6.75,2.25,7.125],"tintindex":0,"rotation":0,"texture":"#0"},"south":{"uv":[3.375,6.75,3.625,7.125],"tintindex":0,"rotation":0,"texture":"#0"},"north":{"uv":[1.875,5.625,2.125,6.0],"tintindex":0,"rotation":0,"texture":"#0"},"west":{"uv":[2.0,7.25,2.25,7.625],"tintindex":0,"rotation":0,"texture":"#0"},"up":{"uv":[1.375,7.75,1.125,7.5],"tintindex":0,"rotation":0,"texture":"#0"},"down":{"uv":[5.125,7.625,4.875,7.875],"tintindex":0,"rotation":0,"texture":"#0"}}}],"display":{"gui":{"rotation":[-150.0,-45.0,180.0]}}}