{"textures":{"0":"modelengine:entity/nocsy_baby_werewolf","particle":"#0"},"elements":[{"from":[6.5,7.3784466,5.6893654],"to":[9.5,8.378447,8.689365],"faces":{"east":{"uv":[7.875,1.75,8.25,1.875],"tintindex":0,"rotation":0,"texture":"#0"},"south":{"uv":[7.875,3.125,8.25,3.25],"tintindex":0,"rotation":0,"texture":"#0"},"north":{"uv":[7.75,4.75,8.125,4.875],"tintindex":0,"rotation":0,"texture":"#0"},"west":{"uv":[5.625,7.875,6.0,8.0],"tintindex":0,"rotation":0,"texture":"#0"},"up":{"uv":[7.625,4.5,7.25,4.125],"tintindex":0,"rotation":0,"texture":"#0"},"down":{"uv":[7.625,4.625,7.25,5.0],"tintindex":0,"rotation":0,"texture":"#0"}}}],"display":{"gui":{"rotation":[-150.0,-45.0,180.0]}}}