{"textures":{"0":"modelengine:entity/nocsy_baby_werewolf","particle":"#0"},"elements":[{"from":[6.55,6.45,2.0],"to":[9.55,9.45,5.0],"faces":{"east":{"uv":[5.875,7.0,6.25,7.375],"tintindex":0,"rotation":0,"texture":"#0"},"south":{"uv":[6.375,7.0,6.75,7.375],"tintindex":0,"rotation":0,"texture":"#0"},"north":{"uv":[7.0,5.625,7.375,6.0],"tintindex":0,"rotation":0,"texture":"#0"},"west":{"uv":[7.125,0.0,7.5,0.375],"tintindex":0,"rotation":0,"texture":"#0"},"up":{"uv":[7.625,0.875,7.25,0.5],"tintindex":0,"rotation":0,"texture":"#0"},"down":{"uv":[1.875,7.25,1.5,7.625],"tintindex":0,"rotation":0,"texture":"#0"}}},{"from":[8.025939,8.8869915,1.4512954],"to":[9.025939,8.8869915,2.4512954],"faces":{"up":{"uv":[8.125,5.875,8.0,5.75],"tintindex":0,"rotation":0,"texture":"#0"},"down":{"uv":[6.875,8.0,6.75,8.125],"tintindex":0,"rotation":0,"texture":"#0"}},"rotation":{"origin":[8.778753,8.655931,2.066443],"angle":45.0,"axis":"y"}},{"from":[8.025939,6.886992,1.4512954],"to":[9.025939,6.886992,2.4512954],"faces":{"up":{"uv":[7.375,8.125,7.25,8.0],"tintindex":0,"rotation":0,"texture":"#0"},"down":{"uv":[8.125,7.375,8.0,7.5],"tintindex":0,"rotation":0,"texture":"#0"}},"rotation":{"origin":[8.778753,8.655931,2.066443],"angle":45.0,"axis":"y"}},{"from":[8.225939,7.886992,1.5512953],"to":[9.225939,7.886992,2.5512953],"faces":{"up":{"uv":[7.125,8.125,7.0,8.0],"tintindex":0,"rotation":0,"texture":"#0"},"down":{"uv":[8.125,7.125,8.0,7.25],"tintindex":0,"rotation":0,"texture":"#0"}},"rotation":{"origin":[8.778753,8.655931,2.066443],"angle":45.0,"axis":"y"}},{"from":[6.8500004,6.95,3.9],"to":[9.05,9.150001,9.1],"faces":{"east":{"uv":[6.625,3.375,7.25,3.625],"tintindex":0,"rotation":0,"texture":"#0"},"south":{"uv":[1.875,7.75,2.125,8.0],"tintindex":0,"rotation":0,"texture":"#0"},"north":{"uv":[1.5,7.75,1.75,8.0],"tintindex":0,"rotation":0,"texture":"#0"},"west":{"uv":[6.625,3.75,7.25,4.0],"tintindex":0,"rotation":0,"texture":"#0"},"up":{"uv":[7.0,0.625,6.75,0.0],"tintindex":0,"rotation":0,"texture":"#0"},"down":{"uv":[1.375,6.75,1.125,7.375],"tintindex":0,"rotation":0,"texture":"#0"}}}],"display":{"gui":{"rotation":[-150.0,-45.0,180.0]}}}