{"textures":{"0":"modelengine:entity/nocsy_baby_werewolf","particle":"#0"},"elements":[{"from":[7.0,6.0,7.0],"to":[9.0,9.0,9.0],"faces":{"east":{"uv":[4.5,7.25,4.75,7.625],"tintindex":0,"rotation":0,"texture":"#0"},"south":{"uv":[7.375,2.625,7.625,3.0],"tintindex":0,"rotation":0,"texture":"#0"},"north":{"uv":[3.375,7.25,3.625,7.625],"tintindex":0,"rotation":0,"texture":"#0"},"west":{"uv":[7.375,3.375,7.625,3.75],"tintindex":0,"rotation":0,"texture":"#0"},"up":{"uv":[5.5,7.875,5.25,7.625],"tintindex":0,"rotation":0,"texture":"#0"},"down":{"uv":[7.0,7.625,6.75,7.875],"tintindex":0,"rotation":0,"texture":"#0"}}}],"display":{"gui":{"rotation":[-150.0,-45.0,180.0]}}}