{"textures":{"0":"modelengine:entity/nocsy_baby_werewolf","particle":"#0"},"elements":[{"from":[6.0,5.25,5.0],"to":[10.0,9.25,10.0],"faces":{"east":{"uv":[4.375,5.0,3.75,5.5],"tintindex":0,"rotation":0,"texture":"#0"},"south":{"uv":[6.125,1.5,5.625,2.0],"tintindex":0,"rotation":0,"texture":"#0"},"north":{"uv":[1.75,5.625,1.25,6.125],"tintindex":0,"rotation":0,"texture":"#0"},"west":{"uv":[5.625,0.875,5.0,1.375],"tintindex":0,"rotation":0,"texture":"#0"},"up":{"uv":[5.0,5.0,5.5,4.375],"tintindex":0,"rotation":0,"texture":"#0"},"down":{"uv":[4.5,5.125,5.0,5.75],"tintindex":0,"rotation":0,"texture":"#0"}}}],"display":{"gui":{"rotation":[-150.0,-45.0,180.0]}}}