{"textures":{"0":"modelengine:entity/nocsy_baby_werewolf","particle":"#0"},"elements":[{"from":[6.6309566,3.20647,7.0],"to":[8.630957,8.2064705,9.0],"faces":{"east":{"uv":[5.125,6.5,5.375,7.125],"tintindex":0,"rotation":0,"texture":"#0"},"south":{"uv":[5.5,6.5,5.75,7.125],"tintindex":0,"rotation":0,"texture":"#0"},"north":{"uv":[4.375,6.5,4.625,7.125],"tintindex":0,"rotation":0,"texture":"#0"},"west":{"uv":[6.5,6.25,6.75,6.875],"tintindex":0,"rotation":0,"texture":"#0"},"up":{"uv":[8.0,0.625,7.75,0.375],"tintindex":0,"rotation":0,"texture":"#0"},"down":{"uv":[1.0,7.75,0.75,8.0],"tintindex":0,"rotation":0,"texture":"#0"}}}],"display":{"gui":{"rotation":[-150.0,-45.0,180.0]}}}