{"textures":{"0":"modelengine:entity/nocsy_baby_werewolf","particle":"#0"},"elements":[{"from":[6.5,6.4773474,6.3941402],"to":[9.5,9.477347,11.39414],"faces":{"east":{"uv":[5.625,4.625,6.25,5.0],"tintindex":0,"rotation":0,"texture":"#0"},"south":{"uv":[6.75,4.125,7.125,4.5],"tintindex":0,"rotation":0,"texture":"#0"},"north":{"uv":[2.875,6.75,3.25,7.125],"tintindex":0,"rotation":0,"texture":"#0"},"west":{"uv":[5.75,2.875,6.375,3.25],"tintindex":0,"rotation":0,"texture":"#0"},"up":{"uv":[5.5,6.375,5.125,5.75],"tintindex":0,"rotation":0,"texture":"#0"},"down":{"uv":[6.0,5.75,5.625,6.375],"tintindex":0,"rotation":0,"texture":"#0"}}}],"display":{"gui":{"rotation":[-150.0,-45.0,180.0]}}}