{"textures":{"0":"modelengine:entity/nocsy_baby_werewolf","particle":"#0"},"elements":[{"from":[6.0,5.881783,6.9814196],"to":[10.0,9.881783,12.9814205],"faces":{"east":{"uv":[4.875,2.25,5.625,2.75],"tintindex":0,"rotation":0,"texture":"#0"},"south":{"uv":[0.625,5.625,1.125,6.125],"tintindex":0,"rotation":0,"texture":"#0"},"north":{"uv":[5.625,0.0,6.125,0.5],"tintindex":0,"rotation":0,"texture":"#0"},"west":{"uv":[4.875,2.875,5.625,3.375],"tintindex":0,"rotation":0,"texture":"#0"},"up":{"uv":[5.5,0.75,5.0,0.0],"tintindex":0,"rotation":0,"texture":"#0"},"down":{"uv":[5.5,3.5,5.0,4.25],"tintindex":0,"rotation":0,"texture":"#0"}}}],"display":{"gui":{"rotation":[-150.0,-45.0,180.0]}}}