{"textures":{"0":"modelengine:entity/nocsy_baby_werewolf","particle":"#0"},"elements":[{"from":[6.5,5.0,7.0],"to":[9.5,8.0,12.0],"faces":{"east":{"uv":[4.0,1.5,4.625,1.875],"tintindex":0,"rotation":0,"texture":"#0"},"south":{"uv":[1.5,6.75,1.875,7.125],"tintindex":0,"rotation":0,"texture":"#0"},"north":{"uv":[6.75,0.75,7.125,1.125],"tintindex":0,"rotation":0,"texture":"#0"},"west":{"uv":[5.625,4.125,6.25,4.5],"tintindex":0,"rotation":0,"texture":"#0"},"up":{"uv":[6.125,1.25,5.75,0.625],"tintindex":0,"rotation":0,"texture":"#0"},"down":{"uv":[6.125,2.125,5.75,2.75],"tintindex":0,"rotation":0,"texture":"#0"}}}],"display":{"gui":{"rotation":[-150.0,-45.0,180.0]}}}