{
	"format_version": "1.21.6",
	"credit": "Made with Blockbench",
	"textures": {
		"2": "modelengine:entity/mushroom_ascendant_icon"
	},
	"elements": [
		{
			"from": [4, 4, 4],
			"to": [12, 8, 12],
			"rotation": {"angle": 0, "axis": "y", "origin": [8, 2, 8]},
			"faces": {
				"north": {"uv": [8.625, 3.625, 9.625, 4.125], "texture": "#2"},
				"east": {"uv": [5.125, 9, 6.125, 9.5], "texture": "#2"},
				"south": {"uv": [9.125, 7.125, 10.125, 7.625], "texture": "#2"},
				"west": {"uv": [9.125, 7.75, 10.125, 8.25], "texture": "#2"},
				"up": {"uv": [8.5, 4.625, 7.5, 3.625], "texture": "#2"},
				"down": {"uv": [3.5, 7.625, 2.5, 8.625], "texture": "#2"}
			}
		},
		{
			"from": [-3, 8, -3],
			"to": [19, 11, 19],
			"rotation": {"angle": 0, "axis": "y", "origin": [8, 9.5, 8]},
			"faces": {
				"north": {"uv": [7.5, 1.625, 10.25, 2], "texture": "#2"},
				"east": {"uv": [7.5, 2.125, 10.25, 2.5], "texture": "#2"},
				"south": {"uv": [7.5, 2.625, 10.25, 3], "texture": "#2"},
				"west": {"uv": [7.5, 3.125, 10.25, 3.5], "texture": "#2"},
				"up": {"uv": [5.75, 2.75, 3, 0], "texture": "#2"},
				"down": {"uv": [5.75, 2.875, 3, 5.625], "texture": "#2"}
			}
		},
		{
			"from": [1, 11, 1],
			"to": [15, 14, 15],
			"rotation": {"angle": 0, "axis": "y", "origin": [8, 11, 8]},
			"faces": {
				"north": {"uv": [8.375, 0, 10.125, 0.375], "texture": "#2"},
				"east": {"uv": [8.375, 0.5, 10.125, 0.875], "texture": "#2"},
				"south": {"uv": [8.375, 1, 10.125, 1.375], "texture": "#2"},
				"west": {"uv": [8.375, 6.625, 10.125, 7], "texture": "#2"},
				"up": {"uv": [4.75, 7.5, 3, 5.75], "texture": "#2"},
				"down": {"uv": [6.625, 5.75, 4.875, 7.5], "texture": "#2"}
			}
		},
		{
			"name": "cube inverted",
			"from": [19.25, 8.225, 19.25],
			"to": [-3.25, 7.725, -3.25],
			"rotation": {"angle": 0, "axis": "y", "origin": [8.25, 7.975, 8.25]},
			"faces": {
				"north": {"uv": [8.75, 9.5, 11.625, 9.625], "texture": "#2"},
				"east": {"uv": [9.75, 3.625, 12.625, 3.75], "texture": "#2"},
				"south": {"uv": [9.75, 3.875, 12.625, 4], "texture": "#2"},
				"west": {"uv": [9.75, 8.375, 12.625, 8.5], "texture": "#2"},
				"up": {"uv": [2.875, 2.875, 0, 0], "texture": "#2"},
				"down": {"uv": [2.875, 3, 0, 5.875], "texture": "#2"}
			}
		},
		{
			"from": [0.5, 3.75, 3.975],
			"to": [15.5, 7.75, 3.975],
			"rotation": {"angle": 0, "axis": "y", "origin": [7.5, 1.75, 2.975]},
			"faces": {
				"north": {"uv": [7.5, 4.75, 9.375, 5.25], "texture": "#2"},
				"east": {"uv": [6.625, 7.625, 6.625, 8.125], "texture": "#2"},
				"south": {"uv": [9.375, 4.75, 7.5, 5.25], "texture": "#2"},
				"west": {"uv": [6.625, 7.625, 6.625, 8.125], "texture": "#2"},
				"up": {"uv": [10.25, 1.5, 8.375, 1.5], "texture": "#2"},
				"down": {"uv": [10.25, 1.5, 8.375, 1.5], "texture": "#2"}
			}
		},
		{
			"from": [-2, 4, 8],
			"to": [18, 10, 8],
			"rotation": {"angle": 0, "axis": "y", "origin": [8, 6, 8]},
			"faces": {
				"north": {"uv": [0, 6, 2.5, 6.75], "texture": "#2"},
				"east": {"uv": [0, 10.25, 0, 11], "texture": "#2"},
				"south": {"uv": [2.5, 6, 0, 6.75], "texture": "#2"},
				"west": {"uv": [0, 10.25, 0, 11], "texture": "#2"},
				"up": {"uv": [12, 6.5, 9.5, 6.5], "texture": "#2"},
				"down": {"uv": [12, 6.5, 9.5, 6.5], "texture": "#2"}
			}
		}
	],
	"gui_light": "front",
	"display": {
		"gui": {
			"rotation": [168.53, 7.43, -177.14],
			"translation": [0, -0.25, 0],
			"scale": [0.6, 0.6, 0.6]
		}
	},
	"groups": [
		{
			"name": "hi_head",
			"origin": [0, 19, 0],
			"color": 0,
			"children": [0, 1, 2, 3, 4, 5]
		}
	]
}