{"textures":{"0":"modelengine:entity/nocsy_chibi_pegasus","particle":"#0"},"elements":[{"from":[5.0,3.6,4.0],"to":[11.0,8.6,14.0],"faces":{"east":{"uv":[4.25,3.75,5.5,4.375],"tintindex":0,"rotation":0,"texture":"#0"},"south":{"uv":[4.75,0.75,5.5,1.375],"tintindex":0,"rotation":0,"texture":"#0"},"north":{"uv":[4.75,0.0,5.5,0.625],"tintindex":0,"rotation":0,"texture":"#0"},"west":{"uv":[4.25,4.5,5.5,5.125],"tintindex":0,"rotation":0,"texture":"#0"},"up":{"uv":[3.25,5.0,2.5,3.75],"tintindex":0,"rotation":0,"texture":"#0"},"down":{"uv":[4.125,3.75,3.375,5.0],"tintindex":0,"rotation":0,"texture":"#0"}}}],"display":{"gui":{"rotation":[-150.0,-45.0,180.0]}}}