{"textures":{"0":"modelengine:entity/nocsy_chibi_pegasus","particle":"#0"},"elements":[{"from":[7.5,7.5999994,7.5],"to":[8.5,9.6,8.5],"faces":{"east":{"uv":[0.75,8.0,0.875,8.25],"tintindex":0,"rotation":0,"texture":"#0"},"south":{"uv":[1.0,8.0,1.125,8.25],"tintindex":0,"rotation":0,"texture":"#0"},"north":{"uv":[0.5,8.0,0.625,8.25],"tintindex":0,"rotation":0,"texture":"#0"},"west":{"uv":[1.25,8.0,1.375,8.25],"tintindex":0,"rotation":0,"texture":"#0"},"up":{"uv":[8.125,6.0,8.0,5.875],"tintindex":0,"rotation":0,"texture":"#0"},"down":{"uv":[8.125,6.125,8.0,6.25],"tintindex":0,"rotation":0,"texture":"#0"}}}],"display":{"gui":{"rotation":[-150.0,-45.0,180.0]}}}