{"textures":{"0":"modelengine:entity/nocsy_chibi_pegasus","particle":"#0"},"elements":[{"from":[7.5,7.5999994,7.5],"to":[8.5,9.6,8.5],"faces":{"east":{"uv":[6.25,7.0,6.375,7.25],"tintindex":0,"rotation":0,"texture":"#0"},"south":{"uv":[0.0,8.0,0.125,8.25],"tintindex":0,"rotation":0,"texture":"#0"},"north":{"uv":[1.5,6.875,1.625,7.125],"tintindex":0,"rotation":0,"texture":"#0"},"west":{"uv":[0.25,8.0,0.375,8.25],"tintindex":0,"rotation":0,"texture":"#0"},"up":{"uv":[7.25,3.875,7.125,3.75],"tintindex":0,"rotation":0,"texture":"#0"},"down":{"uv":[7.25,6.0,7.125,6.125],"tintindex":0,"rotation":0,"texture":"#0"}}}],"display":{"gui":{"rotation":[-150.0,-45.0,180.0]}}}