{"textures":{"0":"modelengine:entity/nocsy_chibi_pegasus","particle":"#0"},"elements":[{"from":[5.5,8.466411,1.6497297],"to":[9.5,11.466411,4.6497297],"faces":{"east":{"uv":[6.25,7.375,6.625,7.75],"tintindex":0,"rotation":0,"texture":"#0"},"south":{"uv":[6.5,6.875,7.0,7.25],"tintindex":0,"rotation":0,"texture":"#0"},"north":{"uv":[3.25,6.875,3.75,7.25],"tintindex":0,"rotation":0,"texture":"#0"},"west":{"uv":[0.0,7.5,0.375,7.875],"tintindex":0,"rotation":0,"texture":"#0"},"up":{"uv":[0.5,7.375,0.0,7.0],"tintindex":0,"rotation":0,"texture":"#0"},"down":{"uv":[7.5,0.625,7.0,1.0],"tintindex":0,"rotation":0,"texture":"#0"}}},{"from":[7.0,5.4664106,6.6497297],"to":[8.0,12.46641,10.649729],"faces":{"east":{"uv":[0.0,5.25,0.5,6.125],"tintindex":0,"rotation":0,"texture":"#0"},"south":{"uv":[7.5,3.75,7.625,4.625],"tintindex":0,"rotation":0,"texture":"#0"},"north":{"uv":[6.75,7.375,6.875,8.25],"tintindex":0,"rotation":0,"texture":"#0"},"west":{"uv":[0.625,5.25,1.125,6.125],"tintindex":0,"rotation":0,"texture":"#0"},"up":{"uv":[4.375,6.5,4.25,6.0],"tintindex":0,"rotation":0,"texture":"#0"},"down":{"uv":[1.125,6.25,1.0,6.75],"tintindex":0,"rotation":0,"texture":"#0"}}},{"from":[10.125,9.966411,4.6497297],"to":[10.125,10.466411,5.1497297],"faces":{"east":{"uv":[2.75,8.125,2.875,8.25],"tintindex":0,"rotation":0,"texture":"#0"},"west":{"uv":[3.0,8.125,3.125,8.25],"tintindex":0,"rotation":0,"texture":"#0"}}},{"from":[4.9,9.36641,4.54973],"to":[6.1,10.566411,5.7497296],"faces":{"east":{"uv":[8.125,0.375,8.25,0.5],"tintindex":0,"rotation":0,"texture":"#0"},"south":{"uv":[8.125,0.625,8.25,0.75],"tintindex":0,"rotation":0,"texture":"#0"},"north":{"uv":[8.0,6.375,8.125,6.5],"tintindex":0,"rotation":0,"texture":"#0"},"west":{"uv":[1.5,8.125,1.625,8.25],"tintindex":0,"rotation":0,"texture":"#0"},"up":{"uv":[1.875,8.25,1.75,8.125],"tintindex":0,"rotation":0,"texture":"#0"},"down":{"uv":[2.125,8.125,2.0,8.25],"tintindex":0,"rotation":0,"texture":"#0"}}},{"from":[8.9,9.36641,4.54973],"to":[10.1,10.566411,5.7497296],"faces":{"east":{"uv":[8.125,6.875,8.25,7.0],"tintindex":0,"rotation":0,"texture":"#0"},"south":{"uv":[7.0,8.125,7.125,8.25],"tintindex":0,"rotation":0,"texture":"#0"},"north":{"uv":[8.125,6.625,8.25,6.75],"tintindex":0,"rotation":0,"texture":"#0"},"west":{"uv":[8.125,7.125,8.25,7.25],"tintindex":0,"rotation":0,"texture":"#0"},"up":{"uv":[7.375,8.25,7.25,8.125],"tintindex":0,"rotation":0,"texture":"#0"},"down":{"uv":[8.25,7.375,8.125,7.5],"tintindex":0,"rotation":0,"texture":"#0"}}},{"from":[8.9,9.36641,4.54973],"to":[10.1,10.566411,5.7497296],"faces":{"east":{"uv":[8.125,3.25,8.25,3.375],"tintindex":0,"rotation":0,"texture":"#0"},"south":{"uv":[8.125,4.75,8.25,4.875],"tintindex":0,"rotation":0,"texture":"#0"},"north":{"uv":[8.125,3.0,8.25,3.125],"tintindex":0,"rotation":0,"texture":"#0"},"west":{"uv":[8.125,5.0,8.25,5.125],"tintindex":0,"rotation":0,"texture":"#0"},"up":{"uv":[8.25,5.375,8.125,5.25],"tintindex":0,"rotation":0,"texture":"#0"},"down":{"uv":[8.25,5.5,8.125,5.625],"tintindex":0,"rotation":0,"texture":"#0"}}},{"from":[7.5,2.4664106,5.6497297],"to":[7.5,13.46641,14.64973],"faces":{"east":{"uv":[0.0,3.75,1.125,5.125],"tintindex":0,"rotation":0,"texture":"#0"},"west":{"uv":[1.25,3.75,2.375,5.125],"tintindex":0,"rotation":0,"texture":"#0"}}},{"from":[4.875,9.966411,4.6497297],"to":[4.875,10.466411,5.1497297],"faces":{"east":{"uv":[2.25,8.125,2.375,8.25],"tintindex":0,"rotation":0,"texture":"#0"},"west":{"uv":[2.5,8.125,2.625,8.25],"tintindex":0,"rotation":0,"texture":"#0"}}},{"from":[5.5,7.4664106,2.6497297],"to":[9.5,8.466411,4.6497297],"faces":{"east":{"uv":[5.625,5.0,5.875,5.125],"tintindex":0,"rotation":0,"texture":"#0"},"south":{"uv":[7.5,7.875,8.0,8.0],"tintindex":0,"rotation":0,"texture":"#0"},"north":{"uv":[4.75,3.5,5.25,3.625],"tintindex":0,"rotation":0,"texture":"#0"},"west":{"uv":[6.125,0.625,6.375,0.75],"tintindex":0,"rotation":0,"texture":"#0"},"up":{"uv":[2.5,7.75,2.0,7.5],"tintindex":0,"rotation":0,"texture":"#0"},"down":{"uv":[3.125,7.5,2.625,7.75],"tintindex":0,"rotation":0,"texture":"#0"}}},{"from":[5.0,7.4664106,4.6497297],"to":[10.0,11.466411,9.64973],"faces":{"east":{"uv":[5.25,5.25,5.875,5.75],"tintindex":0,"rotation":0,"texture":"#0"},"south":{"uv":[5.375,1.5,6.0,2.0],"tintindex":0,"rotation":0,"texture":"#0"},"north":{"uv":[4.5,5.25,5.125,5.75],"tintindex":0,"rotation":0,"texture":"#0"},"west":{"uv":[5.375,2.125,6.0,2.625],"tintindex":0,"rotation":0,"texture":"#0"},"up":{"uv":[1.875,5.875,1.25,5.25],"tintindex":0,"rotation":0,"texture":"#0"},"down":{"uv":[4.375,5.25,3.75,5.875],"tintindex":0,"rotation":0,"texture":"#0"}}}],"display":{"gui":{"rotation":[-150.0,-45.0,180.0]}}}