{"textures":{"0":"modelengine:entity/nocsy_chibi_pegasus","particle":"#0"},"elements":[{"from":[6.7,3.6256654,7.0915785],"to":[9.3,9.225665,9.691579],"faces":{"east":{"uv":[5.375,2.75,5.75,3.5],"tintindex":0,"rotation":0,"texture":"#0"},"south":{"uv":[5.625,0.0,6.0,0.75],"tintindex":0,"rotation":0,"texture":"#0"},"north":{"uv":[2.0,5.25,2.375,6.0],"tintindex":0,"rotation":0,"texture":"#0"},"west":{"uv":[5.625,3.625,6.0,4.375],"tintindex":0,"rotation":0,"texture":"#0"},"up":{"uv":[7.375,4.375,7.0,4.0],"tintindex":0,"rotation":0,"texture":"#0"},"down":{"uv":[7.375,4.5,7.0,4.875],"tintindex":0,"rotation":0,"texture":"#0"}}},{"from":[6.4,2.4256654,6.791579],"to":[9.6,4.625665,9.991579],"faces":{"east":{"uv":[7.5,6.0,7.875,6.25],"tintindex":0,"rotation":0,"texture":"#0"},"south":{"uv":[7.5,6.375,7.875,6.625],"tintindex":0,"rotation":0,"texture":"#0"},"north":{"uv":[5.75,7.5,6.125,7.75],"tintindex":0,"rotation":0,"texture":"#0"},"west":{"uv":[7.625,0.5,8.0,0.75],"tintindex":0,"rotation":0,"texture":"#0"},"up":{"uv":[6.125,7.375,5.75,7.0],"tintindex":0,"rotation":0,"texture":"#0"},"down":{"uv":[7.375,6.25,7.0,6.625],"tintindex":0,"rotation":0,"texture":"#0"}}}],"display":{"gui":{"rotation":[-150.0,-45.0,180.0]}}}