{"textures":{"0":"modelengine:entity/nocsy_chibi_pegasus","particle":"#0"},"elements":[{"from":[-9.0,7.8999996,5.0],"to":[9.0,7.8999996,19.0],"faces":{"up":{"uv":[4.625,1.75,2.375,0.0],"tintindex":0,"rotation":0,"texture":"#0"},"down":{"uv":[4.625,1.875,2.375,3.625],"tintindex":0,"rotation":0,"texture":"#0"}}},{"from":[3.0,7.5,7.0],"to":[9.0,8.5,8.0],"faces":{"east":{"uv":[5.75,6.75,5.875,6.875],"tintindex":0,"rotation":0,"texture":"#0"},"south":{"uv":[7.75,4.5,8.5,4.625],"tintindex":0,"rotation":0,"texture":"#0"},"north":{"uv":[7.75,4.25,8.5,4.375],"tintindex":0,"rotation":0,"texture":"#0"},"west":{"uv":[7.0,1.125,7.125,1.25],"tintindex":0,"rotation":0,"texture":"#0"},"up":{"uv":[2.25,8.0,1.5,7.875],"tintindex":0,"rotation":0,"texture":"#0"},"down":{"uv":[3.125,7.875,2.375,8.0],"tintindex":0,"rotation":0,"texture":"#0"}}}],"display":{"gui":{"rotation":[-150.0,-45.0,180.0]}}}