{"textures":{"0":"modelengine:entity/nocsy_chibi_pegasus","particle":"#0"},"elements":[{"from":[6.5,5.0000005,5.5],"to":[9.5,9.0,9.5],"faces":{"east":{"uv":[6.0,5.0,6.5,5.5],"tintindex":0,"rotation":0,"texture":"#0"},"south":{"uv":[6.5,6.25,6.875,6.75],"tintindex":0,"rotation":0,"texture":"#0"},"north":{"uv":[6.5,4.375,6.875,4.875],"tintindex":0,"rotation":0,"texture":"#0"},"west":{"uv":[6.0,5.625,6.5,6.125],"tintindex":0,"rotation":0,"texture":"#0"},"up":{"uv":[7.0,3.875,6.625,3.375],"tintindex":0,"rotation":0,"texture":"#0"},"down":{"uv":[7.0,5.0,6.625,5.5],"tintindex":0,"rotation":0,"texture":"#0"}}}],"display":{"gui":{"rotation":[-150.0,-45.0,180.0]}}}