{"textures":{"0":"modelengine:entity/nocsy_chibi_pegasus","particle":"#0"},"elements":[{"from":[6.5,5.0,6.5],"to":[9.5,9.0,9.5],"faces":{"east":{"uv":[4.25,6.75,4.625,7.25],"tintindex":0,"rotation":0,"texture":"#0"},"south":{"uv":[4.75,6.75,5.125,7.25],"tintindex":0,"rotation":0,"texture":"#0"},"north":{"uv":[6.75,2.0,7.125,2.5],"tintindex":0,"rotation":0,"texture":"#0"},"west":{"uv":[5.25,6.75,5.625,7.25],"tintindex":0,"rotation":0,"texture":"#0"},"up":{"uv":[7.625,0.375,7.25,0.0],"tintindex":0,"rotation":0,"texture":"#0"},"down":{"uv":[7.625,1.125,7.25,1.5],"tintindex":0,"rotation":0,"texture":"#0"}}}],"display":{"gui":{"rotation":[-150.0,-45.0,180.0]}}}