{"textures":{"0":"modelengine:entity/nocsy_chibi_pegasus","particle":"#0"},"elements":[{"from":[6.4,3.0,6.4],"to":[9.6,5.2,9.6],"faces":{"east":{"uv":[7.625,7.125,8.0,7.375],"tintindex":0,"rotation":0,"texture":"#0"},"south":{"uv":[7.625,7.5,8.0,7.75],"tintindex":0,"rotation":0,"texture":"#0"},"north":{"uv":[7.625,6.75,8.0,7.0],"tintindex":0,"rotation":0,"texture":"#0"},"west":{"uv":[7.75,0.0,8.125,0.25],"tintindex":0,"rotation":0,"texture":"#0"},"up":{"uv":[7.5,7.625,7.125,7.25],"tintindex":0,"rotation":0,"texture":"#0"},"down":{"uv":[1.875,7.375,1.5,7.75],"tintindex":0,"rotation":0,"texture":"#0"}}},{"from":[6.7,4.1,6.7],"to":[9.3,8.7,9.3],"faces":{"east":{"uv":[2.875,6.125,3.25,6.75],"tintindex":0,"rotation":0,"texture":"#0"},"south":{"uv":[6.125,3.625,6.5,4.25],"tintindex":0,"rotation":0,"texture":"#0"},"north":{"uv":[2.375,6.125,2.75,6.75],"tintindex":0,"rotation":0,"texture":"#0"},"west":{"uv":[0.0,6.25,0.375,6.875],"tintindex":0,"rotation":0,"texture":"#0"},"up":{"uv":[7.625,2.0,7.25,1.625],"tintindex":0,"rotation":0,"texture":"#0"},"down":{"uv":[7.625,2.125,7.25,2.5],"tintindex":0,"rotation":0,"texture":"#0"}}}],"display":{"gui":{"rotation":[-150.0,-45.0,180.0]}}}