{"textures":{"0":"modelengine:entity/nocsy_chibi_pegasus","particle":"#0"},"elements":[{"from":[6.5,5.0000005,6.0],"to":[10.5,12.0,10.0],"faces":{"east":{"uv":[4.75,2.5,5.25,3.375],"tintindex":0,"rotation":0,"texture":"#0"},"south":{"uv":[2.5,5.125,3.0,6.0],"tintindex":0,"rotation":0,"texture":"#0"},"north":{"uv":[4.75,1.5,5.25,2.375],"tintindex":0,"rotation":0,"texture":"#0"},"west":{"uv":[3.125,5.125,3.625,6.0],"tintindex":0,"rotation":0,"texture":"#0"},"up":{"uv":[2.25,6.625,1.75,6.125],"tintindex":0,"rotation":0,"texture":"#0"},"down":{"uv":[6.625,2.0,6.125,2.5],"tintindex":0,"rotation":0,"texture":"#0"}}}],"display":{"gui":{"rotation":[-150.0,-45.0,180.0]}}}