{"textures":{"0":"modelengine:entity/nocsy_chibi_pegasus","particle":"#0"},"elements":[{"from":[6.7,3.6256654,7.0915785],"to":[9.3,9.225665,9.691579],"faces":{"east":{"uv":[4.5,5.875,4.875,6.625],"tintindex":0,"rotation":0,"texture":"#0"},"south":{"uv":[5.0,5.875,5.375,6.625],"tintindex":0,"rotation":0,"texture":"#0"},"north":{"uv":[5.875,2.75,6.25,3.5],"tintindex":0,"rotation":0,"texture":"#0"},"west":{"uv":[5.5,5.875,5.875,6.625],"tintindex":0,"rotation":0,"texture":"#0"},"up":{"uv":[7.5,3.625,7.125,3.25],"tintindex":0,"rotation":0,"texture":"#0"},"down":{"uv":[7.5,5.0,7.125,5.375],"tintindex":0,"rotation":0,"texture":"#0"}}},{"from":[6.4,2.4256654,6.791579],"to":[9.6,4.625665,9.991579],"faces":{"east":{"uv":[7.625,4.75,8.0,5.0],"tintindex":0,"rotation":0,"texture":"#0"},"south":{"uv":[7.625,5.125,8.0,5.375],"tintindex":0,"rotation":0,"texture":"#0"},"north":{"uv":[7.625,3.125,8.0,3.375],"tintindex":0,"rotation":0,"texture":"#0"},"west":{"uv":[7.625,5.5,8.0,5.75],"tintindex":0,"rotation":0,"texture":"#0"},"up":{"uv":[7.5,5.875,7.125,5.5],"tintindex":0,"rotation":0,"texture":"#0"},"down":{"uv":[7.5,6.75,7.125,7.125],"tintindex":0,"rotation":0,"texture":"#0"}}}],"display":{"gui":{"rotation":[-150.0,-45.0,180.0]}}}