{"textures":{"0":"modelengine:entity/nocsy_chibi_pegasus","particle":"#0"},"elements":[{"from":[6.7,4.1,6.7],"to":[9.3,8.7,9.3],"faces":{"east":{"uv":[6.0,6.25,6.375,6.875],"tintindex":0,"rotation":0,"texture":"#0"},"south":{"uv":[6.375,2.625,6.75,3.25],"tintindex":0,"rotation":0,"texture":"#0"},"north":{"uv":[0.5,6.25,0.875,6.875],"tintindex":0,"rotation":0,"texture":"#0"},"west":{"uv":[6.5,0.625,6.875,1.25],"tintindex":0,"rotation":0,"texture":"#0"},"up":{"uv":[4.125,7.75,3.75,7.375],"tintindex":0,"rotation":0,"texture":"#0"},"down":{"uv":[4.625,7.375,4.25,7.75],"tintindex":0,"rotation":0,"texture":"#0"}}},{"from":[6.4,3.0,6.4],"to":[9.6,5.2,9.6],"faces":{"east":{"uv":[7.75,1.25,8.125,1.5],"tintindex":0,"rotation":0,"texture":"#0"},"south":{"uv":[7.75,1.625,8.125,1.875],"tintindex":0,"rotation":0,"texture":"#0"},"north":{"uv":[7.75,0.875,8.125,1.125],"tintindex":0,"rotation":0,"texture":"#0"},"west":{"uv":[7.75,2.0,8.125,2.25],"tintindex":0,"rotation":0,"texture":"#0"},"up":{"uv":[5.125,7.75,4.75,7.375],"tintindex":0,"rotation":0,"texture":"#0"},"down":{"uv":[5.625,7.375,5.25,7.75],"tintindex":0,"rotation":0,"texture":"#0"}}}],"display":{"gui":{"rotation":[-150.0,-45.0,180.0]}}}