{"textures":{"0":"modelengine:entity/nocsy_chibi_pegasus","particle":"#0"},"elements":[{"from":[6.5,5.0000005,5.5],"to":[9.5,9.0,9.5],"faces":{"east":{"uv":[6.125,0.0,6.625,0.5],"tintindex":0,"rotation":0,"texture":"#0"},"south":{"uv":[6.75,0.0,7.125,0.5],"tintindex":0,"rotation":0,"texture":"#0"},"north":{"uv":[6.625,5.625,7.0,6.125],"tintindex":0,"rotation":0,"texture":"#0"},"west":{"uv":[6.125,1.375,6.625,1.875],"tintindex":0,"rotation":0,"texture":"#0"},"up":{"uv":[7.125,1.875,6.75,1.375],"tintindex":0,"rotation":0,"texture":"#0"},"down":{"uv":[2.125,6.75,1.75,7.25],"tintindex":0,"rotation":0,"texture":"#0"}}}],"display":{"gui":{"rotation":[-150.0,-45.0,180.0]}}}