{"textures":{"0":"modelengine:entity/nocsy_chibi_pegasus","particle":"#0"},"elements":[{"from":[6.5,5.0,6.5],"to":[9.5,9.0,9.5],"faces":{"east":{"uv":[2.25,6.875,2.625,7.375],"tintindex":0,"rotation":0,"texture":"#0"},"south":{"uv":[6.875,2.625,7.25,3.125],"tintindex":0,"rotation":0,"texture":"#0"},"north":{"uv":[1.0,6.875,1.375,7.375],"tintindex":0,"rotation":0,"texture":"#0"},"west":{"uv":[2.75,6.875,3.125,7.375],"tintindex":0,"rotation":0,"texture":"#0"},"up":{"uv":[7.75,3.0,7.375,2.625],"tintindex":0,"rotation":0,"texture":"#0"},"down":{"uv":[3.625,7.375,3.25,7.75],"tintindex":0,"rotation":0,"texture":"#0"}}}],"display":{"gui":{"rotation":[-150.0,-45.0,180.0]}}}