{"textures":{"0":"modelengine:entity/nocsy_chibi_pegasus","particle":"#0"},"elements":[{"from":[7.0,7.5,7.0],"to":[13.0,8.5,8.0],"faces":{"east":{"uv":[6.375,3.375,6.5,3.5],"tintindex":0,"rotation":0,"texture":"#0"},"south":{"uv":[7.75,2.375,8.5,2.5],"tintindex":0,"rotation":0,"texture":"#0"},"north":{"uv":[7.625,3.5,8.375,3.625],"tintindex":0,"rotation":0,"texture":"#0"},"west":{"uv":[3.375,6.625,3.5,6.75],"tintindex":0,"rotation":0,"texture":"#0"},"up":{"uv":[8.5,3.875,7.75,3.75],"tintindex":0,"rotation":0,"texture":"#0"},"down":{"uv":[8.5,4.0,7.75,4.125],"tintindex":0,"rotation":0,"texture":"#0"}}},{"from":[7.0,7.8999996,5.0],"to":[25.0,7.8999996,19.0],"faces":{"up":{"uv":[2.25,1.75,0.0,0.0],"tintindex":0,"rotation":0,"texture":"#0"},"down":{"uv":[2.25,1.875,0.0,3.625],"tintindex":0,"rotation":0,"texture":"#0"}}}],"display":{"gui":{"rotation":[-150.0,-45.0,180.0]}}}