{"textures":{"0":"modelengine:entity/nocsy_chibi_pegasus","particle":"#0"},"elements":[{"from":[6.5,6.848748,7.5618033],"to":[9.5,9.848748,13.561804],"faces":{"east":{"uv":[5.625,0.875,6.375,1.25],"tintindex":0,"rotation":0,"texture":"#0"},"south":{"uv":[1.0,7.5,1.375,7.875],"tintindex":0,"rotation":0,"texture":"#0"},"north":{"uv":[0.5,7.5,0.875,7.875],"tintindex":0,"rotation":0,"texture":"#0"},"west":{"uv":[5.625,4.5,6.375,4.875],"tintindex":0,"rotation":0,"texture":"#0"},"up":{"uv":[1.625,6.75,1.25,6.0],"tintindex":0,"rotation":0,"texture":"#0"},"down":{"uv":[4.125,6.0,3.75,6.75],"tintindex":0,"rotation":0,"texture":"#0"}}},{"from":[6.5,6.848748,13.561804],"to":[6.5,9.848748,15.561804],"faces":{"east":{"uv":[0.625,7.0,0.875,7.375],"tintindex":0,"rotation":0,"texture":"#0"},"west":{"uv":[4.25,7.875,4.5,8.25],"tintindex":0,"rotation":0,"texture":"#0"}}},{"from":[6.5,6.848748,13.561804],"to":[9.5,6.848748,15.561804],"faces":{"up":{"uv":[3.625,8.125,3.25,7.875],"tintindex":0,"rotation":0,"texture":"#0"},"down":{"uv":[4.125,7.875,3.75,8.125],"tintindex":0,"rotation":0,"texture":"#0"}}},{"from":[9.5,6.848748,13.561804],"to":[9.5,9.848748,15.561804],"faces":{"east":{"uv":[3.375,6.125,3.625,6.5],"tintindex":0,"rotation":0,"texture":"#0"},"west":{"uv":[3.875,6.875,4.125,7.25],"tintindex":0,"rotation":0,"texture":"#0"}}},{"from":[6.5,9.848748,13.561804],"to":[9.5,9.848748,15.561804],"faces":{"up":{"uv":[7.375,8.0,7.0,7.75],"tintindex":0,"rotation":0,"texture":"#0"},"down":{"uv":[8.25,2.625,7.875,2.875],"tintindex":0,"rotation":0,"texture":"#0"}}}],"display":{"gui":{"rotation":[-150.0,-45.0,180.0]}}}