{"textures":{"0":"modelengine:entity/nocsy_chibi_pegasus","particle":"#0"},"elements":[{"from":[7.0,6.0165567,8.010906],"to":[9.0,8.016557,11.010906],"faces":{"east":{"uv":[4.625,7.875,5.0,8.125],"tintindex":0,"rotation":0,"texture":"#0"},"south":{"uv":[6.375,7.875,6.625,8.125],"tintindex":0,"rotation":0,"texture":"#0"},"north":{"uv":[6.625,4.0,6.875,4.25],"tintindex":0,"rotation":0,"texture":"#0"},"west":{"uv":[5.125,7.875,5.5,8.125],"tintindex":0,"rotation":0,"texture":"#0"},"up":{"uv":[5.875,8.25,5.625,7.875],"tintindex":0,"rotation":0,"texture":"#0"},"down":{"uv":[6.25,7.875,6.0,8.25],"tintindex":0,"rotation":0,"texture":"#0"}}}],"display":{"gui":{"rotation":[-150.0,-45.0,180.0]}}}