{"textures":{"0":"modelengine:entity/nocsy_chibi_light_spirit","particle":"#0"},"elements":[{"from":[3.5,5.5,4.0],"to":[12.5,10.499999,12.0],"faces":{"east":{"uv":[7.375,2.125,8.375,2.75],"tintindex":0,"rotation":0,"texture":"#0"},"south":{"uv":[6.875,7.25,8.0,7.875],"tintindex":0,"rotation":0,"texture":"#0"},"north":{"uv":[5.625,7.25,6.75,7.875],"tintindex":0,"rotation":0,"texture":"#0"},"west":{"uv":[7.375,2.875,8.375,3.5],"tintindex":0,"rotation":0,"texture":"#0"},"up":{"uv":[6.375,1.0,5.25,0.0],"tintindex":0,"rotation":0,"texture":"#0"},"down":{"uv":[6.0,5.375,4.875,6.375],"tintindex":0,"rotation":0,"texture":"#0"}}}],"display":{"gui":{"rotation":[-150.0,-45.0,180.0]}}}