{"textures":{"0":"modelengine:entity/nocsy_chibi_light_spirit","particle":"#0"},"elements":[{"from":[5.78284,6.6000004,5.7],"to":[9.78284,10.6,9.7],"faces":{"east":{"uv":[7.875,8.375,8.375,8.875],"tintindex":0,"rotation":0,"texture":"#0"},"south":{"uv":[7.25,8.375,7.75,8.875],"tintindex":0,"rotation":0,"texture":"#0"},"north":{"uv":[6.625,8.375,7.125,8.875],"tintindex":0,"rotation":0,"texture":"#0"},"west":{"uv":[1.625,8.5,2.125,9.0],"tintindex":0,"rotation":0,"texture":"#0"},"up":{"uv":[9.0,2.5,8.5,2.0],"tintindex":0,"rotation":0,"texture":"#0"},"down":{"uv":[9.0,2.625,8.5,3.125],"tintindex":0,"rotation":0,"texture":"#0"}},"rotation":{"origin":[8.28284,8.0,8.0],"angle":-45.0,"axis":"z"}}],"display":{"gui":{"rotation":[-150.0,-45.0,180.0]}}}