{"textures":{"0":"modelengine:entity/nocsy_chibi_light_spirit","particle":"#0"},"elements":[{"from":[2.11925,6.0502396,9.84022],"to":[12.09925,16.03024,10.82022],"faces":{"east":{"uv":[0.25,9.125,0.375,10.375],"tintindex":0,"rotation":0,"texture":"#0"},"south":{"uv":[3.875,0.0,5.125,1.25],"tintindex":0,"rotation":0,"texture":"#0"},"north":{"uv":[3.625,2.875,4.875,4.125],"tintindex":0,"rotation":0,"texture":"#0"},"west":{"uv":[1.5,9.125,1.625,10.375],"tintindex":0,"rotation":0,"texture":"#0"},"up":{"uv":[10.375,2.125,9.125,2.0],"tintindex":0,"rotation":0,"texture":"#0"},"down":{"uv":[10.375,2.25,9.125,2.375],"tintindex":0,"rotation":0,"texture":"#0"}},"rotation":{"origin":[6.60925,16.04024,1.8302202],"angle":-22.5,"axis":"z"}},{"from":[4.44133,12.760239,9.83022],"to":[10.44133,17.760239,10.83022],"faces":{"east":{"uv":[5.5,9.375,5.625,10.0],"tintindex":0,"rotation":0,"texture":"#0"},"south":{"uv":[7.5,3.625,8.25,4.25],"tintindex":0,"rotation":0,"texture":"#0"},"north":{"uv":[7.5,0.875,8.25,1.5],"tintindex":0,"rotation":0,"texture":"#0"},"west":{"uv":[5.75,9.375,5.875,10.0],"tintindex":0,"rotation":0,"texture":"#0"},"up":{"uv":[9.875,3.125,9.125,3.0],"tintindex":0,"rotation":0,"texture":"#0"},"down":{"uv":[10.0,0.5,9.25,0.625],"tintindex":0,"rotation":0,"texture":"#0"}},"rotation":{"origin":[3.44133,12.760239,9.33022],"angle":22.5,"axis":"z"}},{"from":[5.48355,6.9557686,1.8302202],"to":[16.483551,8.955769,9.83022],"faces":{"east":{"uv":[8.375,1.125,9.375,1.375],"tintindex":0,"rotation":0,"texture":"#0"},"south":{"uv":[7.5,1.625,8.875,1.875],"tintindex":0,"rotation":0,"texture":"#0"},"north":{"uv":[7.375,6.625,8.75,6.875],"tintindex":0,"rotation":0,"texture":"#0"},"west":{"uv":[8.375,3.625,9.375,3.875],"tintindex":0,"rotation":0,"texture":"#0"},"up":{"uv":[2.625,5.625,1.25,4.625],"tintindex":0,"rotation":0,"texture":"#0"},"down":{"uv":[6.25,1.375,4.875,2.375],"tintindex":0,"rotation":0,"texture":"#0"}},"rotation":{"origin":[12.98355,9.955769,2.8302202],"angle":22.5,"axis":"z"}},{"from":[0.28090978,9.8083,1.8402202],"to":[2.2609098,17.7883,9.82022],"faces":{"east":{"uv":[2.25,5.75,1.25,6.75],"tintindex":0,"rotation":0,"texture":"#0"},"south":{"uv":[3.5,8.375,3.25,9.375],"tintindex":0,"rotation":0,"texture":"#0"},"north":{"uv":[0.75,8.125,0.5,9.125],"tintindex":0,"rotation":0,"texture":"#0"},"west":{"uv":[3.75,5.625,2.75,6.625],"tintindex":0,"rotation":0,"texture":"#0"},"up":{"uv":[5.0,8.375,4.75,9.375],"tintindex":0,"rotation":0,"texture":"#0"},"down":{"uv":[5.375,8.375,5.125,9.375],"tintindex":0,"rotation":0,"texture":"#0"}},"rotation":{"origin":[1.2709098,12.2983,2.8302202],"angle":-22.5,"axis":"z"}},{"from":[-0.49340916,6.9557686,1.8302202],"to":[10.50659,8.955769,9.83022],"faces":{"east":{"uv":[8.5,3.25,9.5,3.5],"tintindex":0,"rotation":0,"texture":"#0"},"south":{"uv":[7.125,8.0,8.5,8.25],"tintindex":0,"rotation":0,"texture":"#0"},"north":{"uv":[5.625,8.0,7.0,8.25],"tintindex":0,"rotation":0,"texture":"#0"},"west":{"uv":[8.5,8.375,9.5,8.625],"tintindex":0,"rotation":0,"texture":"#0"},"up":{"uv":[6.25,5.25,4.875,4.25],"tintindex":0,"rotation":0,"texture":"#0"},"down":{"uv":[6.375,2.5,5.0,3.5],"tintindex":0,"rotation":0,"texture":"#0"}},"rotation":{"origin":[3.00659,9.955769,2.8302202],"angle":-22.5,"axis":"z"}},{"from":[10.31371,13.624559,3.8402202],"to":[16.29371,18.604559,8.82022],"faces":{"east":{"uv":[8.625,4.375,8.0,5.0],"tintindex":0,"rotation":0,"texture":"#0"},"south":{"uv":[8.5,0.0,7.75,0.625],"tintindex":0,"rotation":0,"texture":"#0"},"north":{"uv":[5.5,7.625,4.75,8.25],"tintindex":0,"rotation":0,"texture":"#0"},"west":{"uv":[1.5,8.0,0.875,8.625],"tintindex":0,"rotation":0,"texture":"#0"},"up":{"uv":[2.375,8.5,3.125,7.875],"tintindex":0,"rotation":0,"texture":"#0"},"down":{"uv":[3.875,7.875,4.625,8.5],"tintindex":0,"rotation":0,"texture":"#0"}},"rotation":{"origin":[14.30371,15.914558,5.83022],"angle":22.5,"axis":"z"}},{"from":[13.729231,9.8083,1.8402202],"to":[15.70923,17.7883,9.82022],"faces":{"east":{"uv":[2.75,5.625,3.75,6.625],"tintindex":0,"rotation":0,"texture":"#0"},"south":{"uv":[3.25,8.375,3.5,9.375],"tintindex":0,"rotation":0,"texture":"#0"},"north":{"uv":[0.5,8.125,0.75,9.125],"tintindex":0,"rotation":0,"texture":"#0"},"west":{"uv":[1.25,5.75,2.25,6.75],"tintindex":0,"rotation":0,"texture":"#0"},"up":{"uv":[5.0,9.375,4.75,8.375],"tintindex":0,"rotation":0,"texture":"#0"},"down":{"uv":[5.375,8.375,5.125,9.375],"tintindex":0,"rotation":0,"texture":"#0"}},"rotation":{"origin":[14.719231,12.2983,2.8302202],"angle":22.5,"axis":"z"}},{"from":[9.89039,9.71311,3.3302202],"to":[10.89039,10.71311,3.3302202],"faces":{"south":{"uv":[1.375,4.25,1.5,4.375],"tintindex":0,"rotation":0,"texture":"#0"},"north":{"uv":[1.5,4.25,1.375,4.375],"tintindex":0,"rotation":0,"texture":"#0"}}},{"from":[3.56386,18.171558,1.8302202],"to":[9.56386,20.171558,9.83022],"faces":{"east":{"uv":[8.375,4.0,9.375,4.25],"tintindex":0,"rotation":0,"texture":"#0"},"south":{"uv":[8.875,6.625,9.625,6.875],"tintindex":0,"rotation":0,"texture":"#0"},"north":{"uv":[8.875,5.375,9.625,5.625],"tintindex":0,"rotation":0,"texture":"#0"},"west":{"uv":[5.5,8.375,6.5,8.625],"tintindex":0,"rotation":0,"texture":"#0"},"up":{"uv":[3.125,7.75,2.375,6.75],"tintindex":0,"rotation":0,"texture":"#0"},"down":{"uv":[1.625,6.875,0.875,7.875],"tintindex":0,"rotation":0,"texture":"#0"}},"rotation":{"origin":[9.06386,16.171558,2.8302202],"angle":22.5,"axis":"z"}},{"from":[6.42628,18.171558,1.8302202],"to":[12.42628,20.171558,9.83022],"faces":{"east":{"uv":[8.125,7.5,9.125,7.75],"tintindex":0,"rotation":0,"texture":"#0"},"south":{"uv":[8.625,7.875,9.375,8.125],"tintindex":0,"rotation":0,"texture":"#0"},"north":{"uv":[6.5,3.25,7.25,3.5],"tintindex":0,"rotation":0,"texture":"#0"},"west":{"uv":[8.25,5.875,9.25,6.125],"tintindex":0,"rotation":0,"texture":"#0"},"up":{"uv":[7.25,3.125,6.5,2.125],"tintindex":0,"rotation":0,"texture":"#0"},"down":{"uv":[5.5,6.5,4.75,7.5],"tintindex":0,"rotation":0,"texture":"#0"}},"rotation":{"origin":[6.92628,16.171558,2.8302202],"angle":-22.5,"axis":"z"}},{"from":[3.6950698,8.455769,3.4302197],"to":[6.6950703,12.455769,3.4302197],"faces":{"south":{"uv":[8.0,9.0,7.625,9.5],"tintindex":0,"rotation":0,"texture":"#0"},"north":{"uv":[7.625,9.0,8.0,9.5],"tintindex":0,"rotation":0,"texture":"#0"}}},{"from":[-0.30356908,13.624559,3.8402202],"to":[5.6764297,18.604559,8.82022],"faces":{"east":{"uv":[0.875,8.0,1.5,8.625],"tintindex":0,"rotation":0,"texture":"#0"},"south":{"uv":[7.75,0.0,8.5,0.625],"tintindex":0,"rotation":0,"texture":"#0"},"north":{"uv":[4.75,7.625,5.5,8.25],"tintindex":0,"rotation":0,"texture":"#0"},"west":{"uv":[8.0,4.375,8.625,5.0],"tintindex":0,"rotation":0,"texture":"#0"},"up":{"uv":[3.125,8.5,2.375,7.875],"tintindex":0,"rotation":0,"texture":"#0"},"down":{"uv":[4.625,7.875,3.875,8.5],"tintindex":0,"rotation":0,"texture":"#0"}},"rotation":{"origin":[1.68643,15.914558,5.83022],"angle":-22.5,"axis":"z"}},{"from":[9.29507,8.455769,3.4302197],"to":[12.295071,12.455769,3.4302197],"faces":{"south":{"uv":[7.625,9.0,8.0,9.5],"tintindex":0,"rotation":0,"texture":"#0"},"north":{"uv":[7.625,9.0,8.0,9.5],"tintindex":0,"rotation":0,"texture":"#0"}}},{"from":[4.12226,7.030239,10.82022],"to":[12.14226,14.05024,12.84022],"faces":{"east":{"uv":[3.125,8.625,2.875,9.5],"tintindex":0,"rotation":0,"texture":"#0"},"south":{"uv":[7.375,1.125,6.375,2.0],"tintindex":0,"rotation":0,"texture":"#0"},"north":{"uv":[7.125,5.375,6.125,6.25],"tintindex":0,"rotation":0,"texture":"#0"},"west":{"uv":[2.625,5.75,2.375,6.625],"tintindex":0,"rotation":0,"texture":"#0"},"up":{"uv":[8.25,6.5,9.25,6.25],"tintindex":0,"rotation":0,"texture":"#0"},"down":{"uv":[8.375,0.75,9.375,1.0],"tintindex":0,"rotation":0,"texture":"#0"}},"rotation":{"origin":[9.63226,16.04024,1.8302202],"angle":22.5,"axis":"z"}},{"from":[5.00507,11.935019,10.84022],"to":[10.985069,17.915018,12.82022],"faces":{"east":{"uv":[0.875,6.0,1.125,6.75],"tintindex":0,"rotation":0,"texture":"#0"},"south":{"uv":[3.875,7.0,4.625,7.75],"tintindex":0,"rotation":0,"texture":"#0"},"north":{"uv":[2.75,4.625,3.5,5.375],"tintindex":0,"rotation":0,"texture":"#0"},"west":{"uv":[4.25,8.625,4.5,9.375],"tintindex":0,"rotation":0,"texture":"#0"},"up":{"uv":[9.25,9.0,8.5,8.75],"tintindex":0,"rotation":0,"texture":"#0"},"down":{"uv":[9.625,5.0,8.875,5.25],"tintindex":0,"rotation":0,"texture":"#0"}},"rotation":{"origin":[7.99507,14.925018,11.33022],"angle":-45.0,"axis":"z"}},{"from":[3.98507,7.0748787,12.920219],"to":[12.00507,14.094879,12.94022],"faces":{"east":{"uv":[2.375,5.75,2.625,6.625],"tintindex":0,"rotation":0,"texture":"#0"},"south":{"uv":[6.375,3.625,7.375,4.5],"tintindex":0,"rotation":0,"texture":"#0"},"north":{"uv":[6.375,3.625,7.375,4.5],"tintindex":0,"rotation":0,"texture":"#0"},"west":{"uv":[2.875,8.625,3.125,9.5],"tintindex":0,"rotation":0,"texture":"#0"},"up":{"uv":[8.25,6.25,9.25,6.5],"tintindex":0,"rotation":0,"texture":"#0"},"down":{"uv":[8.375,0.75,9.375,1.0],"tintindex":0,"rotation":0,"texture":"#0"}}},{"from":[5.14152,15.947088,2.8520799],"to":[9.14152,19.947088,14.85208],"faces":{"east":{"uv":[6.375,4.625,7.875,5.125],"tintindex":0,"rotation":0,"texture":"#0"},"south":{"uv":[7.25,8.375,7.75,8.875],"tintindex":0,"rotation":0,"texture":"#0"},"north":{"uv":[6.625,8.375,7.125,8.875],"tintindex":0,"rotation":0,"texture":"#0"},"west":{"uv":[7.25,5.25,8.75,5.75],"tintindex":0,"rotation":0,"texture":"#0"},"up":{"uv":[3.75,8.25,3.25,6.75],"tintindex":0,"rotation":0,"texture":"#0"},"down":{"uv":[2.25,6.875,1.75,8.375],"tintindex":0,"rotation":0,"texture":"#0"}},"rotation":{"origin":[7.64152,16.947088,3.3520799],"angle":-45.0,"axis":"z"}},{"from":[0.99507,5.9557686,3.53022],"to":[14.9950695,18.955769,3.53022],"faces":{"south":{"uv":[1.75,0.0,0.0,1.625],"tintindex":0,"rotation":0,"texture":"#0"},"north":{"uv":[0.0,0.0,1.75,1.625],"tintindex":0,"rotation":0,"texture":"#0"}}},{"from":[5.54881,12.760239,9.83022],"to":[11.54881,17.760239,10.83022],"faces":{"east":{"uv":[1.0,9.375,1.125,10.0],"tintindex":0,"rotation":0,"texture":"#0"},"south":{"uv":[7.375,5.875,8.125,6.5],"tintindex":0,"rotation":0,"texture":"#0"},"north":{"uv":[0.0,7.375,0.75,8.0],"tintindex":0,"rotation":0,"texture":"#0"},"west":{"uv":[1.25,9.375,1.375,10.0],"tintindex":0,"rotation":0,"texture":"#0"},"up":{"uv":[6.0,1.25,5.25,1.125],"tintindex":0,"rotation":0,"texture":"#0"},"down":{"uv":[7.25,0.875,6.5,1.0],"tintindex":0,"rotation":0,"texture":"#0"}},"rotation":{"origin":[12.54881,12.760239,9.33022],"angle":-22.5,"axis":"z"}},{"from":[11.8133,17.02665,4.8402205],"to":[14.7933,21.006649,7.82022],"faces":{"east":{"uv":[7.5,9.0,7.125,9.5],"tintindex":0,"rotation":0,"texture":"#0"},"south":{"uv":[7.0,9.0,6.625,9.5],"tintindex":0,"rotation":0,"texture":"#0"},"north":{"uv":[6.0,6.5,5.625,7.0],"tintindex":0,"rotation":0,"texture":"#0"},"west":{"uv":[6.5,8.75,6.125,9.25],"tintindex":0,"rotation":0,"texture":"#0"},"up":{"uv":[0.5,9.75,0.875,9.375],"tintindex":0,"rotation":0,"texture":"#0"},"down":{"uv":[0.875,8.0,1.5,8.625],"tintindex":0,"rotation":0,"texture":"#0"}},"rotation":{"origin":[13.3033,15.71665,5.83022],"angle":-45.0,"axis":"z"}},{"from":[5.09975,9.71311,3.3302202],"to":[6.09975,10.71311,3.3302202],"faces":{"south":{"uv":[1.5,4.25,1.375,4.375],"tintindex":0,"rotation":0,"texture":"#0"},"north":{"uv":[1.375,4.25,1.5,4.375],"tintindex":0,"rotation":0,"texture":"#0"}}},{"from":[1.19684,17.02665,4.8402205],"to":[4.17684,21.006649,7.82022],"faces":{"east":{"uv":[6.125,8.75,6.5,9.25],"tintindex":0,"rotation":0,"texture":"#0"},"south":{"uv":[6.625,9.0,7.0,9.5],"tintindex":0,"rotation":0,"texture":"#0"},"north":{"uv":[5.625,6.5,6.0,7.0],"tintindex":0,"rotation":0,"texture":"#0"},"west":{"uv":[7.125,9.0,7.5,9.5],"tintindex":0,"rotation":0,"texture":"#0"},"up":{"uv":[0.875,9.75,0.5,9.375],"tintindex":0,"rotation":0,"texture":"#0"},"down":{"uv":[1.5,8.0,0.875,8.625],"tintindex":0,"rotation":0,"texture":"#0"}},"rotation":{"origin":[2.68684,15.71665,5.83022],"angle":45.0,"axis":"z"}},{"from":[3.89089,6.0502396,9.84022],"to":[13.87089,16.03024,10.82022],"faces":{"east":{"uv":[8.125,9.0,8.25,10.25],"tintindex":0,"rotation":0,"texture":"#0"},"south":{"uv":[3.5,1.5,4.75,2.75],"tintindex":0,"rotation":0,"texture":"#0"},"north":{"uv":[0.0,3.25,1.25,4.5],"tintindex":0,"rotation":0,"texture":"#0"},"west":{"uv":[0.0,9.125,0.125,10.375],"tintindex":0,"rotation":0,"texture":"#0"},"up":{"uv":[10.25,1.625,9.0,1.5],"tintindex":0,"rotation":0,"texture":"#0"},"down":{"uv":[10.25,1.75,9.0,1.875],"tintindex":0,"rotation":0,"texture":"#0"}},"rotation":{"origin":[9.38089,16.04024,1.8302202],"angle":22.5,"axis":"z"}},{"from":[3.6378999,6.9557686,3.8302202],"to":[12.637899,16.955769,9.83022],"faces":{"east":{"uv":[3.875,5.625,4.625,6.875],"tintindex":0,"rotation":0,"texture":"#0"},"south":{"uv":[0.0,4.625,1.125,5.875],"tintindex":0,"rotation":0,"texture":"#0"},"north":{"uv":[3.625,4.25,4.75,5.5],"tintindex":0,"rotation":0,"texture":"#0"},"west":{"uv":[0.0,6.0,0.75,7.25],"tintindex":0,"rotation":0,"texture":"#0"},"up":{"uv":[7.25,7.125,6.125,6.375],"tintindex":0,"rotation":0,"texture":"#0"},"down":{"uv":[7.625,0.0,6.5,0.75],"tintindex":0,"rotation":0,"texture":"#0"}}},{"from":[3.8478801,7.030239,10.82022],"to":[11.86788,14.05024,12.84022],"faces":{"east":{"uv":[2.375,5.75,2.625,6.625],"tintindex":0,"rotation":0,"texture":"#0"},"south":{"uv":[6.375,1.125,7.375,2.0],"tintindex":0,"rotation":0,"texture":"#0"},"north":{"uv":[6.125,5.375,7.125,6.25],"tintindex":0,"rotation":0,"texture":"#0"},"west":{"uv":[2.875,8.625,3.125,9.5],"tintindex":0,"rotation":0,"texture":"#0"},"up":{"uv":[9.25,6.5,8.25,6.25],"tintindex":0,"rotation":0,"texture":"#0"},"down":{"uv":[9.375,0.75,8.375,1.0],"tintindex":0,"rotation":0,"texture":"#0"}},"rotation":{"origin":[6.35788,16.04024,1.8302202],"angle":-22.5,"axis":"z"}}],"display":{"gui":{"rotation":[-150.0,-45.0,180.0]}}}