{"textures":{"0":"modelengine:entity/nocsy_chibi_light_spirit","particle":"#0"},"elements":[{"from":[7.04148,6.5783405,5.44933],"to":[18.041481,6.5783405,17.449331],"faces":{"up":{"uv":[3.375,3.0,2.0,1.5],"tintindex":0,"rotation":0,"texture":"#0"},"down":{"uv":[3.375,1.5,2.0,3.0],"tintindex":0,"rotation":0,"texture":"#0"}},"rotation":{"origin":[9.961,7.97834,9.284769],"angle":-45.0,"axis":"z"}},{"from":[6.78233,6.2176704,6.12256],"to":[9.78233,9.21767,13.1225605],"faces":{"east":{"uv":[5.0,3.625,5.875,4.0],"tintindex":0,"rotation":0,"texture":"#0"},"south":{"uv":[3.625,9.25,4.0,9.625],"tintindex":0,"rotation":0,"texture":"#0"},"north":{"uv":[2.25,9.25,2.625,9.625],"tintindex":0,"rotation":0,"texture":"#0"},"west":{"uv":[8.125,7.0,9.0,7.375],"tintindex":0,"rotation":0,"texture":"#0"},"up":{"uv":[1.75,4.125,1.375,3.25],"tintindex":0,"rotation":0,"texture":"#0"},"down":{"uv":[0.375,8.125,0.0,9.0],"tintindex":0,"rotation":0,"texture":"#0"}}}],"display":{"gui":{"rotation":[-150.0,-45.0,180.0]}}}