{"textures":{"0":"modelengine:entity/nocsy_chibi_light_spirit","particle":"#0"},"elements":[{"from":[5.78284,6.5999994,5.7],"to":[9.78284,10.6,9.7],"faces":{"east":{"uv":[2.25,8.625,2.75,9.125],"tintindex":0,"rotation":0,"texture":"#0"},"south":{"uv":[3.625,8.625,4.125,9.125],"tintindex":0,"rotation":0,"texture":"#0"},"north":{"uv":[8.625,0.0,9.125,0.5],"tintindex":0,"rotation":0,"texture":"#0"},"west":{"uv":[0.875,8.75,1.375,9.25],"tintindex":0,"rotation":0,"texture":"#0"},"up":{"uv":[9.25,4.875,8.75,4.375],"tintindex":0,"rotation":0,"texture":"#0"},"down":{"uv":[6.0,8.75,5.5,9.25],"tintindex":0,"rotation":0,"texture":"#0"}},"rotation":{"origin":[8.28284,8.0,8.0],"angle":-45.0,"axis":"z"}}],"display":{"gui":{"rotation":[-150.0,-45.0,180.0]}}}