{"textures":{"0":"modelengine:entity/nocsy_chibi_light_spirit","particle":"#0"},"elements":[{"from":[6.9,6.9000006,6.9],"to":[9.1,9.1,9.1],"faces":{"east":{"uv":[9.125,2.5,9.5,2.875],"tintindex":0,"rotation":0,"texture":"#0"},"south":{"uv":[9.125,7.0,9.5,7.375],"tintindex":0,"rotation":0,"texture":"#0"},"north":{"uv":[1.75,9.125,2.125,9.5],"tintindex":0,"rotation":0,"texture":"#0"},"west":{"uv":[8.375,9.125,8.75,9.5],"tintindex":0,"rotation":0,"texture":"#0"},"up":{"uv":[8.875,9.125,9.25,9.5],"tintindex":0,"rotation":0,"texture":"#0"},"down":{"uv":[9.25,0.0,9.625,0.375],"tintindex":0,"rotation":0,"texture":"#0"}}}],"display":{"gui":{"rotation":[-150.0,-45.0,180.0]}}}