{"textures":{"0":"modelengine:entity/nocsy_chibi_djinn_dragon","particle":"#0"},"elements":[{"from":[6.848259,5.56462,6.579694],"to":[8.848259,8.564619,8.579694],"faces":{"east":{"uv":[3.0,5.625,2.75,6.0],"tintindex":0,"rotation":0,"texture":"#0"},"south":{"uv":[5.875,2.25,5.625,2.625],"tintindex":0,"rotation":0,"texture":"#0"},"north":{"uv":[1.875,5.625,1.625,6.0],"tintindex":0,"rotation":0,"texture":"#0"},"west":{"uv":[5.875,1.75,5.625,2.125],"tintindex":0,"rotation":0,"texture":"#0"},"up":{"uv":[6.125,6.375,6.375,6.125],"tintindex":0,"rotation":0,"texture":"#0"},"down":{"uv":[6.25,1.5,6.5,1.75],"tintindex":0,"rotation":0,"texture":"#0"}}}],"display":{"gui":{"rotation":[-150.0,-45.0,180.0]}}}