{"textures":{"0":"modelengine:entity/nocsy_chibi_djinn_dragon","particle":"#0"},"elements":[{"from":[0.5,8.48369,7.1289263],"to":[8.5,8.48369,13.128926],"faces":{"up":{"uv":[2.0,0.75,3.0,0.0],"tintindex":0,"rotation":0,"texture":"#0"},"down":{"uv":[2.0,0.0,3.0,0.75],"tintindex":0,"rotation":0,"texture":"#0"}},"rotation":{"origin":[4.5,8.48369,10.328926],"angle":22.5,"axis":"y"}},{"from":[4.4608994,7.9836903,11.132353],"to":[8.460899,8.98369,12.132353],"faces":{"east":{"uv":[0.5,6.75,0.375,6.875],"tintindex":0,"rotation":0,"texture":"#0"},"south":{"uv":[6.5,2.375,6.0,2.5],"tintindex":0,"rotation":0,"texture":"#0"},"north":{"uv":[6.375,4.0,5.875,4.125],"tintindex":0,"rotation":0,"texture":"#0"},"west":{"uv":[6.375,6.5,6.25,6.625],"tintindex":0,"rotation":0,"texture":"#0"},"up":{"uv":[6.0,3.375,6.5,3.25],"tintindex":0,"rotation":0,"texture":"#0"},"down":{"uv":[6.0,3.5,6.5,3.625],"tintindex":0,"rotation":0,"texture":"#0"}},"rotation":{"origin":[6.4608994,8.48369,11.632353],"angle":22.5,"axis":"y"}},{"from":[7.5,7.9836903,7.328926],"to":[8.5,8.98369,11.328926],"faces":{"east":{"uv":[6.375,3.75,5.875,3.875],"tintindex":0,"rotation":0,"texture":"#0"},"south":{"uv":[4.375,6.125,4.25,6.25],"tintindex":0,"rotation":0,"texture":"#0"},"north":{"uv":[4.75,4.25,4.625,4.375],"tintindex":0,"rotation":0,"texture":"#0"},"west":{"uv":[2.5,3.75,2.0,3.875],"tintindex":0,"rotation":0,"texture":"#0"},"up":{"uv":[6.0,2.25,6.125,1.75],"tintindex":0,"rotation":0,"texture":"#0"},"down":{"uv":[2.0,6.0,2.125,6.5],"tintindex":0,"rotation":0,"texture":"#0"}}}],"display":{"gui":{"rotation":[-150.0,-45.0,180.0]}}}