{"textures":{"0":"modelengine:entity/nocsy_chibi_djinn_dragon","particle":"#0"},"elements":[{"from":[6.0,7.700001,4.5000005],"to":[10.0,9.700001,8.5],"faces":{"east":{"uv":[5.375,4.875,5.875,5.125],"tintindex":0,"rotation":0,"texture":"#0"},"south":{"uv":[5.375,5.25,5.875,5.5],"tintindex":0,"rotation":0,"texture":"#0"},"north":{"uv":[5.375,3.375,5.875,3.625],"tintindex":0,"rotation":0,"texture":"#0"},"west":{"uv":[5.5,1.375,6.0,1.625],"tintindex":0,"rotation":0,"texture":"#0"},"up":{"uv":[4.75,5.0,4.25,4.5],"tintindex":0,"rotation":0,"texture":"#0"},"down":{"uv":[5.125,2.25,4.625,2.75],"tintindex":0,"rotation":0,"texture":"#0"}},"rotation":{"origin":[8.0,8.0,8.0],"angle":-22.5,"axis":"x"}},{"from":[7.35,9.1,4.3750005],"to":[8.65,9.800001,4.975],"faces":{"east":{"uv":[7.375,3.875,7.5,4.0],"tintindex":0,"rotation":0,"texture":"#0"},"south":{"uv":[7.5,3.625,7.625,3.75],"tintindex":0,"rotation":0,"texture":"#0"},"north":{"uv":[7.125,3.75,7.25,3.875],"tintindex":0,"rotation":0,"texture":"#0"},"west":{"uv":[7.25,3.5,7.375,3.625],"tintindex":0,"rotation":0,"texture":"#0"},"up":{"uv":[7.75,4.0,7.625,3.875],"tintindex":0,"rotation":0,"texture":"#0"},"down":{"uv":[7.625,3.375,7.5,3.5],"tintindex":0,"rotation":0,"texture":"#0"}},"rotation":{"origin":[7.35,8.0,8.0],"angle":-22.5,"axis":"x"}}],"display":{"gui":{"rotation":[-150.0,-45.0,180.0]}}}