{"textures":{"0":"modelengine:entity/nocsy_chibi_djinn_dragon","particle":"#0"},"elements":[{"from":[7.610987,5.3663836,6.9106045],"to":[9.610987,8.3663845,8.9106045],"faces":{"east":{"uv":[2.625,5.5,2.375,5.875],"tintindex":0,"rotation":0,"texture":"#0"},"south":{"uv":[2.25,5.5,2.0,5.875],"tintindex":0,"rotation":0,"texture":"#0"},"north":{"uv":[1.0,4.0,0.75,4.375],"tintindex":0,"rotation":0,"texture":"#0"},"west":{"uv":[0.25,5.5,0.0,5.875],"tintindex":0,"rotation":0,"texture":"#0"},"up":{"uv":[1.5,6.375,1.75,6.125],"tintindex":0,"rotation":0,"texture":"#0"},"down":{"uv":[6.125,2.625,6.375,2.875],"tintindex":0,"rotation":0,"texture":"#0"}}}],"display":{"gui":{"rotation":[-150.0,-45.0,180.0]}}}