{"textures":{"0":"modelengine:entity/nocsy_chibi_djinn_dragon","particle":"#0"},"elements":[{"from":[7.1,6.19844,7.981459],"to":[8.9,7.9984403,13.781459],"faces":{"east":{"uv":[5.0,0.0,5.75,0.25],"tintindex":0,"rotation":0,"texture":"#0"},"south":{"uv":[6.125,1.125,6.375,1.375],"tintindex":0,"rotation":0,"texture":"#0"},"north":{"uv":[1.125,6.125,1.375,6.375],"tintindex":0,"rotation":0,"texture":"#0"},"west":{"uv":[5.0,0.375,5.75,0.625],"tintindex":0,"rotation":0,"texture":"#0"},"up":{"uv":[5.25,1.5,5.0,0.75],"tintindex":0,"rotation":0,"texture":"#0"},"down":{"uv":[0.75,5.125,0.5,5.875],"tintindex":0,"rotation":0,"texture":"#0"}}}],"display":{"gui":{"rotation":[-150.0,-45.0,180.0]}}}