{"textures":{"0":"modelengine:entity/nocsy_chibi_djinn_dragon","particle":"#0"},"elements":[{"from":[0.5,8.0,7.327614],"to":[15.5,8.0,16.327614],"faces":{"up":{"uv":[1.875,2.375,0.0,1.25],"tintindex":0,"rotation":0,"texture":"#0"},"down":{"uv":[1.875,1.25,0.0,2.375],"tintindex":0,"rotation":0,"texture":"#0"}}},{"from":[9.2,7.5,8.327614],"to":[10.2,8.5,13.327614],"faces":{"east":{"uv":[5.625,4.625,6.25,4.75],"tintindex":0,"rotation":0,"texture":"#0"},"south":{"uv":[4.5,6.75,4.625,6.875],"tintindex":0,"rotation":0,"texture":"#0"},"north":{"uv":[4.25,6.75,4.375,6.875],"tintindex":0,"rotation":0,"texture":"#0"},"west":{"uv":[5.875,0.0,6.5,0.125],"tintindex":0,"rotation":0,"texture":"#0"},"up":{"uv":[4.625,6.375,4.5,5.75],"tintindex":0,"rotation":0,"texture":"#0"},"down":{"uv":[0.125,6.0,0.0,6.625],"tintindex":0,"rotation":0,"texture":"#0"}},"rotation":{"origin":[8.5,8.5,9.827614],"angle":45.0,"axis":"y"}},{"from":[5.8,7.5,8.327614],"to":[6.8,8.5,13.327614],"faces":{"east":{"uv":[5.875,0.25,6.5,0.375],"tintindex":0,"rotation":0,"texture":"#0"},"south":{"uv":[6.25,6.75,6.375,6.875],"tintindex":0,"rotation":0,"texture":"#0"},"north":{"uv":[6.75,6.125,6.875,6.25],"tintindex":0,"rotation":0,"texture":"#0"},"west":{"uv":[5.875,0.5,6.5,0.625],"tintindex":0,"rotation":0,"texture":"#0"},"up":{"uv":[0.375,6.625,0.25,6.0],"tintindex":0,"rotation":0,"texture":"#0"},"down":{"uv":[0.625,6.0,0.5,6.625],"tintindex":0,"rotation":0,"texture":"#0"}},"rotation":{"origin":[7.5,8.5,9.827614],"angle":-45.0,"axis":"y"}}],"display":{"gui":{"rotation":[-150.0,-45.0,180.0]}}}