{"textures":{"0":"modelengine:entity/nocsy_chibi_amanta","particle":"#0"},"elements":[{"from":[5.625,6.075001,7.635],"to":[6.225,6.675,7.635],"faces":{"east":{"uv":[6.375,2.0,6.25,2.25],"tintindex":0,"rotation":0,"texture":"#0"},"south":{"uv":[2.25,6.5,2.375,6.625],"tintindex":0,"rotation":0,"texture":"#0"},"north":{"uv":[2.375,6.5,2.25,6.625],"tintindex":0,"rotation":0,"texture":"#0"},"west":{"uv":[2.75,6.125,2.625,6.375],"tintindex":0,"rotation":0,"texture":"#0"},"up":{"uv":[6.25,4.625,6.5,4.5],"tintindex":0,"rotation":0,"texture":"#0"},"down":{"uv":[6.25,4.75,6.5,4.875],"tintindex":0,"rotation":0,"texture":"#0"}}},{"from":[2.4,4.450001,8.059999],"to":[13.4,8.450001,8.059999],"faces":{"south":{"uv":[2.75,4.75,1.375,5.25],"tintindex":0,"rotation":0,"texture":"#0"},"north":{"uv":[1.375,4.75,2.75,5.25],"tintindex":0,"rotation":0,"texture":"#0"}}},{"from":[9.575,6.075001,7.635],"to":[10.175,6.675,7.635],"faces":{"east":{"uv":[2.625,6.125,2.75,6.375],"tintindex":0,"rotation":0,"texture":"#0"},"south":{"uv":[2.375,6.5,2.25,6.625],"tintindex":0,"rotation":0,"texture":"#0"},"north":{"uv":[2.25,6.5,2.375,6.625],"tintindex":0,"rotation":0,"texture":"#0"},"west":{"uv":[6.25,2.0,6.375,2.25],"tintindex":0,"rotation":0,"texture":"#0"},"up":{"uv":[6.5,4.625,6.25,4.5],"tintindex":0,"rotation":0,"texture":"#0"},"down":{"uv":[6.5,4.75,6.25,4.875],"tintindex":0,"rotation":0,"texture":"#0"}}},{"from":[9.3,5.85,7.685],"to":[10.599999,7.15,7.985],"faces":{"east":{"uv":[2.625,6.125,2.75,6.375],"tintindex":0,"rotation":0,"texture":"#0"},"south":{"uv":[6.25,0.875,6.5,1.125],"tintindex":0,"rotation":0,"texture":"#0"},"north":{"uv":[2.25,6.125,2.5,6.375],"tintindex":0,"rotation":0,"texture":"#0"},"west":{"uv":[6.25,2.0,6.375,2.25],"tintindex":0,"rotation":0,"texture":"#0"},"up":{"uv":[6.5,4.625,6.25,4.5],"tintindex":0,"rotation":0,"texture":"#0"},"down":{"uv":[6.5,4.75,6.25,4.875],"tintindex":0,"rotation":0,"texture":"#0"}}},{"from":[5.2000003,5.85,7.685],"to":[6.5,7.15,7.985],"faces":{"east":{"uv":[6.375,2.0,6.25,2.25],"tintindex":0,"rotation":0,"texture":"#0"},"south":{"uv":[6.5,0.875,6.25,1.125],"tintindex":0,"rotation":0,"texture":"#0"},"north":{"uv":[2.5,6.125,2.25,6.375],"tintindex":0,"rotation":0,"texture":"#0"},"west":{"uv":[2.75,6.125,2.625,6.375],"tintindex":0,"rotation":0,"texture":"#0"},"up":{"uv":[6.25,4.625,6.5,4.5],"tintindex":0,"rotation":0,"texture":"#0"},"down":{"uv":[6.25,4.75,6.5,4.875],"tintindex":0,"rotation":0,"texture":"#0"}}}],"display":{"gui":{"rotation":[-150.0,-45.0,180.0]}}}