{"textures":{"0":"modelengine:entity/nocsy_chibi_amanta","particle":"#0"},"elements":[{"from":[7.9,7.95,-1.5],"to":[17.9,7.95,21.5],"faces":{"up":{"uv":[2.75,2.875,4.0,0.0],"tintindex":0,"rotation":0,"texture":"#0"},"down":{"uv":[2.75,0.0,4.0,2.875],"tintindex":0,"rotation":0,"texture":"#0"}}},{"from":[7.89,7.54,0.49],"to":[14.91,8.559999,11.51],"faces":{"east":{"uv":[7.5,2.875,6.125,3.0],"tintindex":0,"rotation":0,"texture":"#0"},"south":{"uv":[7.0,5.5,6.125,5.625],"tintindex":0,"rotation":0,"texture":"#0"},"north":{"uv":[5.875,6.125,5.0,6.25],"tintindex":0,"rotation":0,"texture":"#0"},"west":{"uv":[1.375,6.125,0.0,6.25],"tintindex":0,"rotation":0,"texture":"#0"},"up":{"uv":[4.125,2.875,5.0,1.5],"tintindex":0,"rotation":0,"texture":"#0"},"down":{"uv":[4.375,3.0,5.25,4.375],"tintindex":0,"rotation":0,"texture":"#0"}}}],"display":{"gui":{"rotation":[-150.0,-45.0,180.0]}}}