{"textures":{"0":"modelengine:entity/tofnocsy_husky","particle":"#0"},"elements":[{"from":[6.35,3.1020942,6.8545575],"to":[9.05,8.802094,9.554558],"faces":{"east":{"uv":[5.5,8.75,6.25,10.25],"tintindex":0,"rotation":0,"texture":"#0"},"south":{"uv":[6.5,8.75,7.25,10.25],"tintindex":0,"rotation":0,"texture":"#0"},"north":{"uv":[0.0,8.25,0.75,9.75],"tintindex":0,"rotation":0,"texture":"#0"},"west":{"uv":[7.5,8.75,8.25,10.25],"tintindex":0,"rotation":0,"texture":"#0"},"up":{"uv":[11.0,7.25,10.25,6.5],"tintindex":0,"rotation":0,"texture":"#0"},"down":{"uv":[11.0,7.5,10.25,8.25],"tintindex":0,"rotation":0,"texture":"#0"}}}],"display":{"gui":{"rotation":[-150.0,-45.0,180.0]}}}