{"textures":{"0":"modelengine:entity/tofnocsy_husky","particle":"#0"},"elements":[{"from":[6.5,5.3750343,5.95],"to":[9.5,7.3750343,8.950001],"faces":{"east":{"uv":[12.0,3.0,12.75,3.5],"tintindex":0,"rotation":0,"texture":"#0"},"south":{"uv":[12.0,3.75,12.75,4.25],"tintindex":0,"rotation":0,"texture":"#0"},"north":{"uv":[12.0,2.25,12.75,2.75],"tintindex":0,"rotation":0,"texture":"#0"},"west":{"uv":[12.0,4.5,12.75,5.0],"tintindex":0,"rotation":0,"texture":"#0"},"up":{"uv":[11.75,0.75,11.0,0.0],"tintindex":0,"rotation":0,"texture":"#0"},"down":{"uv":[11.75,2.5,11.0,3.25],"tintindex":0,"rotation":0,"texture":"#0"}}}],"display":{"gui":{"rotation":[-150.0,-45.0,180.0]}}}