{"textures":{"0":"modelengine:entity/tofnocsy_husky","particle":"#0"},"elements":[{"from":[6.5,5.3750343,5.95],"to":[9.5,7.3750343,8.950001],"faces":{"east":{"uv":[6.5,11.5,7.25,12.0],"tintindex":0,"rotation":0,"texture":"#0"},"south":{"uv":[7.5,11.5,8.25,12.0],"tintindex":0,"rotation":0,"texture":"#0"},"north":{"uv":[5.5,11.5,6.25,12.0],"tintindex":0,"rotation":0,"texture":"#0"},"west":{"uv":[11.5,8.25,12.25,8.75],"tintindex":0,"rotation":0,"texture":"#0"},"up":{"uv":[11.25,2.25,10.5,1.5],"tintindex":0,"rotation":0,"texture":"#0"},"down":{"uv":[5.75,10.5,5.0,11.25],"tintindex":0,"rotation":0,"texture":"#0"}}}],"display":{"gui":{"rotation":[-150.0,-45.0,180.0]}}}