{"textures":{"0":"modelengine:entity/tofnocsy_husky","particle":"#0"},"elements":[{"from":[6.9500003,3.1020942,6.8545575],"to":[9.650001,8.802094,9.554558],"faces":{"east":{"uv":[9.0,0.0,9.75,1.5],"tintindex":0,"rotation":0,"texture":"#0"},"south":{"uv":[9.0,3.75,9.75,5.25],"tintindex":0,"rotation":0,"texture":"#0"},"north":{"uv":[8.5,8.75,9.25,10.25],"tintindex":0,"rotation":0,"texture":"#0"},"west":{"uv":[9.0,5.5,9.75,7.0],"tintindex":0,"rotation":0,"texture":"#0"},"up":{"uv":[11.75,4.25,11.0,3.5],"tintindex":0,"rotation":0,"texture":"#0"},"down":{"uv":[11.75,4.5,11.0,5.25],"tintindex":0,"rotation":0,"texture":"#0"}}}],"display":{"gui":{"rotation":[-150.0,-45.0,180.0]}}}