{"textures":{"0":"modelengine:entity/tofnocsy_husky","particle":"#0"},"elements":[{"from":[5.5,4.497901,3.582882],"to":[10.5,9.4979,15.582882],"faces":{"east":{"uv":[2.5,0.0,5.5,1.25],"tintindex":0,"rotation":0,"texture":"#0"},"south":{"uv":[7.5,5.25,8.75,6.5],"tintindex":0,"rotation":0,"texture":"#0"},"north":{"uv":[7.5,3.75,8.75,5.0],"tintindex":0,"rotation":0,"texture":"#0"},"west":{"uv":[2.5,1.5,5.5,2.75],"tintindex":0,"rotation":0,"texture":"#0"},"up":{"uv":[3.75,6.0,2.5,3.0],"tintindex":0,"rotation":0,"texture":"#0"},"down":{"uv":[5.25,3.0,4.0,6.0],"tintindex":0,"rotation":0,"texture":"#0"}}}],"display":{"gui":{"rotation":[-150.0,-45.0,180.0]}}}