{"textures":{"0":"modelengine:entity/tofnocsy_husky","particle":"#0"},"elements":[{"from":[7.543336,6.444312,7.804955],"to":[14.543336,13.444311,7.879955],"faces":{"east":{"uv":[3.5,11.25,3.75,13.0],"tintindex":0,"rotation":0,"texture":"#0"},"south":{"uv":[5.75,0.0,7.5,1.75],"tintindex":0,"rotation":0,"texture":"#0"},"north":{"uv":[5.5,5.0,7.25,6.75],"tintindex":0,"rotation":0,"texture":"#0"},"west":{"uv":[4.0,11.25,4.25,13.0],"tintindex":0,"rotation":0,"texture":"#0"},"up":{"uv":[13.0,6.75,11.25,6.5],"tintindex":0,"rotation":0,"texture":"#0"},"down":{"uv":[13.0,7.0,11.25,7.25],"tintindex":0,"rotation":0,"texture":"#0"}},"rotation":{"origin":[11.560278,9.886251,7.9504857],"angle":-22.5,"axis":"z"}},{"from":[1.5126123,6.444312,7.804955],"to":[8.512612,13.444311,7.879955],"faces":{"east":{"uv":[10.0,11.0,10.25,12.75],"tintindex":0,"rotation":0,"texture":"#0"},"south":{"uv":[5.5,3.0,7.25,4.75],"tintindex":0,"rotation":0,"texture":"#0"},"north":{"uv":[0.0,4.5,1.75,6.25],"tintindex":0,"rotation":0,"texture":"#0"},"west":{"uv":[1.0,11.25,1.25,13.0],"tintindex":0,"rotation":0,"texture":"#0"},"up":{"uv":[12.75,1.25,11.0,1.0],"tintindex":0,"rotation":0,"texture":"#0"},"down":{"uv":[3.25,11.25,1.5,11.5],"tintindex":0,"rotation":0,"texture":"#0"}},"rotation":{"origin":[4.4956703,9.886251,7.9504857],"angle":22.5,"axis":"z"}}],"display":{"gui":{"rotation":[-150.0,-45.0,180.0]}}}