{"textures":{"0":"modelengine:entity/tofnocsy_husky","particle":"#0"},"elements":[{"from":[6.523675,5.3105783,6.4295697],"to":[9.523675,7.3105783,9.42957],"faces":{"east":{"uv":[1.5,11.75,2.25,12.25],"tintindex":0,"rotation":0,"texture":"#0"},"south":{"uv":[2.5,11.75,3.25,12.25],"tintindex":0,"rotation":0,"texture":"#0"},"north":{"uv":[11.5,11.25,12.25,11.75],"tintindex":0,"rotation":0,"texture":"#0"},"west":{"uv":[12.0,0.0,12.75,0.5],"tintindex":0,"rotation":0,"texture":"#0"},"up":{"uv":[8.75,11.25,8.0,10.5],"tintindex":0,"rotation":0,"texture":"#0"},"down":{"uv":[11.25,8.5,10.5,9.25],"tintindex":0,"rotation":0,"texture":"#0"}}}],"display":{"gui":{"rotation":[-150.0,-45.0,180.0]}}}