{"textures":{"0":"modelengine:entity/tofnocsy_husky","particle":"#0"},"elements":[{"from":[6.476325,5.3105783,6.4295697],"to":[9.476325,7.3105783,9.42957],"faces":{"east":{"uv":[11.5,9.75,12.25,10.25],"tintindex":0,"rotation":0,"texture":"#0"},"south":{"uv":[10.5,11.5,11.25,12.0],"tintindex":0,"rotation":0,"texture":"#0"},"north":{"uv":[11.5,9.0,12.25,9.5],"tintindex":0,"rotation":0,"texture":"#0"},"west":{"uv":[11.5,10.5,12.25,11.0],"tintindex":0,"rotation":0,"texture":"#0"},"up":{"uv":[6.75,11.25,6.0,10.5],"tintindex":0,"rotation":0,"texture":"#0"},"down":{"uv":[7.75,10.5,7.0,11.25],"tintindex":0,"rotation":0,"texture":"#0"}}}],"display":{"gui":{"rotation":[-150.0,-45.0,180.0]}}}