{"textures":{"0":"modelengine:entity/tofnocsy_husky","particle":"#0"},"elements":[{"from":[6.9500003,4.5020947,6.945442],"to":[9.650001,9.202095,9.645443],"faces":{"east":{"uv":[0.0,10.0,0.75,11.25],"tintindex":0,"rotation":0,"texture":"#0"},"south":{"uv":[10.0,0.0,10.75,1.25],"tintindex":0,"rotation":0,"texture":"#0"},"north":{"uv":[4.0,9.75,4.75,11.0],"tintindex":0,"rotation":0,"texture":"#0"},"west":{"uv":[10.0,3.0,10.75,4.25],"tintindex":0,"rotation":0,"texture":"#0"},"up":{"uv":[11.25,10.25,10.5,9.5],"tintindex":0,"rotation":0,"texture":"#0"},"down":{"uv":[11.25,10.5,10.5,11.25],"tintindex":0,"rotation":0,"texture":"#0"}}}],"display":{"gui":{"rotation":[-150.0,-45.0,180.0]}}}