{"textures":{"0":"modelengine:entity/tofnocsy_husky","particle":"#0"},"elements":[{"from":[6.35,4.5020947,6.945442],"to":[9.05,9.202095,9.645443],"faces":{"east":{"uv":[1.0,9.75,1.75,11.0],"tintindex":0,"rotation":0,"texture":"#0"},"south":{"uv":[2.0,9.75,2.75,11.0],"tintindex":0,"rotation":0,"texture":"#0"},"north":{"uv":[9.5,8.5,10.25,9.75],"tintindex":0,"rotation":0,"texture":"#0"},"west":{"uv":[3.0,9.75,3.75,11.0],"tintindex":0,"rotation":0,"texture":"#0"},"up":{"uv":[10.75,6.25,10.0,5.5],"tintindex":0,"rotation":0,"texture":"#0"},"down":{"uv":[10.25,10.0,9.5,10.75],"tintindex":0,"rotation":0,"texture":"#0"}}}],"display":{"gui":{"rotation":[-150.0,-45.0,180.0]}}}