{"textures":{"0":"modelengine:entity/tofnocsy_husky","particle":"#0"},"elements":[{"from":[5.0,5.25,3.75],"to":[11.0,11.25,9.75],"faces":{"east":{"uv":[3.75,6.25,5.25,7.75],"tintindex":0,"rotation":0,"texture":"#0"},"south":{"uv":[0.0,6.5,1.5,8.0],"tintindex":0,"rotation":0,"texture":"#0"},"north":{"uv":[2.0,6.25,3.5,7.75],"tintindex":0,"rotation":0,"texture":"#0"},"west":{"uv":[5.5,7.0,7.0,8.5],"tintindex":0,"rotation":0,"texture":"#0"},"up":{"uv":[8.75,8.5,7.25,7.0],"tintindex":0,"rotation":0,"texture":"#0"},"down":{"uv":[9.0,2.0,7.5,3.5],"tintindex":0,"rotation":0,"texture":"#0"}}},{"from":[7.0,5.25,1.75],"to":[9.0,7.25,3.75],"faces":{"east":{"uv":[9.25,12.0,9.75,12.5],"tintindex":0,"rotation":0,"texture":"#0"},"south":{"uv":[11.5,12.0,12.0,12.5],"tintindex":0,"rotation":0,"texture":"#0"},"north":{"uv":[9.25,3.0,9.75,3.5],"tintindex":0,"rotation":0,"texture":"#0"},"west":{"uv":[0.0,12.25,0.5,12.75],"tintindex":0,"rotation":0,"texture":"#0"},"up":{"uv":[5.0,12.75,4.5,12.25],"tintindex":0,"rotation":0,"texture":"#0"},"down":{"uv":[5.75,12.25,5.25,12.75],"tintindex":0,"rotation":0,"texture":"#0"}}},{"from":[5.8,7.450001,3.6500006],"to":[6.8,8.450001,3.6500006],"faces":{"east":{"uv":[3.75,6.25,5.25,7.75],"tintindex":0,"rotation":0,"texture":"#0"},"south":{"uv":[5.0,13.75,4.75,14.0],"tintindex":0,"rotation":0,"texture":"#0"},"north":{"uv":[4.75,13.75,5.0,14.0],"tintindex":0,"rotation":0,"texture":"#0"},"west":{"uv":[5.5,7.0,7.0,8.5],"tintindex":0,"rotation":0,"texture":"#0"},"up":{"uv":[8.75,8.5,7.25,7.0],"tintindex":0,"rotation":0,"texture":"#0"},"down":{"uv":[9.0,2.0,7.5,3.5],"tintindex":0,"rotation":0,"texture":"#0"}}},{"from":[9.2,7.450001,3.6500006],"to":[10.2,8.450001,3.6500006],"faces":{"east":{"uv":[7.0,7.0,5.5,8.5],"tintindex":0,"rotation":0,"texture":"#0"},"south":{"uv":[4.75,13.75,5.0,14.0],"tintindex":0,"rotation":0,"texture":"#0"},"north":{"uv":[5.0,13.75,4.75,14.0],"tintindex":0,"rotation":0,"texture":"#0"},"west":{"uv":[5.25,6.25,3.75,7.75],"tintindex":0,"rotation":0,"texture":"#0"},"up":{"uv":[7.25,8.5,8.75,7.0],"tintindex":0,"rotation":0,"texture":"#0"},"down":{"uv":[7.5,2.0,9.0,3.5],"tintindex":0,"rotation":0,"texture":"#0"}}},{"from":[6.4,5.65,1.15],"to":[9.6,7.85,4.35],"faces":{"east":{"uv":[0.0,11.5,0.75,12.0],"tintindex":0,"rotation":0,"texture":"#0"},"south":{"uv":[11.5,1.5,12.25,2.0],"tintindex":0,"rotation":0,"texture":"#0"},"north":{"uv":[11.25,7.5,12.0,8.0],"tintindex":0,"rotation":0,"texture":"#0"},"west":{"uv":[4.5,11.5,5.25,12.0],"tintindex":0,"rotation":0,"texture":"#0"},"up":{"uv":[6.5,2.75,5.75,2.0],"tintindex":0,"rotation":0,"texture":"#0"},"down":{"uv":[10.75,4.5,10.0,5.25],"tintindex":0,"rotation":0,"texture":"#0"}}}],"display":{"gui":{"rotation":[-150.0,-45.0,180.0]}}}