{"textures":{"0":"modelengine:entity/tofnocsy_husky","particle":"#0"},"elements":[{"from":[4.5,16.0,0.5],"to":[8.5,22.0,4.5],"faces":{"east":{"uv":[1.75,8.0,2.75,9.5],"tintindex":0,"rotation":0,"texture":"#0"},"south":{"uv":[3.0,8.0,4.0,9.5],"tintindex":0,"rotation":0,"texture":"#0"},"north":{"uv":[7.75,0.0,8.75,1.5],"tintindex":0,"rotation":0,"texture":"#0"},"west":{"uv":[4.25,8.0,5.25,9.5],"tintindex":0,"rotation":0,"texture":"#0"},"up":{"uv":[10.0,8.25,9.0,7.25],"tintindex":0,"rotation":0,"texture":"#0"},"down":{"uv":[10.25,1.75,9.25,2.75],"tintindex":0,"rotation":0,"texture":"#0"}},"rotation":{"origin":[6.0,20.0,3.0],"angle":-45.0,"axis":"x"}}],"display":{"gui":{"rotation":[-150.0,-45.0,180.0]}}}