{"textures":{"0":"modelengine:entity/tofnocsy_husky","particle":"#0"},"elements":[{"from":[8.0,7.0,5.0],"to":[8.0,15.0,14.0],"faces":{"east":{"uv":[0.0,0.0,2.25,2.0],"tintindex":0,"rotation":0,"texture":"#0"},"west":{"uv":[0.0,2.25,2.25,4.25],"tintindex":0,"rotation":0,"texture":"#0"}},"rotation":{"origin":[8.0,9.0,9.0],"angle":-22.5,"axis":"x"}},{"from":[7.0,8.0,8.0],"to":[9.0,11.0,11.0],"faces":{"east":{"uv":[11.0,5.5,11.75,6.25],"tintindex":0,"rotation":0,"texture":"#0"},"south":{"uv":[1.0,8.25,1.5,9.0],"tintindex":0,"rotation":0,"texture":"#0"},"north":{"uv":[6.75,2.0,7.25,2.75],"tintindex":0,"rotation":0,"texture":"#0"},"west":{"uv":[9.0,11.0,9.75,11.75],"tintindex":0,"rotation":0,"texture":"#0"},"up":{"uv":[12.5,6.0,12.0,5.25],"tintindex":0,"rotation":0,"texture":"#0"},"down":{"uv":[9.0,12.0,8.5,12.75],"tintindex":0,"rotation":0,"texture":"#0"}},"rotation":{"origin":[8.0,9.0,9.0],"angle":-22.5,"axis":"x"}}],"display":{"gui":{"rotation":[-150.0,-45.0,180.0]}}}