{"textures":{"0":"modelengine:entity/baby_walle"},"elements":[{"from":[7.428571,7.4428573,4.5714283],"to":[8.0,8.557143,8.0],"rotation":{"angle":0.0,"axis":"y","origin":[8.0,8.0,8.0]},"faces":{"east":{"uv":[6.375,4.25,7.125,4.5],"rotation":0,"texture":"#0","tintindex":0},"south":{"uv":[7.625,9.375,7.75,9.625],"rotation":0,"texture":"#0","tintindex":0},"north":{"uv":[9.375,7.375,9.5,7.625],"rotation":0,"texture":"#0","tintindex":0},"west":{"uv":[6.375,4.625,7.125,4.875],"rotation":0,"texture":"#0","tintindex":0},"up":{"uv":[2.875,8.5,2.75,7.75],"rotation":0,"texture":"#0","tintindex":0},"down":{"uv":[3.625,7.75,3.5,8.5],"rotation":0,"texture":"#0","tintindex":0}}},{"from":[7.428571,7.428571,7.428571],"to":[8.571428,8.571428,8.571428],"rotation":{"angle":-45.0,"axis":"y","origin":[8.0,8.0,8.0]},"faces":{"east":{"uv":[0.375,8.875,0.625,9.125],"rotation":0,"texture":"#0","tintindex":0},"south":{"uv":[0.75,8.875,1.0,9.125],"rotation":0,"texture":"#0","tintindex":0},"north":{"uv":[0.0,8.875,0.25,9.125],"rotation":0,"texture":"#0","tintindex":0},"west":{"uv":[1.125,8.875,1.375,9.125],"rotation":0,"texture":"#0","tintindex":0},"up":{"uv":[9.125,1.5,8.875,1.25],"rotation":0,"texture":"#0","tintindex":0},"down":{"uv":[2.375,8.875,2.125,9.125],"rotation":0,"texture":"#0","tintindex":0}}}],"display":{"head":{"translation":[0.0,-6.4,0.0],"scale":[4.0,4.0,4.0]}}}