{"textures":{"0":"modelengine:entity/baby_walle"},"elements":[{"from":[8.0,7.4428573,4.5714283],"to":[8.571428,8.557143,8.0],"rotation":{"angle":0.0,"axis":"y","origin":[8.0,8.0,8.0]},"faces":{"east":{"uv":[2.0,6.375,2.75,6.625],"rotation":0,"texture":"#0","tintindex":0},"south":{"uv":[6.0,9.375,6.125,9.625],"rotation":0,"texture":"#0","tintindex":0},"north":{"uv":[5.75,9.375,5.875,9.625],"rotation":0,"texture":"#0","tintindex":0},"west":{"uv":[2.875,6.375,3.625,6.625],"rotation":0,"texture":"#0","tintindex":0},"up":{"uv":[2.375,8.5,2.25,7.75],"rotation":0,"texture":"#0","tintindex":0},"down":{"uv":[2.625,7.75,2.5,8.5],"rotation":0,"texture":"#0","tintindex":0}}},{"from":[7.428571,7.428571,7.428571],"to":[8.571428,8.571428,8.571428],"rotation":{"angle":45.0,"axis":"y","origin":[8.0,8.0,8.0]},"faces":{"east":{"uv":[8.75,6.25,9.0,6.5],"rotation":0,"texture":"#0","tintindex":0},"south":{"uv":[6.5,8.75,6.75,9.0],"rotation":0,"texture":"#0","tintindex":0},"north":{"uv":[6.125,8.75,6.375,9.0],"rotation":0,"texture":"#0","tintindex":0},"west":{"uv":[6.875,8.75,7.125,9.0],"rotation":0,"texture":"#0","tintindex":0},"up":{"uv":[9.0,7.375,8.75,7.125],"rotation":0,"texture":"#0","tintindex":0},"down":{"uv":[8.0,8.75,7.75,9.0],"rotation":0,"texture":"#0","tintindex":0}}}],"display":{"head":{"translation":[0.0,-6.4,0.0],"scale":[4.0,4.0,4.0]}}}