{"textures":{"0":"modelengine:entity/baby_walle"},"elements":[{"from":[5.714286,9.142858,5.714286],"to":[10.285714,13.142858,10.285714],"rotation":{"angle":0.0,"axis":"y","origin":[8.0,8.0,8.0]},"faces":{"east":{"uv":[0.0,2.25,1.0,3.125],"rotation":0,"texture":"#0","tintindex":0},"south":{"uv":[2.25,0.0,3.25,0.875],"rotation":0,"texture":"#0","tintindex":0},"north":{"uv":[1.125,2.0,2.125,2.875],"rotation":0,"texture":"#0","tintindex":0},"west":{"uv":[2.25,1.0,3.25,1.875],"rotation":0,"texture":"#0","tintindex":0},"up":{"uv":[1.0,1.0,0.0,0.0],"rotation":0,"texture":"#0","tintindex":0},"down":{"uv":[1.0,1.125,0.0,2.125],"rotation":0,"texture":"#0","tintindex":0}}},{"from":[8.916316,8.773459,7.428571],"to":[10.630602,9.916316,8.571428],"rotation":{"angle":-22.5,"axis":"z","origin":[9.773459,9.344888,8.0]},"faces":{"east":{"uv":[4.375,9.0,4.625,9.25],"rotation":0,"texture":"#0","tintindex":0},"south":{"uv":[7.75,7.625,8.125,7.875],"rotation":0,"texture":"#0","tintindex":0},"north":{"uv":[3.75,7.75,4.125,8.0],"rotation":0,"texture":"#0","tintindex":0},"west":{"uv":[9.0,7.5,9.25,7.75],"rotation":0,"texture":"#0","tintindex":0},"up":{"uv":[8.25,0.5,7.875,0.25],"rotation":0,"texture":"#0","tintindex":0},"down":{"uv":[8.25,1.0,7.875,1.25],"rotation":0,"texture":"#0","tintindex":0}}},{"from":[5.369398,8.773459,7.428571],"to":[7.083684,9.916316,8.571428],"rotation":{"angle":22.5,"axis":"z","origin":[6.226541,9.344888,8.0]},"faces":{"east":{"uv":[9.0,7.875,9.25,8.125],"rotation":0,"texture":"#0","tintindex":0},"south":{"uv":[7.875,4.625,8.25,4.875],"rotation":0,"texture":"#0","tintindex":0},"north":{"uv":[7.875,4.25,8.25,4.5],"rotation":0,"texture":"#0","tintindex":0},"west":{"uv":[9.0,8.25,9.25,8.5],"rotation":0,"texture":"#0","tintindex":0},"up":{"uv":[0.875,8.25,0.5,8.0],"rotation":0,"texture":"#0","tintindex":0},"down":{"uv":[1.375,8.0,1.0,8.25],"rotation":0,"texture":"#0","tintindex":0}}}],"display":{"head":{"translation":[0.0,-6.4,0.0],"scale":[4.0,4.0,4.0]}}}