{"textures":{"0":"modelengine:entity/baby_walle"},"elements":[{"from":[8.571428,6.738796,4.0],"to":[9.142858,7.8816533,7.428571],"rotation":{"angle":-45.0,"axis":"z","origin":[8.857143,7.3102245,4.5714283]},"faces":{"east":{"uv":[5.625,5.875,6.375,6.125],"rotation":0,"texture":"#0","tintindex":0},"south":{"uv":[4.0,9.25,4.125,9.5],"rotation":0,"texture":"#0","tintindex":0},"north":{"uv":[2.625,9.25,2.75,9.5],"rotation":0,"texture":"#0","tintindex":0},"west":{"uv":[3.25,6.0,4.0,6.25],"rotation":0,"texture":"#0","tintindex":0},"up":{"uv":[2.0,4.625,1.875,3.875],"rotation":0,"texture":"#0","tintindex":0},"down":{"uv":[0.875,4.875,0.75,5.625],"rotation":0,"texture":"#0","tintindex":0}}},{"from":[8.891806,7.512255,4.0],"to":[9.463234,9.79797,7.428571],"rotation":{"angle":0.0,"axis":"y","origin":[9.17752,8.083684,4.5714283]},"faces":{"east":{"uv":[5.75,0.75,6.5,1.25],"rotation":0,"texture":"#0","tintindex":0},"south":{"uv":[3.0,8.375,3.125,8.875],"rotation":0,"texture":"#0","tintindex":0},"north":{"uv":[1.5,5.75,1.625,6.25],"rotation":0,"texture":"#0","tintindex":0},"west":{"uv":[5.75,1.375,6.5,1.875],"rotation":0,"texture":"#0","tintindex":0},"up":{"uv":[3.375,7.875,3.25,7.125],"rotation":0,"texture":"#0","tintindex":0},"down":{"uv":[4.625,7.25,4.5,8.0],"rotation":0,"texture":"#0","tintindex":0}}},{"from":[5.4632344,9.79797,4.0],"to":[9.463234,10.369398,7.428571],"rotation":{"angle":0.0,"axis":"y","origin":[9.17752,8.083684,4.5714283]},"faces":{"east":{"uv":[3.5,7.5,4.25,7.625],"rotation":0,"texture":"#0","tintindex":0},"south":{"uv":[0.0,7.5,0.875,7.625],"rotation":0,"texture":"#0","tintindex":0},"north":{"uv":[7.0,7.375,7.875,7.5],"rotation":0,"texture":"#0","tintindex":0},"west":{"uv":[4.75,7.5,5.5,7.625],"rotation":0,"texture":"#0","tintindex":0},"up":{"uv":[3.125,2.75,2.25,2.0],"rotation":0,"texture":"#0","tintindex":0},"down":{"uv":[3.125,2.875,2.25,3.625],"rotation":0,"texture":"#0","tintindex":0}}},{"from":[6.0346627,6.9408264,6.857143],"to":[8.891806,9.79797,10.857143],"rotation":{"angle":0.0,"axis":"y","origin":[9.17752,8.083684,4.5714283]},"faces":{"east":{"uv":[4.0,3.75,4.875,4.375],"rotation":0,"texture":"#0","tintindex":0},"south":{"uv":[1.75,5.625,2.375,6.25],"rotation":0,"texture":"#0","tintindex":0},"north":{"uv":[4.875,5.375,5.5,6.0],"rotation":0,"texture":"#0","tintindex":0},"west":{"uv":[0.0,4.125,0.875,4.75],"rotation":0,"texture":"#0","tintindex":0},"up":{"uv":[4.75,0.875,4.125,0.0],"rotation":0,"texture":"#0","tintindex":0},"down":{"uv":[4.875,1.0,4.25,1.875],"rotation":0,"texture":"#0","tintindex":0}}},{"from":[6.6060915,8.655112,10.857143],"to":[8.320377,9.2265415,12.571428],"rotation":{"angle":0.0,"axis":"y","origin":[9.17752,8.083684,5.714286]},"faces":{"east":{"uv":[9.125,7.125,9.5,7.25],"rotation":0,"texture":"#0","tintindex":0},"south":{"uv":[7.5,9.125,7.875,9.25],"rotation":0,"texture":"#0","tintindex":0},"north":{"uv":[6.375,9.125,6.75,9.25],"rotation":0,"texture":"#0","tintindex":0},"west":{"uv":[8.0,9.125,8.375,9.25],"rotation":0,"texture":"#0","tintindex":0},"up":{"uv":[0.875,7.375,0.5,7.0],"rotation":0,"texture":"#0","tintindex":0},"down":{"uv":[1.375,7.0,1.0,7.375],"rotation":0,"texture":"#0","tintindex":0}}},{"from":[6.6060915,8.132705,10.59594],"to":[8.320377,8.704133,13.024511],"rotation":{"angle":-45.0,"axis":"x","origin":[7.4632344,7.84699,12.167368]},"faces":{"east":{"uv":[1.5,8.75,2.0,8.875],"rotation":0,"texture":"#0","tintindex":0},"south":{"uv":[9.0,9.125,9.375,9.25],"rotation":0,"texture":"#0","tintindex":0},"north":{"uv":[8.5,9.125,8.875,9.25],"rotation":0,"texture":"#0","tintindex":0},"west":{"uv":[8.75,2.625,9.25,2.75],"rotation":0,"texture":"#0","tintindex":0},"up":{"uv":[4.5,6.5,4.125,6.0],"rotation":0,"texture":"#0","tintindex":0},"down":{"uv":[5.0,6.125,4.625,6.625],"rotation":0,"texture":"#0","tintindex":0}}},{"from":[6.0346627,6.9408264,4.5714283],"to":[8.891806,9.79797,5.142857],"rotation":{"angle":0.0,"axis":"y","origin":[9.17752,8.083684,4.5714283]},"faces":{"east":{"uv":[1.75,8.0,1.875,8.625],"rotation":0,"texture":"#0","tintindex":0},"south":{"uv":[4.125,5.25,4.75,5.875],"rotation":0,"texture":"#0","tintindex":0},"north":{"uv":[3.375,5.25,4.0,5.875],"rotation":0,"texture":"#0","tintindex":0},"west":{"uv":[8.0,1.875,8.125,2.5],"rotation":0,"texture":"#0","tintindex":0},"up":{"uv":[8.625,2.75,8.0,2.625],"rotation":0,"texture":"#0","tintindex":0},"down":{"uv":[5.375,8.0,4.75,8.125],"rotation":0,"texture":"#0","tintindex":0}}},{"from":[7.0346627,7.9408264,4.285714],"to":[8.463234,9.369398,4.8571424],"rotation":{"angle":0.0,"axis":"y","origin":[9.17752,8.083684,4.5714283]},"faces":{"east":{"uv":[7.25,8.75,7.375,9.125],"rotation":0,"texture":"#0","tintindex":0},"south":{"uv":[0.0,7.0,0.375,7.375],"rotation":0,"texture":"#0","tintindex":0},"north":{"uv":[4.5,6.75,4.875,7.125],"rotation":0,"texture":"#0","tintindex":0},"west":{"uv":[1.875,9.0,2.0,9.375],"rotation":0,"texture":"#0","tintindex":0},"up":{"uv":[3.75,5.125,3.375,5.0],"rotation":0,"texture":"#0","tintindex":0},"down":{"uv":[9.5,6.25,9.125,6.375],"rotation":0,"texture":"#0","tintindex":0}}},{"from":[7.7489486,8.512255,4.2571425],"to":[8.320377,9.2265415,4.2571425],"rotation":{"angle":0.0,"axis":"y","origin":[9.17752,8.083684,4.5714283]},"faces":{"east":{"uv":[2.125,3.5,2.125,3.625],"rotation":0,"texture":"#0","tintindex":0},"south":{"uv":[3.375,9.5,3.5,9.625],"rotation":0,"texture":"#0","tintindex":0},"north":{"uv":[2.25,9.5,2.375,9.625],"rotation":0,"texture":"#0","tintindex":0},"west":{"uv":[3.875,4.25,3.875,4.375],"rotation":0,"texture":"#0","tintindex":0},"up":{"uv":[3.0,4.125,2.875,4.125],"rotation":0,"texture":"#0","tintindex":0},"down":{"uv":[1.875,4.75,1.75,4.75],"rotation":0,"texture":"#0","tintindex":0}}},{"from":[7.3203773,8.369398,4.2571425],"to":[7.6060915,8.655112,4.2571425],"rotation":{"angle":0.0,"axis":"y","origin":[9.17752,8.083684,4.5714283]},"faces":{"east":{"uv":[4.875,0.75,4.875,0.875],"rotation":0,"texture":"#0","tintindex":0},"south":{"uv":[9.5,4.125,9.625,4.25],"rotation":0,"texture":"#0","tintindex":0},"north":{"uv":[3.625,9.5,3.75,9.625],"rotation":0,"texture":"#0","tintindex":0},"west":{"uv":[4.875,3.5,4.875,3.625],"rotation":0,"texture":"#0","tintindex":0},"up":{"uv":[2.75,4.875,2.625,4.875],"rotation":0,"texture":"#0","tintindex":0},"down":{"uv":[5.125,4.375,5.0,4.375],"rotation":0,"texture":"#0","tintindex":0}}},{"from":[5.4632344,6.9408264,4.0],"to":[6.0346627,9.79797,7.428571],"rotation":{"angle":0.0,"axis":"y","origin":[8.034663,9.2265415,4.5714283]},"faces":{"east":{"uv":[4.875,0.0,5.625,0.625],"rotation":0,"texture":"#0","tintindex":0},"south":{"uv":[1.5,8.0,1.625,8.625],"rotation":0,"texture":"#0","tintindex":0},"north":{"uv":[4.25,7.75,4.375,8.375],"rotation":0,"texture":"#0","tintindex":0},"west":{"uv":[1.75,4.875,2.5,5.5],"rotation":0,"texture":"#0","tintindex":0},"up":{"uv":[3.125,8.25,3.0,7.5],"rotation":0,"texture":"#0","tintindex":0},"down":{"uv":[5.75,7.5,5.625,8.25],"rotation":0,"texture":"#0","tintindex":0}}},{"from":[5.4693975,6.704133,4.0],"to":[8.655112,7.275562,7.428571],"rotation":{"angle":0.0,"axis":"y","origin":[7.269398,6.989847,4.5714283]},"faces":{"east":{"uv":[7.5,5.25,8.25,5.375],"rotation":0,"texture":"#0","tintindex":0},"south":{"uv":[5.875,7.5,6.625,7.625],"rotation":0,"texture":"#0","tintindex":0},"north":{"uv":[7.5,5.0,8.25,5.125],"rotation":0,"texture":"#0","tintindex":0},"west":{"uv":[7.625,5.875,8.375,6.0],"rotation":0,"texture":"#0","tintindex":0},"up":{"uv":[4.125,1.875,3.375,1.125],"rotation":0,"texture":"#0","tintindex":0},"down":{"uv":[1.75,3.875,1.0,4.625],"rotation":0,"texture":"#0","tintindex":0}}}],"display":{"head":{"translation":[0.0,-6.4,0.0],"scale":[4.0,4.0,4.0]}}}