{"textures":{"0":"modelengine:entity/baby_walle"},"elements":[{"from":[6.857143,6.738796,4.0142856],"to":[7.428571,7.8816533,7.428571],"rotation":{"angle":45.0,"axis":"z","origin":[7.142857,7.3102245,4.5714283]},"faces":{"east":{"uv":[5.125,6.25,5.875,6.5],"rotation":0,"texture":"#0","tintindex":0},"south":{"uv":[1.5,9.375,1.625,9.625],"rotation":0,"texture":"#0","tintindex":0},"north":{"uv":[7.125,9.25,7.25,9.5],"rotation":0,"texture":"#0","tintindex":0},"west":{"uv":[6.0,6.25,6.75,6.5],"rotation":0,"texture":"#0","tintindex":0},"up":{"uv":[6.875,8.25,6.75,7.5],"rotation":0,"texture":"#0","tintindex":0},"down":{"uv":[7.125,7.625,7.0,8.375],"rotation":0,"texture":"#0","tintindex":0}}},{"from":[6.5367656,7.512255,4.0],"to":[7.1081944,9.79797,7.428571],"rotation":{"angle":0.0,"axis":"y","origin":[6.8224797,8.083684,4.5714283]},"faces":{"east":{"uv":[5.75,2.0,6.5,2.5],"rotation":0,"texture":"#0","tintindex":0},"south":{"uv":[3.5,8.625,3.625,9.125],"rotation":0,"texture":"#0","tintindex":0},"north":{"uv":[7.5,8.5,7.625,9.0],"rotation":0,"texture":"#0","tintindex":0},"west":{"uv":[5.75,2.625,6.5,3.125],"rotation":0,"texture":"#0","tintindex":0},"up":{"uv":[7.375,8.375,7.25,7.625],"rotation":0,"texture":"#0","tintindex":0},"down":{"uv":[7.625,7.625,7.5,8.375],"rotation":0,"texture":"#0","tintindex":0}}},{"from":[6.5367656,9.79797,4.0],"to":[10.536766,10.369398,7.428571],"rotation":{"angle":0.0,"axis":"y","origin":[6.8224797,8.083684,4.5714283]},"faces":{"east":{"uv":[7.625,6.125,8.375,6.25],"rotation":0,"texture":"#0","tintindex":0},"south":{"uv":[2.0,7.5,2.875,7.625],"rotation":0,"texture":"#0","tintindex":0},"north":{"uv":[1.0,7.5,1.875,7.625],"rotation":0,"texture":"#0","tintindex":0},"west":{"uv":[7.625,7.0,8.375,7.125],"rotation":0,"texture":"#0","tintindex":0},"up":{"uv":[2.0,3.75,1.125,3.0],"rotation":0,"texture":"#0","tintindex":0},"down":{"uv":[0.875,3.25,0.0,4.0],"rotation":0,"texture":"#0","tintindex":0}}},{"from":[7.1081944,6.9408264,6.857143],"to":[9.965337,9.79797,10.857143],"rotation":{"angle":0.0,"axis":"y","origin":[6.8224797,8.083684,4.5714283]},"faces":{"east":{"uv":[2.875,4.25,3.75,4.875],"rotation":0,"texture":"#0","tintindex":0},"south":{"uv":[5.625,5.125,6.25,5.75],"rotation":0,"texture":"#0","tintindex":0},"north":{"uv":[5.625,4.375,6.25,5.0],"rotation":0,"texture":"#0","tintindex":0},"west":{"uv":[3.875,4.5,4.75,5.125],"rotation":0,"texture":"#0","tintindex":0},"up":{"uv":[1.625,5.625,1.0,4.75],"rotation":0,"texture":"#0","tintindex":0},"down":{"uv":[0.625,4.875,0.0,5.75],"rotation":0,"texture":"#0","tintindex":0}}},{"from":[7.6796227,8.655112,10.857143],"to":[9.3939085,9.2265415,12.571428],"rotation":{"angle":0.0,"axis":"y","origin":[6.8224797,8.083684,5.714286]},"faces":{"east":{"uv":[0.5,9.25,0.875,9.375],"rotation":0,"texture":"#0","tintindex":0},"south":{"uv":[1.0,9.25,1.375,9.375],"rotation":0,"texture":"#0","tintindex":0},"north":{"uv":[0.0,9.25,0.375,9.375],"rotation":0,"texture":"#0","tintindex":0},"west":{"uv":[9.25,1.25,9.625,1.375],"rotation":0,"texture":"#0","tintindex":0},"up":{"uv":[1.875,7.375,1.5,7.0],"rotation":0,"texture":"#0","tintindex":0},"down":{"uv":[3.875,7.0,3.5,7.375],"rotation":0,"texture":"#0","tintindex":0}}},{"from":[7.6796227,8.132705,10.59594],"to":[9.3939085,8.704133,13.024511],"rotation":{"angle":-45.0,"axis":"x","origin":[8.536766,7.84699,12.167368]},"faces":{"east":{"uv":[3.75,8.75,4.25,8.875],"rotation":0,"texture":"#0","tintindex":0},"south":{"uv":[3.5,9.25,3.875,9.375],"rotation":0,"texture":"#0","tintindex":0},"north":{"uv":[2.125,9.25,2.5,9.375],"rotation":0,"texture":"#0","tintindex":0},"west":{"uv":[4.375,8.75,4.875,8.875],"rotation":0,"texture":"#0","tintindex":0},"up":{"uv":[0.375,6.875,0.0,6.375],"rotation":0,"texture":"#0","tintindex":0},"down":{"uv":[1.875,6.375,1.5,6.875],"rotation":0,"texture":"#0","tintindex":0}}},{"from":[7.1081944,6.9408264,4.5714283],"to":[9.965337,9.79797,5.142857],"rotation":{"angle":0.0,"axis":"y","origin":[6.8224797,8.083684,4.5714283]},"faces":{"east":{"uv":[2.0,8.0,2.125,8.625],"rotation":0,"texture":"#0","tintindex":0},"south":{"uv":[0.75,5.75,1.375,6.375],"rotation":0,"texture":"#0","tintindex":0},"north":{"uv":[5.75,0.0,6.375,0.625],"rotation":0,"texture":"#0","tintindex":0},"west":{"uv":[3.25,8.0,3.375,8.625],"rotation":0,"texture":"#0","tintindex":0},"up":{"uv":[6.5,8.125,5.875,8.0],"rotation":0,"texture":"#0","tintindex":0},"down":{"uv":[8.625,6.375,8.0,6.5],"rotation":0,"texture":"#0","tintindex":0}}},{"from":[7.5367656,7.9408264,4.285714],"to":[8.965337,9.369398,4.8571424],"rotation":{"angle":0.0,"axis":"y","origin":[6.8224797,8.083684,4.5714283]},"faces":{"east":{"uv":[4.75,9.0,4.875,9.375],"rotation":0,"texture":"#0","tintindex":0},"south":{"uv":[5.0,7.0,5.375,7.375],"rotation":0,"texture":"#0","tintindex":0},"north":{"uv":[4.0,7.0,4.375,7.375],"rotation":0,"texture":"#0","tintindex":0},"west":{"uv":[6.875,9.125,7.0,9.5],"rotation":0,"texture":"#0","tintindex":0},"up":{"uv":[9.625,5.75,9.25,5.625],"rotation":0,"texture":"#0","tintindex":0},"down":{"uv":[9.625,5.875,9.25,6.0],"rotation":0,"texture":"#0","tintindex":0}}},{"from":[9.965337,6.9408264,4.0142856],"to":[10.536766,9.79797,7.428571],"rotation":{"angle":0.0,"axis":"y","origin":[7.9653373,9.2265415,4.5714283]},"faces":{"east":{"uv":[4.875,2.0,5.625,2.625],"rotation":0,"texture":"#0","tintindex":0},"south":{"uv":[8.0,8.0,8.125,8.625],"rotation":0,"texture":"#0","tintindex":0},"north":{"uv":[7.75,8.0,7.875,8.625],"rotation":0,"texture":"#0","tintindex":0},"west":{"uv":[4.875,2.75,5.625,3.375],"rotation":0,"texture":"#0","tintindex":0},"up":{"uv":[0.125,8.5,0.0,7.75],"rotation":0,"texture":"#0","tintindex":0},"down":{"uv":[0.375,7.75,0.25,8.5],"rotation":0,"texture":"#0","tintindex":0}}},{"from":[7.3448877,6.704133,4.0],"to":[10.530602,7.275562,7.428571],"rotation":{"angle":0.0,"axis":"y","origin":[8.730602,6.989847,4.5714283]},"faces":{"east":{"uv":[0.5,7.75,1.25,7.875],"rotation":0,"texture":"#0","tintindex":0},"south":{"uv":[1.375,7.75,2.125,7.875],"rotation":0,"texture":"#0","tintindex":0},"north":{"uv":[7.75,0.0,8.5,0.125],"rotation":0,"texture":"#0","tintindex":0},"west":{"uv":[7.75,2.875,8.5,3.0],"rotation":0,"texture":"#0","tintindex":0},"up":{"uv":[4.75,2.75,4.0,2.0],"rotation":0,"texture":"#0","tintindex":0},"down":{"uv":[4.75,2.875,4.0,3.625],"rotation":0,"texture":"#0","tintindex":0}}},{"from":[7.6796227,8.369398,4.2571425],"to":[7.9653373,8.655112,4.2571425],"rotation":{"angle":0.0,"axis":"y","origin":[6.8224797,8.083684,4.5714283]},"faces":{"east":{"uv":[2.5,5.625,2.5,5.75],"rotation":0,"texture":"#0","tintindex":0},"south":{"uv":[9.5,4.625,9.625,4.75],"rotation":0,"texture":"#0","tintindex":0},"north":{"uv":[9.5,4.375,9.625,4.5],"rotation":0,"texture":"#0","tintindex":0},"west":{"uv":[6.375,5.5,6.375,5.625],"rotation":0,"texture":"#0","tintindex":0},"up":{"uv":[5.375,4.375,5.25,4.375],"rotation":0,"texture":"#0","tintindex":0},"down":{"uv":[5.875,4.25,5.75,4.25],"rotation":0,"texture":"#0","tintindex":0}}},{"from":[8.108194,8.512255,4.2571425],"to":[8.679623,9.2265415,4.2571425],"rotation":{"angle":0.0,"axis":"y","origin":[6.8224797,8.083684,4.5714283]},"faces":{"east":{"uv":[6.5,0.5,6.5,0.625],"rotation":0,"texture":"#0","tintindex":0},"south":{"uv":[9.5,9.125,9.625,9.25],"rotation":0,"texture":"#0","tintindex":0},"north":{"uv":[4.75,9.5,4.875,9.625],"rotation":0,"texture":"#0","tintindex":0},"west":{"uv":[5.0,6.75,5.0,6.875],"rotation":0,"texture":"#0","tintindex":0},"up":{"uv":[6.125,4.25,6.0,4.25],"rotation":0,"texture":"#0","tintindex":0},"down":{"uv":[4.75,6.0,4.625,6.0],"rotation":0,"texture":"#0","tintindex":0}}}],"display":{"head":{"translation":[0.0,-6.4,0.0],"scale":[4.0,4.0,4.0]}}}