{"textures":{"0":"modelengine:entity/baby_walle"},"elements":[{"from":[7.6285715,7.4428573,6.714286],"to":[8.2,8.585714,7.857143],"rotation":{"angle":45.0,"axis":"y","origin":[8.057143,8.014286,7.714286]},"faces":{"east":{"uv":[8.125,8.75,8.375,9.0],"rotation":0,"texture":"#0","tintindex":0},"south":{"uv":[6.5,9.375,6.625,9.625],"rotation":0,"texture":"#0","tintindex":0},"north":{"uv":[6.25,9.375,6.375,9.625],"rotation":0,"texture":"#0","tintindex":0},"west":{"uv":[8.5,8.75,8.75,9.0],"rotation":0,"texture":"#0","tintindex":0},"up":{"uv":[9.5,6.75,9.375,6.5],"rotation":0,"texture":"#0","tintindex":0},"down":{"uv":[7.5,9.375,7.375,9.625],"rotation":0,"texture":"#0","tintindex":0}}},{"from":[8.0,7.714286,7.5714283],"to":[8.0,8.285714,11.0],"rotation":{"angle":0.0,"axis":"y","origin":[8.142858,8.0,8.0]},"faces":{"east":{"uv":[7.75,3.125,8.5,3.25],"rotation":0,"texture":"#0","tintindex":0},"south":{"uv":[1.0,3.25,1.0,3.375],"rotation":0,"texture":"#0","tintindex":0},"north":{"uv":[2.125,3.0,2.125,3.125],"rotation":0,"texture":"#0","tintindex":0},"west":{"uv":[7.75,3.375,8.5,3.5],"rotation":0,"texture":"#0","tintindex":0},"up":{"uv":[2.75,10.375,2.75,9.625],"rotation":0,"texture":"#0","tintindex":0},"down":{"uv":[9.625,2.75,9.625,3.5],"rotation":0,"texture":"#0","tintindex":0}}}],"display":{"head":{"translation":[0.0,-6.4,0.0],"scale":[4.0,4.0,4.0]}}}