{"textures":{"0":"modelengine:entity/baby_walle"},"elements":[{"from":[7.8,7.4428573,6.714286],"to":[8.3714285,8.585714,7.857143],"rotation":{"angle":-45.0,"axis":"y","origin":[7.9428573,8.014286,7.714286]},"faces":{"east":{"uv":[2.5,8.875,2.75,9.125],"rotation":0,"texture":"#0","tintindex":0},"south":{"uv":[7.875,9.375,8.0,9.625],"rotation":0,"texture":"#0","tintindex":0},"north":{"uv":[9.375,7.75,9.5,8.0],"rotation":0,"texture":"#0","tintindex":0},"west":{"uv":[8.875,8.75,9.125,9.0],"rotation":0,"texture":"#0","tintindex":0},"up":{"uv":[8.25,9.625,8.125,9.375],"rotation":0,"texture":"#0","tintindex":0},"down":{"uv":[9.5,8.125,9.375,8.375],"rotation":0,"texture":"#0","tintindex":0}}},{"from":[8.0,7.714286,7.5714283],"to":[8.0,8.285714,11.0],"rotation":{"angle":0.0,"axis":"y","origin":[7.857143,8.0,8.0]},"faces":{"east":{"uv":[7.75,3.625,8.5,3.75],"rotation":0,"texture":"#0","tintindex":0},"south":{"uv":[1.0,3.5,1.0,3.625],"rotation":0,"texture":"#0","tintindex":0},"north":{"uv":[2.125,3.25,2.125,3.375],"rotation":0,"texture":"#0","tintindex":0},"west":{"uv":[4.75,7.75,5.5,7.875],"rotation":0,"texture":"#0","tintindex":0},"up":{"uv":[4.0,10.375,4.0,9.625],"rotation":0,"texture":"#0","tintindex":0},"down":{"uv":[4.125,9.625,4.125,10.375],"rotation":0,"texture":"#0","tintindex":0}}}],"display":{"head":{"translation":[0.0,-6.4,0.0],"scale":[4.0,4.0,4.0]}}}