{"textures":{"0":"modelengine:entity/baby_walle"},"elements":[{"from":[7.7285714,7.428571,7.428571],"to":[8.271429,9.714286,8.0],"rotation":{"angle":-45.0,"axis":"x","origin":[8.0,8.571428,8.285714]},"faces":{"east":{"uv":[5.0,8.75,5.125,9.25],"rotation":0,"texture":"#0","tintindex":0},"south":{"uv":[5.25,8.75,5.375,9.25],"rotation":0,"texture":"#0","tintindex":0},"north":{"uv":[3.25,8.75,3.375,9.25],"rotation":0,"texture":"#0","tintindex":0},"west":{"uv":[5.5,8.75,5.625,9.25],"rotation":0,"texture":"#0","tintindex":0},"up":{"uv":[3.625,6.875,3.5,6.75],"rotation":0,"texture":"#0","tintindex":0},"down":{"uv":[4.875,7.25,4.75,7.375],"rotation":0,"texture":"#0","tintindex":0}}},{"from":[7.7285714,9.285714,7.142857],"to":[8.271429,10.428572,7.714286],"rotation":{"angle":22.5,"axis":"x","origin":[8.0,9.714286,7.428571]},"faces":{"east":{"uv":[3.125,9.375,3.25,9.625],"rotation":0,"texture":"#0","tintindex":0},"south":{"uv":[9.375,3.375,9.5,3.625],"rotation":0,"texture":"#0","tintindex":0},"north":{"uv":[9.375,3.0,9.5,3.25],"rotation":0,"texture":"#0","tintindex":0},"west":{"uv":[4.25,9.375,4.375,9.625],"rotation":0,"texture":"#0","tintindex":0},"up":{"uv":[1.375,8.5,1.25,8.375],"rotation":0,"texture":"#0","tintindex":0},"down":{"uv":[0.625,9.5,0.5,9.625],"rotation":0,"texture":"#0","tintindex":0}}},{"from":[7.714286,9.142858,7.142857],"to":[8.285714,10.285714,8.285714],"rotation":{"angle":-45.0,"axis":"x","origin":[8.0,8.571428,8.285714]},"faces":{"east":{"uv":[2.875,3.75,3.125,4.0],"rotation":0,"texture":"#0","tintindex":0},"south":{"uv":[9.375,1.875,9.5,2.125],"rotation":0,"texture":"#0","tintindex":0},"north":{"uv":[9.375,1.5,9.5,1.75],"rotation":0,"texture":"#0","tintindex":0},"west":{"uv":[1.125,6.5,1.375,6.75],"rotation":0,"texture":"#0","tintindex":0},"up":{"uv":[9.5,2.875,9.375,2.625],"rotation":0,"texture":"#0","tintindex":0},"down":{"uv":[3.0,9.375,2.875,9.625],"rotation":0,"texture":"#0","tintindex":0}}},{"from":[7.714286,10.0,6.485714],"to":[8.285714,11.142858,7.6285715],"rotation":{"angle":22.5,"axis":"x","origin":[8.0,8.571428,8.285714]},"faces":{"east":{"uv":[3.75,8.125,4.0,8.375],"rotation":0,"texture":"#0","tintindex":0},"south":{"uv":[5.0,9.375,5.125,9.625],"rotation":0,"texture":"#0","tintindex":0},"north":{"uv":[4.5,9.375,4.625,9.625],"rotation":0,"texture":"#0","tintindex":0},"west":{"uv":[5.75,8.75,6.0,9.0],"rotation":0,"texture":"#0","tintindex":0},"up":{"uv":[5.375,9.625,5.25,9.375],"rotation":0,"texture":"#0","tintindex":0},"down":{"uv":[5.625,9.375,5.5,9.625],"rotation":0,"texture":"#0","tintindex":0}}}],"display":{"head":{"translation":[0.0,-6.4,0.0],"scale":[4.0,4.0,4.0]}}}