{"textures":{"0":"modelengine:entity/nocsy_chibi_stegosaur","particle":"#0"},"elements":[{"from":[2.9015126,9.781046,8.0],"to":[2.9015126,19.781046,15.0],"faces":{"east":{"uv":[3.25,1.125,4.125,2.375],"tintindex":0,"rotation":0,"texture":"#0"},"west":{"uv":[3.375,2.5,4.25,3.75],"tintindex":0,"rotation":0,"texture":"#0"}},"rotation":{"origin":[0.12987423,19.429096,13.0],"angle":22.5,"axis":"z"}},{"from":[3.0,4.5,2.0],"to":[13.0,12.5,14.0],"faces":{"east":{"uv":[0.0,1.625,1.5,2.625],"tintindex":0,"rotation":0,"texture":"#0"},"south":{"uv":[2.75,0.0,4.0,1.0],"tintindex":0,"rotation":0,"texture":"#0"},"north":{"uv":[0.0,2.75,1.25,3.75],"tintindex":0,"rotation":0,"texture":"#0"},"west":{"uv":[1.625,1.625,3.125,2.625],"tintindex":0,"rotation":0,"texture":"#0"},"up":{"uv":[1.25,1.5,0.0,0.0],"tintindex":0,"rotation":0,"texture":"#0"},"down":{"uv":[2.625,0.0,1.375,1.5],"tintindex":0,"rotation":0,"texture":"#0"}}},{"from":[14.022367,9.76373,2.0],"to":[14.022367,19.76373,8.0],"faces":{"east":{"uv":[0.0,3.875,0.75,5.125],"tintindex":0,"rotation":0,"texture":"#0"},"west":{"uv":[3.375,3.875,4.125,5.125],"tintindex":0,"rotation":0,"texture":"#0"}},"rotation":{"origin":[15.870126,19.429096,8.0],"angle":-22.5,"axis":"z"}},{"from":[13.098488,9.781046,8.0],"to":[13.098488,19.781046,15.0],"faces":{"east":{"uv":[1.375,2.75,2.25,4.0],"tintindex":0,"rotation":0,"texture":"#0"},"west":{"uv":[2.375,2.75,3.25,4.0],"tintindex":0,"rotation":0,"texture":"#0"}},"rotation":{"origin":[15.870126,19.429096,13.0],"angle":-22.5,"axis":"z"}},{"from":[1.9776335,9.76373,2.0],"to":[1.9776335,19.76373,8.0],"faces":{"east":{"uv":[0.875,4.125,1.625,5.375],"tintindex":0,"rotation":0,"texture":"#0"},"west":{"uv":[1.75,4.125,2.5,5.375],"tintindex":0,"rotation":0,"texture":"#0"}},"rotation":{"origin":[0.12987423,19.429096,8.0],"angle":22.5,"axis":"z"}}],"display":{"gui":{"rotation":[-150.0,-45.0,180.0]}}}