{"textures":{"0":"modelengine:entity/nocsy_chibi_stegosaur","particle":"#0"},"elements":[{"from":[5.5,5.0,2.4999995],"to":[10.5,6.0,7.4999995],"faces":{"east":{"uv":[4.75,7.75,5.375,7.875],"tintindex":0,"rotation":0,"texture":"#0"},"south":{"uv":[5.5,7.75,6.125,7.875],"tintindex":0,"rotation":0,"texture":"#0"},"north":{"uv":[7.5,3.625,8.125,3.75],"tintindex":0,"rotation":0,"texture":"#0"},"west":{"uv":[7.75,7.625,8.375,7.75],"tintindex":0,"rotation":0,"texture":"#0"},"up":{"uv":[0.625,6.875,0.0,6.25],"tintindex":0,"rotation":0,"texture":"#0"},"down":{"uv":[6.5,6.375,5.875,7.0],"tintindex":0,"rotation":0,"texture":"#0"}}},{"from":[4.7,7.1,2.4999995],"to":[5.7,9.1,5.4999995],"faces":{"east":{"uv":[6.125,1.5,6.5,1.75],"tintindex":0,"rotation":0,"texture":"#0"},"south":{"uv":[7.875,6.0,8.0,6.25],"tintindex":0,"rotation":0,"texture":"#0"},"north":{"uv":[7.875,5.625,8.0,5.875],"tintindex":0,"rotation":0,"texture":"#0"},"west":{"uv":[0.0,7.75,0.375,8.0],"tintindex":0,"rotation":0,"texture":"#0"},"up":{"uv":[8.0,4.25,7.875,3.875],"tintindex":0,"rotation":0,"texture":"#0"},"down":{"uv":[8.0,4.375,7.875,4.75],"tintindex":0,"rotation":0,"texture":"#0"}}},{"from":[10.3,7.1,2.4999995],"to":[11.3,9.1,5.4999995],"faces":{"east":{"uv":[2.75,1.125,3.125,1.375],"tintindex":0,"rotation":0,"texture":"#0"},"south":{"uv":[7.875,5.25,8.0,5.5],"tintindex":0,"rotation":0,"texture":"#0"},"north":{"uv":[7.875,4.875,8.0,5.125],"tintindex":0,"rotation":0,"texture":"#0"},"west":{"uv":[5.375,2.625,5.75,2.875],"tintindex":0,"rotation":0,"texture":"#0"},"up":{"uv":[2.125,7.375,2.0,7.0],"tintindex":0,"rotation":0,"texture":"#0"},"down":{"uv":[3.375,7.875,3.25,8.25],"tintindex":0,"rotation":0,"texture":"#0"}}},{"from":[5.0,6.0,1.4999995],"to":[11.0,11.0,8.5],"faces":{"east":{"uv":[5.875,2.625,6.75,3.25],"tintindex":0,"rotation":0,"texture":"#0"},"south":{"uv":[3.875,5.875,4.625,6.5],"tintindex":0,"rotation":0,"texture":"#0"},"north":{"uv":[4.375,3.0,5.125,3.625],"tintindex":0,"rotation":0,"texture":"#0"},"west":{"uv":[5.875,3.375,6.75,4.0],"tintindex":0,"rotation":0,"texture":"#0"},"up":{"uv":[0.75,6.125,0.0,5.25],"tintindex":0,"rotation":0,"texture":"#0"},"down":{"uv":[6.0,1.0,5.25,1.875],"tintindex":0,"rotation":0,"texture":"#0"}}},{"from":[11.35,7.5,2.9],"to":[11.35,8.5,3.9],"faces":{"east":{"uv":[3.875,5.625,4.0,5.75],"tintindex":0,"rotation":0,"texture":"#0"},"west":{"uv":[6.875,3.875,7.0,4.0],"tintindex":0,"rotation":0,"texture":"#0"}}},{"from":[4.65,7.5,2.9],"to":[4.65,8.5,3.9],"faces":{"east":{"uv":[0.875,3.875,1.0,4.0],"tintindex":0,"rotation":0,"texture":"#0"},"west":{"uv":[1.125,3.875,1.25,4.0],"tintindex":0,"rotation":0,"texture":"#0"}}}],"display":{"gui":{"rotation":[-150.0,-45.0,180.0]}}}