{"textures":{"0":"modelengine:entity/nocsy_chibi_stegosaur","particle":"#0"},"elements":[{"from":[6.0,3.5,6.0],"to":[10.0,8.5,10.0],"faces":{"east":{"uv":[6.875,2.375,7.375,3.0],"tintindex":0,"rotation":0,"texture":"#0"},"south":{"uv":[6.875,3.125,7.375,3.75],"tintindex":0,"rotation":0,"texture":"#0"},"north":{"uv":[2.25,6.875,2.75,7.5],"tintindex":0,"rotation":0,"texture":"#0"},"west":{"uv":[0.0,7.0,0.5,7.625],"tintindex":0,"rotation":0,"texture":"#0"},"up":{"uv":[7.75,4.375,7.25,3.875],"tintindex":0,"rotation":0,"texture":"#0"},"down":{"uv":[7.75,4.5,7.25,5.0],"tintindex":0,"rotation":0,"texture":"#0"}}}],"display":{"gui":{"rotation":[-150.0,-45.0,180.0]}}}