{"textures":{"0":"modelengine:entity/nocsy_chibi_stegosaur","particle":"#0"},"elements":[{"from":[6.0,3.0,6.0],"to":[10.0,9.0,10.0],"faces":{"east":{"uv":[2.875,6.625,3.375,7.375],"tintindex":0,"rotation":0,"texture":"#0"},"south":{"uv":[3.5,6.625,4.0,7.375],"tintindex":0,"rotation":0,"texture":"#0"},"north":{"uv":[1.625,6.125,2.125,6.875],"tintindex":0,"rotation":0,"texture":"#0"},"west":{"uv":[4.125,6.625,4.625,7.375],"tintindex":0,"rotation":0,"texture":"#0"},"up":{"uv":[7.75,5.625,7.25,5.125],"tintindex":0,"rotation":0,"texture":"#0"},"down":{"uv":[7.75,5.75,7.25,6.25],"tintindex":0,"rotation":0,"texture":"#0"}}}],"display":{"gui":{"rotation":[-150.0,-45.0,180.0]}}}