{"textures":{"0":"modelengine:entity/nocsy_chibi_stegosaur","particle":"#0"},"elements":[{"from":[6.0,3.5,6.0],"to":[10.0,8.5,10.0],"faces":{"east":{"uv":[6.875,0.0,7.375,0.625],"tintindex":0,"rotation":0,"texture":"#0"},"south":{"uv":[0.75,6.875,1.25,7.5],"tintindex":0,"rotation":0,"texture":"#0"},"north":{"uv":[6.625,6.75,7.125,7.375],"tintindex":0,"rotation":0,"texture":"#0"},"west":{"uv":[6.875,0.75,7.375,1.375],"tintindex":0,"rotation":0,"texture":"#0"},"up":{"uv":[5.875,7.625,5.375,7.125],"tintindex":0,"rotation":0,"texture":"#0"},"down":{"uv":[6.5,7.125,6.0,7.625],"tintindex":0,"rotation":0,"texture":"#0"}}}],"display":{"gui":{"rotation":[-150.0,-45.0,180.0]}}}