{"textures":{"0":"modelengine:entity/nocsy_chibi_stegosaur","particle":"#0"},"elements":[{"from":[6.0,3.0,6.0],"to":[10.0,9.0,10.0],"faces":{"east":{"uv":[6.625,5.0,7.125,5.75],"tintindex":0,"rotation":0,"texture":"#0"},"south":{"uv":[6.625,5.875,7.125,6.625],"tintindex":0,"rotation":0,"texture":"#0"},"north":{"uv":[6.625,4.125,7.125,4.875],"tintindex":0,"rotation":0,"texture":"#0"},"west":{"uv":[6.75,1.5,7.25,2.25],"tintindex":0,"rotation":0,"texture":"#0"},"up":{"uv":[7.75,6.875,7.25,6.375],"tintindex":0,"rotation":0,"texture":"#0"},"down":{"uv":[7.75,7.0,7.25,7.5],"tintindex":0,"rotation":0,"texture":"#0"}}}],"display":{"gui":{"rotation":[-150.0,-45.0,180.0]}}}