{"textures":{"0":"modelengine:entity/nocsy_chibi_stegosaur","particle":"#0"},"elements":[{"from":[5.51,5.35312,4.2168493],"to":[10.49,10.333119,9.19685],"faces":{"east":{"uv":[5.875,4.875,6.5,5.5],"tintindex":0,"rotation":0,"texture":"#0"},"south":{"uv":[5.875,5.625,6.5,6.25],"tintindex":0,"rotation":0,"texture":"#0"},"north":{"uv":[5.875,4.125,6.5,4.75],"tintindex":0,"rotation":0,"texture":"#0"},"west":{"uv":[6.125,0.0,6.75,0.625],"tintindex":0,"rotation":0,"texture":"#0"},"up":{"uv":[6.75,1.375,6.125,0.75],"tintindex":0,"rotation":0,"texture":"#0"},"down":{"uv":[1.5,6.125,0.875,6.75],"tintindex":0,"rotation":0,"texture":"#0"}}}],"display":{"gui":{"rotation":[-150.0,-45.0,180.0]}}}