{"textures":{"0":"modelengine:entity/nocsy_chibi_stegosaur","particle":"#0"},"elements":[{"from":[6.0,4.0000005,6.0],"to":[10.0,8.0,16.0],"faces":{"east":{"uv":[5.375,2.0,6.625,2.5],"tintindex":0,"rotation":0,"texture":"#0"},"south":{"uv":[4.75,7.125,5.25,7.625],"tintindex":0,"rotation":0,"texture":"#0"},"north":{"uv":[1.375,7.0,1.875,7.5],"tintindex":0,"rotation":0,"texture":"#0"},"west":{"uv":[0.875,5.5,2.125,6.0],"tintindex":0,"rotation":0,"texture":"#0"},"up":{"uv":[2.75,6.75,2.25,5.5],"tintindex":0,"rotation":0,"texture":"#0"},"down":{"uv":[5.75,5.75,5.25,7.0],"tintindex":0,"rotation":0,"texture":"#0"}}},{"from":[7.967465,7.141904,9.0],"to":[7.967465,11.141904,12.0],"faces":{"east":{"uv":[7.375,1.5,7.75,2.0],"tintindex":0,"rotation":0,"texture":"#0"},"west":{"uv":[7.5,0.0,7.875,0.5],"tintindex":0,"rotation":0,"texture":"#0"}},"rotation":{"origin":[8.0,6.0000005,11.0],"angle":22.5,"axis":"z"}},{"from":[8.032535,7.141904,9.0],"to":[8.032535,11.141904,12.0],"faces":{"east":{"uv":[4.75,5.875,5.125,6.375],"tintindex":0,"rotation":0,"texture":"#0"},"west":{"uv":[4.75,6.5,5.125,7.0],"tintindex":0,"rotation":0,"texture":"#0"}},"rotation":{"origin":[8.0,6.0000005,11.0],"angle":-22.5,"axis":"z"}}],"display":{"gui":{"rotation":[-150.0,-45.0,180.0]}}}