{"textures":{"0":"modelengine:entity/nocsy_chibi_stegosaur","particle":"#0"},"elements":[{"from":[6.0,8.8,3.203805],"to":[8.0,10.8,8.203806],"faces":{"east":{"uv":[2.875,7.5,3.5,7.75],"tintindex":0,"rotation":0,"texture":"#0"},"south":{"uv":[7.875,1.375,8.125,1.625],"tintindex":0,"rotation":0,"texture":"#0"},"north":{"uv":[6.25,7.75,6.5,8.0],"tintindex":0,"rotation":0,"texture":"#0"},"west":{"uv":[7.5,2.875,8.125,3.125],"tintindex":0,"rotation":0,"texture":"#0"},"up":{"uv":[3.875,8.125,3.625,7.5],"tintindex":0,"rotation":0,"texture":"#0"},"down":{"uv":[4.25,7.5,4.0,8.125],"tintindex":0,"rotation":0,"texture":"#0"}},"rotation":{"origin":[8.0,8.8,1.203805],"angle":45.0,"axis":"y"}},{"from":[8.7,7.8,5.403805],"to":[10.7,9.8,10.403805],"faces":{"east":{"uv":[1.375,7.625,2.0,7.875],"tintindex":0,"rotation":0,"texture":"#0"},"south":{"uv":[2.875,7.875,3.125,8.125],"tintindex":0,"rotation":0,"texture":"#0"},"north":{"uv":[7.875,2.5,8.125,2.75],"tintindex":0,"rotation":0,"texture":"#0"},"west":{"uv":[2.125,7.625,2.75,7.875],"tintindex":0,"rotation":0,"texture":"#0"},"up":{"uv":[7.25,8.25,7.0,7.625],"tintindex":0,"rotation":0,"texture":"#0"},"down":{"uv":[7.625,7.625,7.375,8.25],"tintindex":0,"rotation":0,"texture":"#0"}},"rotation":{"origin":[9.0,8.0,8.403805],"angle":22.5,"axis":"y"}},{"from":[5.3,7.8,5.403805],"to":[7.3,9.8,10.403805],"faces":{"east":{"uv":[7.5,3.25,8.125,3.5],"tintindex":0,"rotation":0,"texture":"#0"},"south":{"uv":[7.875,2.125,8.125,2.375],"tintindex":0,"rotation":0,"texture":"#0"},"north":{"uv":[7.875,1.75,8.125,2.0],"tintindex":0,"rotation":0,"texture":"#0"},"west":{"uv":[0.625,7.625,1.25,7.875],"tintindex":0,"rotation":0,"texture":"#0"},"up":{"uv":[4.625,8.125,4.375,7.5],"tintindex":0,"rotation":0,"texture":"#0"},"down":{"uv":[6.875,7.5,6.625,8.125],"tintindex":0,"rotation":0,"texture":"#0"}},"rotation":{"origin":[7.0,8.0,8.403805],"angle":-22.5,"axis":"y"}},{"from":[8.0,8.8,3.203805],"to":[10.0,10.8,8.203806],"faces":{"east":{"uv":[7.5,0.625,8.125,0.875],"tintindex":0,"rotation":0,"texture":"#0"},"south":{"uv":[2.875,6.25,3.125,6.5],"tintindex":0,"rotation":0,"texture":"#0"},"north":{"uv":[3.875,5.25,4.125,5.5],"tintindex":0,"rotation":0,"texture":"#0"},"west":{"uv":[7.5,1.0,8.125,1.25],"tintindex":0,"rotation":0,"texture":"#0"},"up":{"uv":[3.125,6.125,2.875,5.5],"tintindex":0,"rotation":0,"texture":"#0"},"down":{"uv":[7.75,2.125,7.5,2.75],"tintindex":0,"rotation":0,"texture":"#0"}},"rotation":{"origin":[8.0,8.8,1.203805],"angle":-45.0,"axis":"y"}}],"display":{"gui":{"rotation":[-150.0,-45.0,180.0]}}}