{"textures":{"0":"modelengine:entity/nocsy_oven","particle":"#0"},"elements":[{"from":[5.30342,5.65221,4.6],"to":[11.30342,8.65221,11.6],"faces":{"east":{"uv":[7.75,0.625,8.625,1.0],"tintindex":0,"rotation":0,"texture":"#0"},"south":{"uv":[8.125,1.125,8.875,1.5],"tintindex":0,"rotation":0,"texture":"#0"},"north":{"uv":[7.25,8.0,8.0,8.375],"tintindex":0,"rotation":0,"texture":"#0"},"west":{"uv":[7.875,5.5,8.75,5.875],"tintindex":0,"rotation":0,"texture":"#0"},"up":{"uv":[0.75,7.75,0.0,6.875],"tintindex":0,"rotation":0,"texture":"#0"},"down":{"uv":[7.625,0.0,6.875,0.875],"tintindex":0,"rotation":0,"texture":"#0"}},"rotation":{"origin":[8.7,7.1000004,8.1],"angle":22.5,"axis":"z"}},{"from":[5.95391,10.189001,5.88892],"to":[10.45391,12.689001,10.38892],"faces":{"east":{"uv":[1.5,7.625,2.0,7.875],"tintindex":0,"rotation":0,"texture":"#0"},"south":{"uv":[2.125,7.625,2.625,7.875],"tintindex":0,"rotation":0,"texture":"#0"},"north":{"uv":[0.875,7.625,1.375,7.875],"tintindex":0,"rotation":0,"texture":"#0"},"west":{"uv":[2.75,7.625,3.25,7.875],"tintindex":0,"rotation":0,"texture":"#0"},"up":{"uv":[8.625,2.125,8.125,1.625],"tintindex":0,"rotation":0,"texture":"#0"},"down":{"uv":[8.625,2.25,8.125,2.75],"tintindex":0,"rotation":0,"texture":"#0"}}},{"from":[6.20391,5.2390003,6.13892],"to":[10.20391,12.239,10.13892],"faces":{"east":{"uv":[1.5,7.75,2.0,8.625],"tintindex":0,"rotation":0,"texture":"#0"},"south":{"uv":[2.125,7.75,2.625,8.625],"tintindex":0,"rotation":0,"texture":"#0"},"north":{"uv":[0.875,7.75,1.375,8.625],"tintindex":0,"rotation":0,"texture":"#0"},"west":{"uv":[2.75,7.75,3.25,8.625],"tintindex":0,"rotation":0,"texture":"#0"},"up":{"uv":[8.625,2.125,8.125,1.625],"tintindex":0,"rotation":0,"texture":"#0"},"down":{"uv":[8.625,2.25,8.125,2.75],"tintindex":0,"rotation":0,"texture":"#0"}}}],"display":{"gui":{"rotation":[-150.0,-45.0,180.0]}}}