{"textures":{"0":"modelengine:entity/nocsy_oven","particle":"#0"},"elements":[{"from":[5.0,7.0,6.0],"to":[5.0,17.0,16.0],"faces":{"east":{"uv":[4.25,0.0,3.0,1.25],"tintindex":0,"rotation":0,"texture":"#0"},"west":{"uv":[3.0,0.0,4.25,1.25],"tintindex":0,"rotation":0,"texture":"#0"}}},{"from":[4.5,9.0,4.8],"to":[7.5,11.0,6.8],"faces":{"east":{"uv":[8.625,0.0,8.875,0.25],"tintindex":0,"rotation":0,"texture":"#0"},"south":{"uv":[7.25,8.5,7.625,8.75],"tintindex":0,"rotation":0,"texture":"#0"},"north":{"uv":[8.5,7.125,8.875,7.375],"tintindex":0,"rotation":0,"texture":"#0"},"west":{"uv":[8.625,4.375,8.875,4.625],"tintindex":0,"rotation":0,"texture":"#0"},"up":{"uv":[8.125,8.75,7.75,8.5],"tintindex":0,"rotation":0,"texture":"#0"},"down":{"uv":[8.625,8.5,8.25,8.75],"tintindex":0,"rotation":0,"texture":"#0"}},"rotation":{"origin":[6.0,8.5,5.8],"angle":22.5,"axis":"y"}},{"from":[5.0,7.0,6.0],"to":[15.0,7.0,16.0],"faces":{"up":{"uv":[5.375,4.0,4.125,2.75],"tintindex":0,"rotation":0,"texture":"#0"},"down":{"uv":[5.375,2.75,4.125,4.0],"tintindex":0,"rotation":0,"texture":"#0"}}},{"from":[4.5,14.0,5.5],"to":[15.5,18.0,16.5],"faces":{"east":{"uv":[6.625,1.75,8.0,2.25],"tintindex":0,"rotation":0,"texture":"#0"},"south":{"uv":[6.625,2.375,8.0,2.875],"tintindex":0,"rotation":0,"texture":"#0"},"north":{"uv":[6.625,1.125,8.0,1.625],"tintindex":0,"rotation":0,"texture":"#0"},"west":{"uv":[6.625,3.0,8.0,3.5],"tintindex":0,"rotation":0,"texture":"#0"},"up":{"uv":[1.375,1.375,0.0,0.0],"tintindex":0,"rotation":0,"texture":"#0"},"down":{"uv":[1.375,1.5,0.0,2.875],"tintindex":0,"rotation":0,"texture":"#0"}}},{"from":[4.5,6.0,5.5],"to":[15.5,10.0,16.5],"faces":{"east":{"uv":[8.0,4.875,6.625,5.375],"tintindex":0,"rotation":0,"texture":"#0"},"south":{"uv":[6.625,4.25,8.0,4.75],"tintindex":0,"rotation":0,"texture":"#0"},"north":{"uv":[6.625,3.625,8.0,4.125],"tintindex":0,"rotation":0,"texture":"#0"},"west":{"uv":[6.625,4.875,8.0,5.375],"tintindex":0,"rotation":0,"texture":"#0"},"up":{"uv":[2.875,1.375,1.5,0.0],"tintindex":0,"rotation":0,"texture":"#0"},"down":{"uv":[2.875,1.5,1.5,2.875],"tintindex":0,"rotation":0,"texture":"#0"}}},{"from":[7.5,10.0,15.5],"to":[12.5,12.0,16.5],"faces":{"east":{"uv":[5.25,5.5,5.375,5.75],"tintindex":0,"rotation":0,"texture":"#0"},"south":{"uv":[8.125,5.125,8.75,5.375],"tintindex":0,"rotation":0,"texture":"#0"},"north":{"uv":[5.75,2.375,6.375,2.625],"tintindex":0,"rotation":0,"texture":"#0"},"west":{"uv":[6.25,7.625,6.375,7.875],"tintindex":0,"rotation":0,"texture":"#0"},"up":{"uv":[3.625,2.875,3.0,2.75],"tintindex":0,"rotation":0,"texture":"#0"},"down":{"uv":[9.125,7.5,8.5,7.625],"tintindex":0,"rotation":0,"texture":"#0"}}},{"from":[14.0,8.6,4.3],"to":[14.0,14.6,6.3],"faces":{"east":{"uv":[3.75,5.75,4.0,6.5],"tintindex":0,"rotation":0,"texture":"#0"},"west":{"uv":[4.0,5.75,3.75,6.5],"tintindex":0,"rotation":0,"texture":"#0"}}},{"from":[5.0,17.0,6.0],"to":[15.0,17.0,16.0],"faces":{"up":{"uv":[5.375,5.375,4.125,4.125],"tintindex":0,"rotation":0,"texture":"#0"},"down":{"uv":[5.375,4.125,4.125,5.375],"tintindex":0,"rotation":0,"texture":"#0"}}},{"from":[5.0,7.0,6.0],"to":[15.0,17.0,6.0],"faces":{"south":{"uv":[5.625,0.0,4.375,1.25],"tintindex":0,"rotation":0,"texture":"#0"},"north":{"uv":[4.375,0.0,5.625,1.25],"tintindex":0,"rotation":0,"texture":"#0"}}},{"from":[6.0,8.6,4.3],"to":[6.0,14.6,6.3],"faces":{"east":{"uv":[5.375,8.25,5.125,9.0],"tintindex":0,"rotation":0,"texture":"#0"},"west":{"uv":[5.125,8.25,5.375,9.0],"tintindex":0,"rotation":0,"texture":"#0"}}},{"from":[4.5,12.0,4.8],"to":[7.5,14.0,6.8],"faces":{"east":{"uv":[4.875,7.25,5.125,7.5],"tintindex":0,"rotation":0,"texture":"#0"},"south":{"uv":[8.375,6.375,8.75,6.625],"tintindex":0,"rotation":0,"texture":"#0"},"north":{"uv":[8.375,6.0,8.75,6.25],"tintindex":0,"rotation":0,"texture":"#0"},"west":{"uv":[0.5,8.5,0.75,8.75],"tintindex":0,"rotation":0,"texture":"#0"},"up":{"uv":[0.375,8.75,0.0,8.5],"tintindex":0,"rotation":0,"texture":"#0"},"down":{"uv":[8.875,6.75,8.5,7.0],"tintindex":0,"rotation":0,"texture":"#0"}},"rotation":{"origin":[6.0,11.5,5.8],"angle":22.5,"axis":"y"}},{"from":[5.0,7.0,16.0],"to":[15.0,17.0,16.0],"faces":{"south":{"uv":[2.75,4.375,4.0,5.625],"tintindex":0,"rotation":0,"texture":"#0"},"north":{"uv":[4.0,4.375,2.75,5.625],"tintindex":0,"rotation":0,"texture":"#0"}}},{"from":[6.0,8.6,4.3],"to":[14.0,8.6,6.3],"faces":{"up":{"uv":[9.125,3.5,8.125,3.25],"tintindex":0,"rotation":0,"texture":"#0"},"down":{"uv":[9.125,3.25,8.125,3.5],"tintindex":0,"rotation":0,"texture":"#0"}}},{"from":[6.0,14.6,4.3],"to":[14.0,14.6,6.3],"faces":{"up":{"uv":[9.125,3.875,8.125,3.625],"tintindex":0,"rotation":0,"texture":"#0"},"down":{"uv":[9.125,3.625,8.125,3.875],"tintindex":0,"rotation":0,"texture":"#0"}}},{"from":[6.0,8.6,4.3],"to":[14.0,14.6,4.3],"faces":{"south":{"uv":[6.25,6.125,5.25,6.875],"tintindex":0,"rotation":0,"texture":"#0"},"north":{"uv":[5.25,6.125,6.25,6.875],"tintindex":0,"rotation":0,"texture":"#0"}}},{"from":[15.0,7.0,6.0],"to":[15.0,17.0,16.0],"faces":{"east":{"uv":[1.375,3.0,2.625,4.25],"tintindex":0,"rotation":0,"texture":"#0"},"west":{"uv":[2.625,3.0,1.375,4.25],"tintindex":0,"rotation":0,"texture":"#0"}}},{"from":[6.0,7.6,7.0],"to":[14.0,15.6,15.0],"faces":{"east":{"uv":[5.5,3.875,6.5,4.875],"tintindex":0,"rotation":0,"texture":"#0"},"south":{"uv":[4.125,5.5,5.125,6.5],"tintindex":0,"rotation":0,"texture":"#0"},"north":{"uv":[5.5,2.75,6.5,3.75],"tintindex":0,"rotation":0,"texture":"#0"},"west":{"uv":[5.5,5.0,6.5,6.0],"tintindex":0,"rotation":0,"texture":"#0"},"up":{"uv":[1.0,6.75,0.0,5.75],"tintindex":0,"rotation":0,"texture":"#0"},"down":{"uv":[6.75,0.0,5.75,1.0],"tintindex":0,"rotation":0,"texture":"#0"}}}],"display":{"gui":{"rotation":[-150.0,-45.0,180.0]}}}