{"textures":{"0":"modelengine:entity/nocsy_oven","particle":"#0"},"elements":[{"from":[7.2572703,1.4116106,5.81367],"to":[10.25727,8.411611,10.81367],"faces":{"east":{"uv":[7.875,7.0,7.25,7.875],"tintindex":0,"rotation":0,"texture":"#0"},"south":{"uv":[8.375,6.75,8.0,7.625],"tintindex":0,"rotation":0,"texture":"#0"},"north":{"uv":[7.125,8.0,6.75,8.875],"tintindex":0,"rotation":0,"texture":"#0"},"west":{"uv":[4.75,7.25,4.125,8.125],"tintindex":0,"rotation":0,"texture":"#0"},"up":{"uv":[3.375,8.875,3.75,8.25],"tintindex":0,"rotation":0,"texture":"#0"},"down":{"uv":[3.875,8.25,4.25,8.875],"tintindex":0,"rotation":0,"texture":"#0"}}}],"display":{"gui":{"rotation":[-150.0,-45.0,180.0]}}}