{"textures":{"0":"modelengine:entity/nocsy_oven","particle":"#0"},"elements":[{"from":[5.0,4.4,0.5],"to":[11.0,8.4,9.5],"faces":{"east":{"uv":[6.625,5.5,7.75,6.0],"tintindex":0,"rotation":0,"texture":"#0"},"south":{"uv":[4.875,7.625,5.625,8.125],"tintindex":0,"rotation":0,"texture":"#0"},"north":{"uv":[7.5,6.125,8.25,6.625],"tintindex":0,"rotation":0,"texture":"#0"},"west":{"uv":[7.75,5.5,6.625,6.0],"tintindex":0,"rotation":0,"texture":"#0"},"up":{"uv":[1.875,6.875,1.125,5.75],"tintindex":0,"rotation":0,"texture":"#0"},"down":{"uv":[6.5,1.125,5.75,2.25],"tintindex":0,"rotation":0,"texture":"#0"}}}],"display":{"gui":{"rotation":[-150.0,-45.0,180.0]}}}