{"textures":{"0":"modelengine:entity/nocsy_oven","particle":"#0"},"elements":[{"from":[5.74273,1.4116106,5.81367],"to":[8.742729,8.411611,10.81367],"faces":{"east":{"uv":[4.125,7.25,4.75,8.125],"tintindex":0,"rotation":0,"texture":"#0"},"south":{"uv":[8.0,6.75,8.375,7.625],"tintindex":0,"rotation":0,"texture":"#0"},"north":{"uv":[6.75,8.0,7.125,8.875],"tintindex":0,"rotation":0,"texture":"#0"},"west":{"uv":[7.25,7.0,7.875,7.875],"tintindex":0,"rotation":0,"texture":"#0"},"up":{"uv":[3.75,8.875,3.375,8.25],"tintindex":0,"rotation":0,"texture":"#0"},"down":{"uv":[4.25,8.25,3.875,8.875],"tintindex":0,"rotation":0,"texture":"#0"}}}],"display":{"gui":{"rotation":[-150.0,-45.0,180.0]}}}