{"textures":{"0":"modelengine:entity/baby_icebear","particle":"#0"},"elements":[{"from":[3.0,1.5,3.8000002],"to":[12.0,4.5,10.8],"faces":{"east":{"uv":[7.25,3.625,8.125,4.0],"tintindex":0,"rotation":0,"texture":"#0"},"south":{"uv":[6.25,2.5,7.375,2.875],"tintindex":0,"rotation":0,"texture":"#0"},"north":{"uv":[6.25,2.0,7.375,2.375],"tintindex":0,"rotation":0,"texture":"#0"},"west":{"uv":[7.375,7.125,8.25,7.5],"tintindex":0,"rotation":0,"texture":"#0"},"up":{"uv":[1.125,0.875,0.0,0.0],"tintindex":0,"rotation":0,"texture":"#0"},"down":{"uv":[1.125,1.0,0.0,1.875],"tintindex":0,"rotation":0,"texture":"#0"}}},{"from":[3.49,1.99,4.1899996],"to":[11.51,7.01,10.21],"faces":{"east":{"uv":[0.625,5.25,1.375,5.875],"tintindex":0,"rotation":0,"texture":"#0"},"south":{"uv":[0.0,2.0,1.0,2.625],"tintindex":0,"rotation":0,"texture":"#0"},"north":{"uv":[1.25,1.75,2.25,2.375],"tintindex":0,"rotation":0,"texture":"#0"},"west":{"uv":[1.5,5.375,2.25,6.0],"tintindex":0,"rotation":0,"texture":"#0"},"up":{"uv":[2.25,0.75,1.25,0.0],"tintindex":0,"rotation":0,"texture":"#0"},"down":{"uv":[2.25,0.875,1.25,1.625],"tintindex":0,"rotation":0,"texture":"#0"}}},{"from":[6.0,3.9971447,5.1308584],"to":[11.0,10.997144,10.130857],"faces":{"east":{"uv":[4.125,0.0,4.75,0.875],"tintindex":0,"rotation":0,"texture":"#0"},"south":{"uv":[4.125,1.0,4.75,1.875],"tintindex":0,"rotation":0,"texture":"#0"},"north":{"uv":[0.0,3.625,0.625,4.5],"tintindex":0,"rotation":0,"texture":"#0"},"west":{"uv":[4.125,2.0,4.75,2.875],"tintindex":0,"rotation":0,"texture":"#0"},"up":{"uv":[3.875,7.0,3.25,6.375],"tintindex":0,"rotation":0,"texture":"#0"},"down":{"uv":[7.0,5.625,6.375,6.25],"tintindex":0,"rotation":0,"texture":"#0"}},"rotation":{"origin":[7.5,6.4971447,8.130858],"angle":-22.5,"axis":"z"}},{"from":[6.0,1.5,3.5],"to":[9.0,4.5,5.5],"faces":{"east":{"uv":[5.125,9.875,5.375,10.25],"tintindex":0,"rotation":0,"texture":"#0"},"south":{"uv":[1.5,9.375,1.875,9.75],"tintindex":0,"rotation":0,"texture":"#0"},"north":{"uv":[0.0,9.375,0.375,9.75],"tintindex":0,"rotation":0,"texture":"#0"},"west":{"uv":[9.875,5.5,10.125,5.875],"tintindex":0,"rotation":0,"texture":"#0"},"up":{"uv":[7.625,4.375,7.25,4.125],"tintindex":0,"rotation":0,"texture":"#0"},"down":{"uv":[1.625,7.75,1.25,8.0],"tintindex":0,"rotation":0,"texture":"#0"}},"rotation":{"origin":[7.5,3.0,7.3],"angle":45.0,"axis":"z"}},{"from":[4.0,3.9971447,5.1308584],"to":[9.0,10.997144,10.130857],"faces":{"east":{"uv":[1.5,4.375,2.125,5.25],"tintindex":0,"rotation":0,"texture":"#0"},"south":{"uv":[2.25,4.375,2.875,5.25],"tintindex":0,"rotation":0,"texture":"#0"},"north":{"uv":[0.75,4.25,1.375,5.125],"tintindex":0,"rotation":0,"texture":"#0"},"west":{"uv":[3.0,4.375,3.625,5.25],"tintindex":0,"rotation":0,"texture":"#0"},"up":{"uv":[7.0,7.0,6.375,6.375],"tintindex":0,"rotation":0,"texture":"#0"},"down":{"uv":[7.125,3.75,6.5,4.375],"tintindex":0,"rotation":0,"texture":"#0"}},"rotation":{"origin":[7.5,6.4971447,8.130858],"angle":22.5,"axis":"z"}}],"display":{"gui":{"rotation":[-150.0,-45.0,180.0]}}}