{"textures":{"0":"modelengine:entity/baby_icebear","particle":"#0"},"elements":[{"from":[7.0,7.9971447,5.0058584],"to":[13.0,11.997144,11.005857],"faces":{"east":{"uv":[7.0,3.0,7.75,3.5],"tintindex":0,"rotation":0,"texture":"#0"},"south":{"uv":[0.875,7.125,1.625,7.625],"tintindex":0,"rotation":0,"texture":"#0"},"north":{"uv":[0.0,7.0,0.75,7.5],"tintindex":0,"rotation":0,"texture":"#0"},"west":{"uv":[2.5,7.125,3.25,7.625],"tintindex":0,"rotation":0,"texture":"#0"},"up":{"uv":[4.0,1.625,3.25,0.875],"tintindex":0,"rotation":0,"texture":"#0"},"down":{"uv":[4.0,1.75,3.25,2.5],"tintindex":0,"rotation":0,"texture":"#0"}},"rotation":{"origin":[7.5,10.997145,9.530858],"angle":22.5,"axis":"z"}},{"from":[2.0,7.9971447,5.030858],"to":[8.0,11.997144,11.030858],"faces":{"east":{"uv":[5.25,6.625,6.0,7.125],"tintindex":0,"rotation":0,"texture":"#0"},"south":{"uv":[6.875,0.625,7.625,1.125],"tintindex":0,"rotation":0,"texture":"#0"},"north":{"uv":[6.625,0.0,7.375,0.5],"tintindex":0,"rotation":0,"texture":"#0"},"west":{"uv":[6.875,1.25,7.625,1.75],"tintindex":0,"rotation":0,"texture":"#0"},"up":{"uv":[3.625,3.375,2.875,2.625],"tintindex":0,"rotation":0,"texture":"#0"},"down":{"uv":[4.0,0.0,3.25,0.75],"tintindex":0,"rotation":0,"texture":"#0"}},"rotation":{"origin":[7.5,10.997145,9.530858],"angle":-22.5,"axis":"z"}},{"from":[5.0,10.497145,6.530858],"to":[10.0,16.497143,10.530858],"faces":{"east":{"uv":[4.0,6.375,4.5,7.125],"tintindex":0,"rotation":0,"texture":"#0"},"south":{"uv":[5.0,5.125,5.625,5.875],"tintindex":0,"rotation":0,"texture":"#0"},"north":{"uv":[5.0,4.25,5.625,5.0],"tintindex":0,"rotation":0,"texture":"#0"},"west":{"uv":[6.5,4.5,7.0,5.25],"tintindex":0,"rotation":0,"texture":"#0"},"up":{"uv":[1.125,8.25,0.5,7.75],"tintindex":0,"rotation":0,"texture":"#0"},"down":{"uv":[8.375,0.75,7.75,1.25],"tintindex":0,"rotation":0,"texture":"#0"}},"rotation":{"origin":[8.0,10.997145,8.030858],"angle":-22.5,"axis":"x"}}],"display":{"gui":{"rotation":[-150.0,-45.0,180.0]}}}