{"textures":{"0":"modelengine:entity/baby_icebear","particle":"#0"},"elements":[{"from":[7.1,7.1,8.1],"to":[8.9,8.9,12.9],"faces":{"east":{"uv":[5.5,9.125,6.125,9.375],"tintindex":0,"rotation":0,"texture":"#0"},"south":{"uv":[4.75,10.125,5.0,10.375],"tintindex":0,"rotation":0,"texture":"#0"},"north":{"uv":[4.375,10.125,4.625,10.375],"tintindex":0,"rotation":0,"texture":"#0"},"west":{"uv":[9.125,6.0,9.75,6.25],"tintindex":0,"rotation":0,"texture":"#0"},"up":{"uv":[8.875,9.75,8.625,9.125],"tintindex":0,"rotation":0,"texture":"#0"},"down":{"uv":[9.25,9.125,9.0,9.75],"tintindex":0,"rotation":0,"texture":"#0"}}},{"from":[6.8,6.9000006,10.2],"to":[9.2,9.3,11.599999],"faces":{"east":{"uv":[8.625,3.125,8.75,3.375],"tintindex":0,"rotation":0,"texture":"#0"},"south":{"uv":[5.875,10.125,6.125,10.375],"tintindex":0,"rotation":0,"texture":"#0"},"north":{"uv":[5.5,10.125,5.75,10.375],"tintindex":0,"rotation":0,"texture":"#0"},"west":{"uv":[10.25,3.875,10.375,4.125],"tintindex":0,"rotation":0,"texture":"#0"},"up":{"uv":[10.5,4.375,10.25,4.25],"tintindex":0,"rotation":0,"texture":"#0"},"down":{"uv":[10.5,4.5,10.25,4.625],"tintindex":0,"rotation":0,"texture":"#0"}}}],"display":{"gui":{"rotation":[-150.0,-45.0,180.0]}}}