{"textures":{"0":"modelengine:entity/baby_icebear","particle":"#0"},"elements":[{"from":[7.0,7.0,7.5],"to":[9.0,9.0,11.5],"faces":{"east":{"uv":[9.625,3.125,10.125,3.375],"tintindex":0,"rotation":0,"texture":"#0"},"south":{"uv":[2.5,10.125,2.75,10.375],"tintindex":0,"rotation":0,"texture":"#0"},"north":{"uv":[10.125,2.0,10.375,2.25],"tintindex":0,"rotation":0,"texture":"#0"},"west":{"uv":[0.875,9.75,1.375,10.0],"tintindex":0,"rotation":0,"texture":"#0"},"up":{"uv":[10.0,2.5,9.75,2.0],"tintindex":0,"rotation":0,"texture":"#0"},"down":{"uv":[6.5,9.75,6.25,10.25],"tintindex":0,"rotation":0,"texture":"#0"}}},{"from":[6.8,6.8,10.3],"to":[9.2,9.2,11.7],"faces":{"east":{"uv":[5.5,3.875,5.625,4.125],"tintindex":0,"rotation":0,"texture":"#0"},"south":{"uv":[10.125,3.5,10.375,3.75],"tintindex":0,"rotation":0,"texture":"#0"},"north":{"uv":[2.875,10.125,3.125,10.375],"tintindex":0,"rotation":0,"texture":"#0"},"west":{"uv":[6.625,0.625,6.75,0.875],"tintindex":0,"rotation":0,"texture":"#0"},"up":{"uv":[9.125,2.375,8.875,2.25],"tintindex":0,"rotation":0,"texture":"#0"},"down":{"uv":[10.375,2.375,10.125,2.5],"tintindex":0,"rotation":0,"texture":"#0"}}}],"display":{"gui":{"rotation":[-150.0,-45.0,180.0]}}}