{"textures":{"0":"modelengine:entity/baby_icebear","particle":"#0"},"elements":[{"from":[4.388955,6.011471,3.9789138],"to":[4.388955,12.011471,7.9789143],"faces":{"east":{"uv":[4.625,7.0,5.125,7.75],"tintindex":0,"rotation":0,"texture":"#0"},"west":{"uv":[3.375,7.125,3.875,7.875],"tintindex":0,"rotation":0,"texture":"#0"}},"rotation":{"origin":[7.388955,9.011471,4.978914],"angle":-22.5,"axis":"y"}},{"from":[6.5,9.611469,6.556984],"to":[9.5,12.611469,9.556984],"faces":{"east":{"uv":[9.125,7.125,9.5,7.5],"tintindex":0,"rotation":0,"texture":"#0"},"south":{"uv":[1.0,9.25,1.375,9.625],"tintindex":0,"rotation":0,"texture":"#0"},"north":{"uv":[5.25,6.0,5.625,6.375],"tintindex":0,"rotation":0,"texture":"#0"},"west":{"uv":[9.25,2.25,9.625,2.625],"tintindex":0,"rotation":0,"texture":"#0"},"up":{"uv":[6.625,9.625,6.25,9.25],"tintindex":0,"rotation":0,"texture":"#0"},"down":{"uv":[8.25,9.25,7.875,9.625],"tintindex":0,"rotation":0,"texture":"#0"}}},{"from":[6.0,5.511471,1.306984],"to":[10.0,7.511471,6.306984],"faces":{"east":{"uv":[1.75,9.0,2.375,9.25],"tintindex":0,"rotation":0,"texture":"#0"},"south":{"uv":[9.25,2.75,9.75,3.0],"tintindex":0,"rotation":0,"texture":"#0"},"north":{"uv":[8.0,2.5,8.5,2.75],"tintindex":0,"rotation":0,"texture":"#0"},"west":{"uv":[7.125,9.0,7.75,9.25],"tintindex":0,"rotation":0,"texture":"#0"},"up":{"uv":[7.875,8.25,7.375,7.625],"tintindex":0,"rotation":0,"texture":"#0"},"down":{"uv":[8.25,0.0,7.75,0.625],"tintindex":0,"rotation":0,"texture":"#0"}},"rotation":{"origin":[7.5,5.2114697,3.4069843],"angle":-22.5,"axis":"x"}},{"from":[6.0169964,10.387548,7.9239807],"to":[7.0169964,13.387548,10.923981],"faces":{"east":{"uv":[2.0,9.375,2.375,9.75],"tintindex":0,"rotation":0,"texture":"#0"},"south":{"uv":[6.125,6.625,6.25,7.0],"tintindex":0,"rotation":0,"texture":"#0"},"north":{"uv":[0.875,2.75,1.0,3.125],"tintindex":0,"rotation":0,"texture":"#0"},"west":{"uv":[9.375,6.375,9.75,6.75],"tintindex":0,"rotation":0,"texture":"#0"},"up":{"uv":[7.625,0.375,7.5,0.0],"tintindex":0,"rotation":0,"texture":"#0"},"down":{"uv":[7.875,1.375,7.75,1.75],"tintindex":0,"rotation":0,"texture":"#0"}},"rotation":{"origin":[8.0,9.011471,5.9069843],"angle":-45.0,"axis":"y"}},{"from":[5.0,12.552162,5.647252],"to":[11.0,12.552162,8.647252],"faces":{"up":{"uv":[3.875,8.375,3.125,8.0],"tintindex":0,"rotation":0,"texture":"#0"},"down":{"uv":[6.5,8.0,5.75,8.375],"tintindex":0,"rotation":0,"texture":"#0"}},"rotation":{"origin":[8.0,10.386957,6.827056],"angle":-22.5,"axis":"x"}},{"from":[8.983004,10.387548,7.9239807],"to":[9.983004,13.387548,10.923981],"faces":{"east":{"uv":[6.75,9.375,7.125,9.75],"tintindex":0,"rotation":0,"texture":"#0"},"south":{"uv":[8.125,10.125,8.25,10.5],"tintindex":0,"rotation":0,"texture":"#0"},"north":{"uv":[8.375,9.25,8.5,9.625],"tintindex":0,"rotation":0,"texture":"#0"},"west":{"uv":[7.25,9.375,7.625,9.75],"tintindex":0,"rotation":0,"texture":"#0"},"up":{"uv":[9.625,10.5,9.5,10.125],"tintindex":0,"rotation":0,"texture":"#0"},"down":{"uv":[10.375,3.0,10.25,3.375],"tintindex":0,"rotation":0,"texture":"#0"}},"rotation":{"origin":[8.0,9.011471,5.9069843],"angle":45.0,"axis":"y"}},{"from":[6.8,8.01147,-0.29301566],"to":[9.2,9.411469,1.1069839],"faces":{"east":{"uv":[6.0,1.0,6.125,1.125],"tintindex":0,"rotation":0,"texture":"#0"},"south":{"uv":[0.0,6.75,0.25,6.875],"tintindex":0,"rotation":0,"texture":"#0"},"north":{"uv":[6.5,5.375,6.75,5.5],"tintindex":0,"rotation":0,"texture":"#0"},"west":{"uv":[0.375,6.75,0.5,6.875],"tintindex":0,"rotation":0,"texture":"#0"},"up":{"uv":[4.25,8.375,4.0,8.25],"tintindex":0,"rotation":0,"texture":"#0"},"down":{"uv":[5.5,8.25,5.25,8.375],"tintindex":0,"rotation":0,"texture":"#0"}}},{"from":[10.086136,5.6628475,7.6603694],"to":[10.086136,11.6628475,11.66037],"faces":{"east":{"uv":[6.75,7.125,7.25,7.875],"tintindex":0,"rotation":0,"texture":"#0"},"west":{"uv":[1.75,7.25,2.25,8.0],"tintindex":0,"rotation":0,"texture":"#0"}},"rotation":{"origin":[8.611045,9.011471,4.978914],"angle":22.5,"axis":"y"}},{"from":[11.611045,6.011471,3.9789138],"to":[11.611045,12.011471,7.9789143],"faces":{"east":{"uv":[7.125,4.5,7.625,5.25],"tintindex":0,"rotation":0,"texture":"#0"},"west":{"uv":[7.125,5.375,7.625,6.125],"tintindex":0,"rotation":0,"texture":"#0"}},"rotation":{"origin":[8.611045,9.011471,4.978914],"angle":22.5,"axis":"y"}},{"from":[5.0,13.386957,3.827056],"to":[11.0,13.386957,6.827056],"faces":{"up":{"uv":[8.5,7.0,7.75,6.625],"tintindex":0,"rotation":0,"texture":"#0"},"down":{"uv":[8.75,2.0,8.0,2.375],"tintindex":0,"rotation":0,"texture":"#0"}},"rotation":{"origin":[8.0,10.386957,6.827056],"angle":-22.5,"axis":"x"}},{"from":[4.8,8.41147,2.806984],"to":[7.0,10.41147,3.8069844],"faces":{"east":{"uv":[10.25,4.75,10.375,5.0],"tintindex":0,"rotation":0,"texture":"#0"},"south":{"uv":[7.75,10.125,8.0,10.375],"tintindex":0,"rotation":0,"texture":"#0"},"north":{"uv":[10.125,7.5,10.375,7.75],"tintindex":0,"rotation":0,"texture":"#0"},"west":{"uv":[10.25,5.125,10.375,5.375],"tintindex":0,"rotation":0,"texture":"#0"},"up":{"uv":[10.5,5.625,10.25,5.5],"tintindex":0,"rotation":0,"texture":"#0"},"down":{"uv":[10.5,5.75,10.25,5.875],"tintindex":0,"rotation":0,"texture":"#0"}}},{"from":[5.913864,5.6628475,7.6603694],"to":[5.913864,11.6628475,11.66037],"faces":{"east":{"uv":[6.125,7.125,6.625,7.875],"tintindex":0,"rotation":0,"texture":"#0"},"west":{"uv":[7.125,6.25,7.625,7.0],"tintindex":0,"rotation":0,"texture":"#0"}},"rotation":{"origin":[7.388955,9.011471,4.978914],"angle":-22.5,"axis":"y"}},{"from":[5.0,6.011471,2.9069839],"to":[11.0,12.011471,8.906984],"faces":{"east":{"uv":[2.375,0.875,3.125,1.625],"tintindex":0,"rotation":0,"texture":"#0"},"south":{"uv":[2.375,1.75,3.125,2.5],"tintindex":0,"rotation":0,"texture":"#0"},"north":{"uv":[2.375,0.0,3.125,0.75],"tintindex":0,"rotation":0,"texture":"#0"},"west":{"uv":[1.125,2.5,1.875,3.25],"tintindex":0,"rotation":0,"texture":"#0"},"up":{"uv":[2.75,3.375,2.0,2.625],"tintindex":0,"rotation":0,"texture":"#0"},"down":{"uv":[0.75,2.75,0.0,3.5],"tintindex":0,"rotation":0,"texture":"#0"}}},{"from":[7.4,8.91147,2.206984],"to":[11.4,10.91147,4.206984],"faces":{"east":{"uv":[10.25,0.0,10.5,0.25],"tintindex":0,"rotation":0,"texture":"#0"},"south":{"uv":[9.75,8.0,10.25,8.25],"tintindex":0,"rotation":0,"texture":"#0"},"north":{"uv":[7.75,9.75,8.25,10.0],"tintindex":0,"rotation":0,"texture":"#0"},"west":{"uv":[1.25,10.25,1.5,10.5],"tintindex":0,"rotation":0,"texture":"#0"},"up":{"uv":[10.25,8.625,9.75,8.375],"tintindex":0,"rotation":0,"texture":"#0"},"down":{"uv":[10.25,9.5,9.75,9.75],"tintindex":0,"rotation":0,"texture":"#0"}},"rotation":{"origin":[8.0,10.91147,5.706984],"angle":22.5,"axis":"z"}},{"from":[9.0,8.41147,2.806984],"to":[11.2,10.41147,3.8069844],"faces":{"east":{"uv":[10.25,6.0,10.375,6.25],"tintindex":0,"rotation":0,"texture":"#0"},"south":{"uv":[10.125,9.875,10.375,10.125],"tintindex":0,"rotation":0,"texture":"#0"},"north":{"uv":[9.125,10.125,9.375,10.375],"tintindex":0,"rotation":0,"texture":"#0"},"west":{"uv":[10.25,6.375,10.375,6.625],"tintindex":0,"rotation":0,"texture":"#0"},"up":{"uv":[6.875,10.375,6.625,10.25],"tintindex":0,"rotation":0,"texture":"#0"},"down":{"uv":[7.25,10.25,7.0,10.375],"tintindex":0,"rotation":0,"texture":"#0"}}},{"from":[5.5,6.2114697,-0.09301567],"to":[10.5,9.21147,4.9069843],"faces":{"east":{"uv":[8.625,6.625,9.25,7.0],"tintindex":0,"rotation":0,"texture":"#0"},"south":{"uv":[8.625,8.125,9.25,8.5],"tintindex":0,"rotation":0,"texture":"#0"},"north":{"uv":[8.375,7.125,9.0,7.5],"tintindex":0,"rotation":0,"texture":"#0"},"west":{"uv":[8.625,8.625,9.25,9.0],"tintindex":0,"rotation":0,"texture":"#0"},"up":{"uv":[6.875,3.625,6.25,3.0],"tintindex":0,"rotation":0,"texture":"#0"},"down":{"uv":[3.125,6.375,2.5,7.0],"tintindex":0,"rotation":0,"texture":"#0"}}},{"from":[5.000924,5.628786,2.580481],"to":[11.000924,5.628786,5.580481],"faces":{"up":{"uv":[8.75,8.0,8.0,7.625],"tintindex":0,"rotation":0,"texture":"#0"},"down":{"uv":[2.0,8.125,1.25,8.5],"tintindex":0,"rotation":0,"texture":"#0"}},"rotation":{"origin":[8.000924,5.628786,3.830481],"angle":22.5,"axis":"x"}},{"from":[4.61,8.921471,2.216984],"to":[8.59,10.90147,4.196984],"faces":{"east":{"uv":[10.25,1.5,10.5,1.75],"tintindex":0,"rotation":0,"texture":"#0"},"south":{"uv":[9.875,0.75,10.375,1.0],"tintindex":0,"rotation":0,"texture":"#0"},"north":{"uv":[9.875,0.375,10.375,0.625],"tintindex":0,"rotation":0,"texture":"#0"},"west":{"uv":[1.625,10.25,1.875,10.5],"tintindex":0,"rotation":0,"texture":"#0"},"up":{"uv":[2.0,10.125,1.5,9.875],"tintindex":0,"rotation":0,"texture":"#0"},"down":{"uv":[10.375,2.625,9.875,2.875],"tintindex":0,"rotation":0,"texture":"#0"}},"rotation":{"origin":[8.0,10.91147,5.706984],"angle":-22.5,"axis":"z"}}],"display":{"gui":{"rotation":[-150.0,-45.0,180.0]}}}