{"textures":{"0":"modelengine:entity/baby_icebear","particle":"#0"},"elements":[{"from":[4.6876507,2.0468473,10.699854],"to":[4.6876507,9.046846,13.699854],"faces":{"east":{"uv":[7.5,1.875,7.875,2.75],"tintindex":0,"rotation":0,"texture":"#0"},"west":{"uv":[0.0,7.625,0.375,8.5],"tintindex":0,"rotation":0,"texture":"#0"}},"rotation":{"origin":[7.2011747,4.1476974,11.366184],"angle":-22.5,"axis":"y"}},{"from":[9.707076,2.0468464,9.674892],"to":[9.707076,7.0468464,12.674892],"faces":{"east":{"uv":[0.0,8.625,0.375,9.25],"tintindex":0,"rotation":0,"texture":"#0"},"west":{"uv":[0.5,9.0,0.875,9.625],"tintindex":0,"rotation":0,"texture":"#0"}},"rotation":{"origin":[9.707076,5.5468464,11.174892],"angle":22.5,"axis":"y"}},{"from":[5.1339746,2.0468464,5.788691],"to":[9.133975,9.046846,9.788691],"faces":{"east":{"uv":[5.75,5.625,6.25,6.5],"tintindex":0,"rotation":0,"texture":"#0"},"south":{"uv":[6.0,0.0,6.5,0.875],"tintindex":0,"rotation":0,"texture":"#0"},"north":{"uv":[0.0,5.75,0.5,6.625],"tintindex":0,"rotation":0,"texture":"#0"},"west":{"uv":[0.625,6.0,1.125,6.875],"tintindex":0,"rotation":0,"texture":"#0"},"up":{"uv":[5.375,2.875,4.875,2.375],"tintindex":0,"rotation":0,"texture":"#0"},"down":{"uv":[7.125,8.0,6.625,8.5],"tintindex":0,"rotation":0,"texture":"#0"}}},{"from":[5.1339746,10.077711,6.976225],"to":[9.133975,10.077711,10.976225],"faces":{"up":{"uv":[9.125,3.0,8.625,2.5],"tintindex":0,"rotation":0,"texture":"#0"},"down":{"uv":[7.0,8.625,6.5,9.125],"tintindex":0,"rotation":0,"texture":"#0"}},"rotation":{"origin":[7.1339746,6.577711,8.976225],"angle":-22.5,"axis":"x"}},{"from":[4.6876507,2.0468473,6.6998534],"to":[4.6876507,9.046846,9.699854],"faces":{"east":{"uv":[4.0,7.25,4.375,8.125],"tintindex":0,"rotation":0,"texture":"#0"},"west":{"uv":[5.25,7.25,5.625,8.125],"tintindex":0,"rotation":0,"texture":"#0"}},"rotation":{"origin":[7.2011747,4.1476974,7.3661838],"angle":-22.5,"axis":"y"}}],"display":{"gui":{"rotation":[-150.0,-45.0,180.0]}}}