{"textures":{"0":"modelengine:entity/baby_icebear","particle":"#0"},"elements":[{"from":[5.5,2.6,5.0],"to":[10.5,8.6,11.0],"faces":{"east":{"uv":[0.875,3.375,1.625,4.125],"tintindex":0,"rotation":0,"texture":"#0"},"south":{"uv":[5.5,1.25,6.125,2.0],"tintindex":0,"rotation":0,"texture":"#0"},"north":{"uv":[2.375,5.375,3.0,6.125],"tintindex":0,"rotation":0,"texture":"#0"},"west":{"uv":[1.75,3.5,2.5,4.25],"tintindex":0,"rotation":0,"texture":"#0"},"up":{"uv":[6.125,2.875,5.5,2.125],"tintindex":0,"rotation":0,"texture":"#0"},"down":{"uv":[6.125,3.0,5.5,3.75],"tintindex":0,"rotation":0,"texture":"#0"}}}],"display":{"gui":{"rotation":[-150.0,-45.0,180.0]}}}