{"textures":{"0":"modelengine:entity/baby_icebear","particle":"#0"},"elements":[{"from":[6.0,4.5,6.0],"to":[10.0,8.5,10.0],"faces":{"east":{"uv":[2.75,8.5,3.25,9.0],"tintindex":0,"rotation":0,"texture":"#0"},"south":{"uv":[3.375,8.5,3.875,9.0],"tintindex":0,"rotation":0,"texture":"#0"},"north":{"uv":[8.5,0.625,9.0,1.125],"tintindex":0,"rotation":0,"texture":"#0"},"west":{"uv":[4.0,8.5,4.5,9.0],"tintindex":0,"rotation":0,"texture":"#0"},"up":{"uv":[9.0,4.625,8.5,4.125],"tintindex":0,"rotation":0,"texture":"#0"},"down":{"uv":[5.125,8.5,4.625,9.0],"tintindex":0,"rotation":0,"texture":"#0"}}}],"display":{"gui":{"rotation":[-150.0,-45.0,180.0]}}}