{"textures":{"0":"modelengine:entity/baby_icebear","particle":"#0"},"elements":[{"from":[7.1000004,8.782684,-0.3238802],"to":[9.1,10.782684,4.6761208],"faces":{"east":{"uv":[2.5,9.125,3.125,9.375],"tintindex":0,"rotation":0,"texture":"#0"},"south":{"uv":[7.0,9.875,7.25,10.125],"tintindex":0,"rotation":0,"texture":"#0"},"north":{"uv":[6.625,9.875,6.875,10.125],"tintindex":0,"rotation":0,"texture":"#0"},"west":{"uv":[3.25,9.125,3.875,9.375],"tintindex":0,"rotation":0,"texture":"#0"},"up":{"uv":[6.0,7.875,5.75,7.25],"tintindex":0,"rotation":0,"texture":"#0"},"down":{"uv":[4.25,9.125,4.0,9.75],"tintindex":0,"rotation":0,"texture":"#0"}},"rotation":{"origin":[8.1,7.8826838,0.9761205],"angle":-22.5,"axis":"x"}},{"from":[6.01,5.51,1.9100001],"to":[9.99,9.49,9.889999],"faces":{"east":{"uv":[4.375,3.0,5.375,3.5],"tintindex":0,"rotation":0,"texture":"#0"},"south":{"uv":[8.25,3.5,8.75,4.0],"tintindex":0,"rotation":0,"texture":"#0"},"north":{"uv":[8.0,8.125,8.5,8.625],"tintindex":0,"rotation":0,"texture":"#0"},"west":{"uv":[4.375,3.625,5.375,4.125],"tintindex":0,"rotation":0,"texture":"#0"},"up":{"uv":[4.25,5.375,3.75,4.375],"tintindex":0,"rotation":0,"texture":"#0"},"down":{"uv":[4.875,4.25,4.375,5.25],"tintindex":0,"rotation":0,"texture":"#0"}}},{"from":[5.1,8.782684,0.17612028],"to":[7.1000004,10.782684,4.1761208],"faces":{"east":{"uv":[9.375,8.75,9.875,9.0],"tintindex":0,"rotation":0,"texture":"#0"},"south":{"uv":[1.75,8.625,2.0,8.875],"tintindex":0,"rotation":0,"texture":"#0"},"north":{"uv":[3.75,2.625,4.0,2.875],"tintindex":0,"rotation":0,"texture":"#0"},"west":{"uv":[9.375,9.125,9.875,9.375],"tintindex":0,"rotation":0,"texture":"#0"},"up":{"uv":[2.75,10.0,2.5,9.5],"tintindex":0,"rotation":0,"texture":"#0"},"down":{"uv":[3.125,9.5,2.875,10.0],"tintindex":0,"rotation":0,"texture":"#0"}},"rotation":{"origin":[8.1,7.8826838,0.9761205],"angle":-22.5,"axis":"x"}},{"from":[9.1,8.782684,0.17612028],"to":[11.1,10.782684,4.1761208],"faces":{"east":{"uv":[9.5,1.25,10.0,1.5],"tintindex":0,"rotation":0,"texture":"#0"},"south":{"uv":[9.875,6.375,10.125,6.625],"tintindex":0,"rotation":0,"texture":"#0"},"north":{"uv":[9.875,6.0,10.125,6.25],"tintindex":0,"rotation":0,"texture":"#0"},"west":{"uv":[3.25,9.5,3.75,9.75],"tintindex":0,"rotation":0,"texture":"#0"},"up":{"uv":[4.625,10.0,4.375,9.5],"tintindex":0,"rotation":0,"texture":"#0"},"down":{"uv":[5.0,9.5,4.75,10.0],"tintindex":0,"rotation":0,"texture":"#0"}},"rotation":{"origin":[8.1,7.8826838,0.9761205],"angle":-22.5,"axis":"x"}},{"from":[5.6,6.200001,-0.9000006],"to":[10.6,10.200001,1.0999999],"faces":{"east":{"uv":[4.625,5.375,4.875,5.875],"tintindex":0,"rotation":0,"texture":"#0"},"south":{"uv":[7.75,4.125,8.375,4.625],"tintindex":0,"rotation":0,"texture":"#0"},"north":{"uv":[2.375,7.75,3.0,8.25],"tintindex":0,"rotation":0,"texture":"#0"},"west":{"uv":[9.375,8.125,9.625,8.625],"tintindex":0,"rotation":0,"texture":"#0"},"up":{"uv":[9.75,0.75,9.125,0.5],"tintindex":0,"rotation":0,"texture":"#0"},"down":{"uv":[9.75,0.875,9.125,1.125],"tintindex":0,"rotation":0,"texture":"#0"}},"rotation":{"origin":[8.1,7.5,1.9000001],"angle":-22.5,"axis":"x"}},{"from":[5.7,5.2000003,0.40000018],"to":[10.5,8.0,4.2000003],"faces":{"east":{"uv":[3.75,3.0,4.25,3.375],"tintindex":0,"rotation":0,"texture":"#0"},"south":{"uv":[7.875,8.75,8.5,9.125],"tintindex":0,"rotation":0,"texture":"#0"},"north":{"uv":[8.75,1.25,9.375,1.625],"tintindex":0,"rotation":0,"texture":"#0"},"west":{"uv":[8.875,3.625,9.375,4.0],"tintindex":0,"rotation":0,"texture":"#0"},"up":{"uv":[8.375,5.25,7.75,4.75],"tintindex":0,"rotation":0,"texture":"#0"},"down":{"uv":[8.375,5.375,7.75,5.875],"tintindex":0,"rotation":0,"texture":"#0"}},"rotation":{"origin":[8.1,7.5,1.9000001],"angle":22.5,"axis":"x"}},{"from":[5.1,6.649225,2.429316],"to":[7.1000004,9.649225,4.429316],"faces":{"east":{"uv":[2.125,9.875,2.375,10.25],"tintindex":0,"rotation":0,"texture":"#0"},"south":{"uv":[3.25,9.875,3.5,10.25],"tintindex":0,"rotation":0,"texture":"#0"},"north":{"uv":[0.0,9.875,0.25,10.25],"tintindex":0,"rotation":0,"texture":"#0"},"west":{"uv":[3.625,9.875,3.875,10.25],"tintindex":0,"rotation":0,"texture":"#0"},"up":{"uv":[7.625,10.125,7.375,9.875],"tintindex":0,"rotation":0,"texture":"#0"},"down":{"uv":[8.625,9.875,8.375,10.125],"tintindex":0,"rotation":0,"texture":"#0"}}}],"display":{"gui":{"rotation":[-150.0,-45.0,180.0]}}}