{"textures":{"0":"modelengine:entity/baby_icebear","particle":"#0"},"elements":[{"from":[6.01,5.51,1.9100001],"to":[9.99,9.49,9.889999],"faces":{"east":{"uv":[4.875,0.0,5.875,0.5],"tintindex":0,"rotation":0,"texture":"#0"},"south":{"uv":[7.25,8.375,7.75,8.875],"tintindex":0,"rotation":0,"texture":"#0"},"north":{"uv":[2.125,8.375,2.625,8.875],"tintindex":0,"rotation":0,"texture":"#0"},"west":{"uv":[4.875,0.625,5.875,1.125],"tintindex":0,"rotation":0,"texture":"#0"},"up":{"uv":[0.5,5.625,0.0,4.625],"tintindex":0,"rotation":0,"texture":"#0"},"down":{"uv":[5.375,1.25,4.875,2.25],"tintindex":0,"rotation":0,"texture":"#0"}}},{"from":[5.3999996,6.200001,-0.9000006],"to":[10.4,10.200001,1.0999999],"faces":{"east":{"uv":[9.5,5.25,9.75,5.75],"tintindex":0,"rotation":0,"texture":"#0"},"south":{"uv":[7.875,2.875,8.5,3.375],"tintindex":0,"rotation":0,"texture":"#0"},"north":{"uv":[7.75,6.0,8.375,6.5],"tintindex":0,"rotation":0,"texture":"#0"},"west":{"uv":[5.5,9.5,5.75,10.0],"tintindex":0,"rotation":0,"texture":"#0"},"up":{"uv":[9.75,4.375,9.125,4.125],"tintindex":0,"rotation":0,"texture":"#0"},"down":{"uv":[5.0,9.125,4.375,9.375],"tintindex":0,"rotation":0,"texture":"#0"}},"rotation":{"origin":[7.8999996,7.5,1.9000001],"angle":-22.5,"axis":"x"}},{"from":[8.9,6.649225,2.429316],"to":[10.9,9.649225,4.429316],"faces":{"east":{"uv":[9.875,4.0,10.125,4.375],"tintindex":0,"rotation":0,"texture":"#0"},"south":{"uv":[9.875,4.5,10.125,4.875],"tintindex":0,"rotation":0,"texture":"#0"},"north":{"uv":[4.0,9.875,4.25,10.25],"tintindex":0,"rotation":0,"texture":"#0"},"west":{"uv":[9.875,5.0,10.125,5.375],"tintindex":0,"rotation":0,"texture":"#0"},"up":{"uv":[10.25,7.0,10.0,6.75],"tintindex":0,"rotation":0,"texture":"#0"},"down":{"uv":[10.25,7.125,10.0,7.375],"tintindex":0,"rotation":0,"texture":"#0"}}},{"from":[6.8999996,8.782684,-0.3238802],"to":[8.9,10.782684,4.6761208],"faces":{"east":{"uv":[9.125,4.5,9.75,4.75],"tintindex":0,"rotation":0,"texture":"#0"},"south":{"uv":[10.0,9.125,10.25,9.375],"tintindex":0,"rotation":0,"texture":"#0"},"north":{"uv":[10.0,8.75,10.25,9.0],"tintindex":0,"rotation":0,"texture":"#0"},"west":{"uv":[9.125,4.875,9.75,5.125],"tintindex":0,"rotation":0,"texture":"#0"},"up":{"uv":[5.375,9.75,5.125,9.125],"tintindex":0,"rotation":0,"texture":"#0"},"down":{"uv":[9.375,5.25,9.125,5.875],"tintindex":0,"rotation":0,"texture":"#0"}},"rotation":{"origin":[7.8999996,7.8826838,0.9761205],"angle":-22.5,"axis":"x"}},{"from":[5.4999995,5.2000003,0.40000018],"to":[10.299999,8.0,4.2000003],"faces":{"east":{"uv":[8.875,7.625,9.375,8.0],"tintindex":0,"rotation":0,"texture":"#0"},"south":{"uv":[8.875,3.125,9.5,3.5],"tintindex":0,"rotation":0,"texture":"#0"},"north":{"uv":[8.875,1.75,9.5,2.125],"tintindex":0,"rotation":0,"texture":"#0"},"west":{"uv":[9.0,0.0,9.5,0.375],"tintindex":0,"rotation":0,"texture":"#0"},"up":{"uv":[5.125,8.375,4.5,7.875],"tintindex":0,"rotation":0,"texture":"#0"},"down":{"uv":[8.625,1.375,8.0,1.875],"tintindex":0,"rotation":0,"texture":"#0"}},"rotation":{"origin":[7.8999996,7.5,1.9000001],"angle":22.5,"axis":"x"}},{"from":[8.9,8.782684,0.17612028],"to":[10.9,10.782684,4.1761208],"faces":{"east":{"uv":[9.5,3.625,10.0,3.875],"tintindex":0,"rotation":0,"texture":"#0"},"south":{"uv":[9.75,9.875,10.0,10.125],"tintindex":0,"rotation":0,"texture":"#0"},"north":{"uv":[8.75,9.875,9.0,10.125],"tintindex":0,"rotation":0,"texture":"#0"},"west":{"uv":[9.5,7.625,10.0,7.875],"tintindex":0,"rotation":0,"texture":"#0"},"up":{"uv":[6.125,10.0,5.875,9.5],"tintindex":0,"rotation":0,"texture":"#0"},"down":{"uv":[9.625,9.5,9.375,10.0],"tintindex":0,"rotation":0,"texture":"#0"}},"rotation":{"origin":[7.8999996,7.8826838,0.9761205],"angle":-22.5,"axis":"x"}},{"from":[4.8999996,8.782684,0.17612028],"to":[6.8999996,10.782684,4.1761208],"faces":{"east":{"uv":[9.625,0.0,10.125,0.25],"tintindex":0,"rotation":0,"texture":"#0"},"south":{"uv":[10.125,1.125,10.375,1.375],"tintindex":0,"rotation":0,"texture":"#0"},"north":{"uv":[0.875,10.125,1.125,10.375],"tintindex":0,"rotation":0,"texture":"#0"},"west":{"uv":[9.625,1.625,10.125,1.875],"tintindex":0,"rotation":0,"texture":"#0"},"up":{"uv":[9.875,7.375,9.625,6.875],"tintindex":0,"rotation":0,"texture":"#0"},"down":{"uv":[0.75,9.75,0.5,10.25],"tintindex":0,"rotation":0,"texture":"#0"}},"rotation":{"origin":[7.8999996,7.8826838,0.9761205],"angle":-22.5,"axis":"x"}}],"display":{"gui":{"rotation":[-150.0,-45.0,180.0]}}}