{"textures":{"0":"modelengine:entity/baby_icebear","particle":"#0"},"elements":[{"from":[6.0,4.5,6.0],"to":[10.0,8.5,10.0],"faces":{"east":{"uv":[4.5,8.5,4.0,9.0],"tintindex":0,"rotation":0,"texture":"#0"},"south":{"uv":[3.875,8.5,3.375,9.0],"tintindex":0,"rotation":0,"texture":"#0"},"north":{"uv":[9.0,0.625,8.5,1.125],"tintindex":0,"rotation":0,"texture":"#0"},"west":{"uv":[3.25,8.5,2.75,9.0],"tintindex":0,"rotation":0,"texture":"#0"},"up":{"uv":[8.5,4.625,9.0,4.125],"tintindex":0,"rotation":0,"texture":"#0"},"down":{"uv":[4.625,8.5,5.125,9.0],"tintindex":0,"rotation":0,"texture":"#0"}}}],"display":{"gui":{"rotation":[-150.0,-45.0,180.0]}}}