{
	"format_version": "1.9.0",
	"credit": "Made with Blockbench",
	"texture_size": [64, 64],
	"textures": {
		"1": "modelengine:entity/dandelion_chibi_icon",
		"particle": "modelengine:entity/dandelion_chibi_icon"
	},
	"elements": [
		{
			"from": [4, 4, 4],
			"to": [12, 12, 12],
			"rotation": {"angle": 0, "axis": "y", "origin": [8, 7, 8]},
			"faces": {
				"north": {"uv": [3.5, 0, 5.5, 2], "texture": "#1"},
				"east": {"uv": [3.5, 2.25, 5.5, 4.25], "texture": "#1"},
				"south": {"uv": [3.5, 4.5, 5.5, 6.5], "texture": "#1"},
				"west": {"uv": [5.75, 0, 7.75, 2], "texture": "#1"},
				"up": {"uv": [7.75, 4.25, 5.75, 2.25], "texture": "#1"},
				"down": {"uv": [7.75, 4.5, 5.75, 6.5], "texture": "#1"}
			}
		},
		{
			"from": [6, 4, 2],
			"to": [10, 7, 4],
			"rotation": {"angle": 0, "axis": "y", "origin": [8, 4, 3]},
			"faces": {
				"north": {"uv": [4.5, 6.75, 5.5, 7.5], "texture": "#1"},
				"east": {"uv": [8, 6.5, 8.5, 7.25], "texture": "#1"},
				"south": {"uv": [5.75, 6.75, 6.75, 7.5], "texture": "#1"},
				"west": {"uv": [7.25, 8, 7.75, 8.75], "texture": "#1"},
				"up": {"uv": [9, 1.75, 8, 1.25], "texture": "#1"},
				"down": {"uv": [9, 2, 8, 2.5], "texture": "#1"}
			}
		},
		{
			"from": [2, 10, 7],
			"to": [5, 14, 9],
			"rotation": {"angle": 0, "axis": "y", "origin": [4, 11, 8]},
			"faces": {
				"north": {"uv": [7, 6.75, 7.75, 7.75], "texture": "#1"},
				"east": {"uv": [8, 2.75, 8.5, 3.75], "texture": "#1"},
				"south": {"uv": [4.5, 7.75, 5.25, 8.75], "texture": "#1"},
				"west": {"uv": [8, 4, 8.5, 5], "texture": "#1"},
				"up": {"uv": [8.75, 8, 8, 7.5], "texture": "#1"},
				"down": {"uv": [0.75, 8.25, 0, 8.75], "texture": "#1"}
			}
		},
		{
			"from": [11, 10, 7],
			"to": [14, 14, 9],
			"rotation": {"angle": 0, "axis": "y", "origin": [12, 11, 8]},
			"faces": {
				"north": {"uv": [5.5, 7.75, 6.25, 8.75], "texture": "#1"},
				"east": {"uv": [8, 5.25, 8.5, 6.25], "texture": "#1"},
				"south": {"uv": [8, 0, 8.75, 1], "texture": "#1"},
				"west": {"uv": [6.5, 8, 7, 9], "texture": "#1"},
				"up": {"uv": [1.75, 8.75, 1, 8.25], "texture": "#1"},
				"down": {"uv": [8.75, 8.25, 8, 8.75], "texture": "#1"}
			}
		},
		{
			"from": [3, 12, 8],
			"to": [13, 12, 14],
			"rotation": {"angle": -45, "axis": "x", "origin": [8, 12, 8]},
			"faces": {
				"north": {"uv": [8.75, 4.75, 11.25, 4.75], "texture": "#1"},
				"east": {"uv": [8.75, 5, 10.25, 5], "texture": "#1"},
				"south": {"uv": [8.75, 5.25, 11.25, 5.25], "texture": "#1"},
				"west": {"uv": [8.75, 5.5, 10.25, 5.5], "texture": "#1"},
				"up": {"uv": [2.5, 8, 0, 6.5], "texture": "#1"},
				"down": {"uv": [0, 6.5, 2.5, 8], "texture": "#1"}
			}
		},
		{
			"from": [4, 4, 8],
			"to": [4, 12, 14],
			"rotation": {"angle": -45, "axis": "y", "origin": [4, 7, 8]},
			"faces": {
				"north": {"uv": [0, 9, 0, 11], "texture": "#1"},
				"east": {"uv": [2.75, 6.75, 4.25, 8.75], "texture": "#1"},
				"south": {"uv": [0.25, 9, 0.25, 11], "texture": "#1"},
				"west": {"uv": [4.25, 6.75, 2.75, 8.75], "texture": "#1"},
				"up": {"uv": [8.75, 7.25, 8.75, 5.75], "texture": "#1"},
				"down": {"uv": [0.5, 9, 0.5, 10.5], "texture": "#1"}
			}
		},
		{
			"from": [12, 4, 8],
			"to": [12, 12, 14],
			"rotation": {"angle": 45, "axis": "y", "origin": [12, 7, 8]},
			"faces": {
				"north": {"uv": [0, 9, 0, 11], "texture": "#1"},
				"east": {"uv": [2.75, 6.75, 4.25, 8.75], "texture": "#1"},
				"south": {"uv": [0.25, 9, 0.25, 11], "texture": "#1"},
				"west": {"uv": [4.25, 6.75, 2.75, 8.75], "texture": "#1"},
				"up": {"uv": [8.75, 5.75, 8.75, 7.25], "texture": "#1"},
				"down": {"uv": [0.5, 9, 0.5, 10.5], "texture": "#1"}
			}
		},
		{
			"from": [8, 4, 5],
			"to": [8, 16, 18],
			"rotation": {"angle": 0, "axis": "y", "origin": [8, 4, 13]},
			"faces": {
				"north": {"uv": [0.75, 9, 0.75, 12], "texture": "#1"},
				"east": {"uv": [0, 0, 3.25, 3], "texture": "#1"},
				"south": {"uv": [1, 9, 1, 12], "texture": "#1"},
				"west": {"uv": [0, 3.25, 3.25, 6.25], "texture": "#1"},
				"up": {"uv": [1.25, 12.25, 1.25, 9], "texture": "#1"},
				"down": {"uv": [1.5, 9, 1.5, 12.25], "texture": "#1"}
			}
		},
		{
			"from": [5.5, 7.75, 3.5],
			"to": [7.5, 8.75, 4.5],
			"rotation": {"angle": -45, "axis": "z", "origin": [6, 8.5, 4]},
			"faces": {
				"north": {"uv": [2, 8.25, 2.5, 8.5], "texture": "#1"},
				"east": {"uv": [8.75, 3.75, 9, 4], "texture": "#1"},
				"south": {"uv": [2, 8.75, 2.5, 9], "texture": "#1"},
				"west": {"uv": [8.75, 4.25, 9, 4.5], "texture": "#1"},
				"up": {"uv": [9.25, 3, 8.75, 2.75], "texture": "#1"},
				"down": {"uv": [9.25, 3.25, 8.75, 3.5], "texture": "#1"}
			}
		},
		{
			"from": [8.5, 7.75, 3.5],
			"to": [10.5, 8.75, 4.5],
			"rotation": {"angle": 45, "axis": "z", "origin": [10, 8.5, 4]},
			"faces": {
				"north": {"uv": [2.5, 8.25, 2, 8.5], "texture": "#1"},
				"east": {"uv": [9, 4.25, 8.75, 4.5], "texture": "#1"},
				"south": {"uv": [2.5, 8.75, 2, 9], "texture": "#1"},
				"west": {"uv": [9, 3.75, 8.75, 4], "texture": "#1"},
				"up": {"uv": [8.75, 3, 9.25, 2.75], "texture": "#1"},
				"down": {"uv": [8.75, 3.25, 9.25, 3.5], "texture": "#1"}
			}
		}
	],
	"gui_light": "front",
	"display": {
		"gui": {
			"rotation": [-161.25, 41.5, -180],
			"translation": [-0.75, -1.75, 0]
		}
	},
	"groups": [
		{
			"name": "hi_head",
			"origin": [0, 8, 0],
			"color": 0,
			"children": [0, 1, 2, 3, 4, 5, 6, 7, 8, 9]
		}
	]
}