{"textures":{"0":"modelengine:entity/dandelion_chibi","particle":"#0"},"elements":[{"from":[6.5,5.0,6.5],"to":[9.5,9.0,9.5],"faces":{"east":{"uv":[6.0,2.875,6.375,3.375],"tintindex":0,"rotation":0,"texture":"#0"},"south":{"uv":[5.25,6.0,5.625,6.5],"tintindex":0,"rotation":0,"texture":"#0"},"north":{"uv":[6.0,2.25,6.375,2.75],"tintindex":0,"rotation":0,"texture":"#0"},"west":{"uv":[5.75,6.0,6.125,6.5],"tintindex":0,"rotation":0,"texture":"#0"},"up":{"uv":[6.75,3.875,6.375,3.5],"tintindex":0,"rotation":0,"texture":"#0"},"down":{"uv":[4.0,6.375,3.625,6.75],"tintindex":0,"rotation":0,"texture":"#0"}}},{"from":[8.0,5.0,9.5],"to":[8.0,9.0,12.5],"faces":{"east":{"uv":[6.125,1.25,6.5,1.75],"tintindex":0,"rotation":0,"texture":"#0"},"west":{"uv":[6.25,0.0,6.625,0.5],"tintindex":0,"rotation":0,"texture":"#0"}}}],"display":{"gui":{"rotation":[-150.0,-45.0,180.0]}}}