{"textures":{"0":"modelengine:entity/dandelion_chibi","particle":"#0"},"elements":[{"from":[6.5,5.0,6.5],"to":[9.5,9.0,9.5],"faces":{"east":{"uv":[0.875,5.875,1.25,6.375],"tintindex":0,"rotation":0,"texture":"#0"},"south":{"uv":[2.125,5.875,2.5,6.375],"tintindex":0,"rotation":0,"texture":"#0"},"north":{"uv":[0.375,5.875,0.75,6.375],"tintindex":0,"rotation":0,"texture":"#0"},"west":{"uv":[5.875,3.5,6.25,4.0],"tintindex":0,"rotation":0,"texture":"#0"},"up":{"uv":[3.0,6.75,2.625,6.375],"tintindex":0,"rotation":0,"texture":"#0"},"down":{"uv":[3.5,6.375,3.125,6.75],"tintindex":0,"rotation":0,"texture":"#0"}}},{"from":[8.0,5.0,9.5],"to":[8.0,9.0,12.5],"faces":{"east":{"uv":[5.875,4.125,6.25,4.625],"tintindex":0,"rotation":0,"texture":"#0"},"west":{"uv":[5.875,4.75,6.25,5.25],"tintindex":0,"rotation":0,"texture":"#0"}}}],"display":{"gui":{"rotation":[-150.0,-45.0,180.0]}}}