{"textures":{"0":"modelengine:entity/dandelion_chibi","particle":"#0"},"elements":[{"from":[11.0,14.0,7.0],"to":[14.0,18.0,9.0],"faces":{"east":{"uv":[6.375,4.375,6.625,4.875],"tintindex":0,"rotation":0,"texture":"#0"},"south":{"uv":[5.75,0.0,6.125,0.5],"tintindex":0,"rotation":0,"texture":"#0"},"north":{"uv":[5.25,5.375,5.625,5.875],"tintindex":0,"rotation":0,"texture":"#0"},"west":{"uv":[4.5,6.375,4.75,6.875],"tintindex":0,"rotation":0,"texture":"#0"},"up":{"uv":[6.875,3.25,6.5,3.0],"tintindex":0,"rotation":0,"texture":"#0"},"down":{"uv":[7.0,1.125,6.625,1.375],"tintindex":0,"rotation":0,"texture":"#0"}}},{"from":[6.0,8.0,2.0],"to":[10.0,11.0,4.0],"faces":{"east":{"uv":[0.75,6.5,1.0,6.875],"tintindex":0,"rotation":0,"texture":"#0"},"south":{"uv":[5.375,3.0,5.875,3.375],"tintindex":0,"rotation":0,"texture":"#0"},"north":{"uv":[2.125,5.375,2.625,5.75],"tintindex":0,"rotation":0,"texture":"#0"},"west":{"uv":[1.875,6.5,2.125,6.875],"tintindex":0,"rotation":0,"texture":"#0"},"up":{"uv":[6.625,2.125,6.125,1.875],"tintindex":0,"rotation":0,"texture":"#0"},"down":{"uv":[6.875,4.0,6.375,4.25],"tintindex":0,"rotation":0,"texture":"#0"}}},{"from":[8.0,8.0,5.0],"to":[8.0,20.0,18.0],"faces":{"east":{"uv":[0.0,0.0,1.625,1.5],"tintindex":0,"rotation":0,"texture":"#0"},"west":{"uv":[0.0,1.625,1.625,3.125],"tintindex":0,"rotation":0,"texture":"#0"}}},{"from":[5.5,11.75,3.5],"to":[7.5,12.75,4.5],"faces":{"east":{"uv":[7.625,0.875,7.75,1.0],"tintindex":0,"rotation":0,"texture":"#0"},"south":{"uv":[7.625,1.5,7.875,1.625],"tintindex":0,"rotation":0,"texture":"#0"},"north":{"uv":[7.625,0.375,7.875,0.5],"tintindex":0,"rotation":0,"texture":"#0"},"west":{"uv":[7.5,2.125,7.625,2.25],"tintindex":0,"rotation":0,"texture":"#0"},"up":{"uv":[8.375,0.0,8.625,0.125],"tintindex":0,"rotation":0,"texture":"#0"},"down":{"uv":[8.25,0.5,8.5,0.625],"tintindex":0,"rotation":0,"texture":"#0"}},"rotation":{"origin":[6.0,12.5,4.0],"angle":-45.0,"axis":"z"}},{"from":[4.0,8.0,4.0],"to":[12.0,16.0,12.0],"faces":{"east":{"uv":[1.75,1.125,2.75,2.125],"tintindex":0,"rotation":0,"texture":"#0"},"south":{"uv":[1.75,2.25,2.75,3.25],"tintindex":0,"rotation":0,"texture":"#0"},"north":{"uv":[1.75,0.0,2.75,1.0],"tintindex":0,"rotation":0,"texture":"#0"},"west":{"uv":[2.875,0.0,3.875,1.0],"tintindex":0,"rotation":0,"texture":"#0"},"up":{"uv":[3.875,2.125,2.875,1.125],"tintindex":0,"rotation":0,"texture":"#0"},"down":{"uv":[3.875,2.25,2.875,3.25],"tintindex":0,"rotation":0,"texture":"#0"}}},{"from":[3.0,16.0,8.0],"to":[13.0,16.0,14.0],"faces":{"up":{"uv":[3.5,4.125,2.25,3.375],"tintindex":0,"rotation":0,"texture":"#0"},"down":{"uv":[3.5,3.375,2.25,4.125],"tintindex":0,"rotation":0,"texture":"#0"}},"rotation":{"origin":[8.0,16.0,8.0],"angle":-45.0,"axis":"x"}},{"from":[8.5,11.75,3.5],"to":[10.5,12.75,4.5],"faces":{"east":{"uv":[7.625,2.125,7.5,2.25],"tintindex":0,"rotation":0,"texture":"#0"},"south":{"uv":[7.875,1.5,7.625,1.625],"tintindex":0,"rotation":0,"texture":"#0"},"north":{"uv":[7.875,0.375,7.625,0.5],"tintindex":0,"rotation":0,"texture":"#0"},"west":{"uv":[7.75,0.875,7.625,1.0],"tintindex":0,"rotation":0,"texture":"#0"},"up":{"uv":[8.625,0.0,8.375,0.125],"tintindex":0,"rotation":0,"texture":"#0"},"down":{"uv":[8.5,0.5,8.25,0.625],"tintindex":0,"rotation":0,"texture":"#0"}},"rotation":{"origin":[10.0,12.5,4.0],"angle":45.0,"axis":"z"}},{"from":[12.0,8.0,8.0],"to":[12.0,16.0,14.0],"faces":{"east":{"uv":[4.75,1.125,4.0,2.125],"tintindex":0,"rotation":0,"texture":"#0"},"west":{"uv":[4.0,1.125,4.75,2.125],"tintindex":0,"rotation":0,"texture":"#0"}},"rotation":{"origin":[12.0,11.0,8.0],"angle":45.0,"axis":"y"}},{"from":[2.0,14.0,7.0],"to":[5.0,18.0,9.0],"faces":{"east":{"uv":[0.0,6.25,0.25,6.75],"tintindex":0,"rotation":0,"texture":"#0"},"south":{"uv":[5.375,3.5,5.75,4.0],"tintindex":0,"rotation":0,"texture":"#0"},"north":{"uv":[4.375,5.125,4.75,5.625],"tintindex":0,"rotation":0,"texture":"#0"},"west":{"uv":[4.125,6.375,4.375,6.875],"tintindex":0,"rotation":0,"texture":"#0"},"up":{"uv":[6.875,2.5,6.5,2.25],"tintindex":0,"rotation":0,"texture":"#0"},"down":{"uv":[6.875,2.625,6.5,2.875],"tintindex":0,"rotation":0,"texture":"#0"}}},{"from":[4.0,8.0,8.0],"to":[4.0,16.0,14.0],"faces":{"east":{"uv":[4.75,1.125,4.0,2.125],"tintindex":0,"rotation":0,"texture":"#0"},"west":{"uv":[4.0,1.125,4.75,2.125],"tintindex":0,"rotation":0,"texture":"#0"}},"rotation":{"origin":[4.0,11.0,8.0],"angle":-45.0,"axis":"y"}}],"display":{"gui":{"rotation":[-150.0,-45.0,180.0]}}}