{"textures":{"0":"modelengine:entity/dandelion_chibi","particle":"#0"},"elements":[{"from":[6.5,3.0,6.5],"to":[9.5,7.0,9.5],"faces":{"east":{"uv":[4.25,5.75,4.625,6.25],"tintindex":0,"rotation":0,"texture":"#0"},"south":{"uv":[4.75,5.75,5.125,6.25],"tintindex":0,"rotation":0,"texture":"#0"},"north":{"uv":[3.75,5.75,4.125,6.25],"tintindex":0,"rotation":0,"texture":"#0"},"west":{"uv":[5.75,5.375,6.125,5.875],"tintindex":0,"rotation":0,"texture":"#0"},"up":{"uv":[6.625,6.25,6.25,5.875],"tintindex":0,"rotation":0,"texture":"#0"},"down":{"uv":[1.75,6.375,1.375,6.75],"tintindex":0,"rotation":0,"texture":"#0"}}}],"display":{"gui":{"rotation":[-150.0,-45.0,180.0]}}}