{"textures":{"0":"modelengine:entity/dandelion_chibi","particle":"#0"},"elements":[{"from":[6.5,3.0,6.5],"to":[9.5,7.0,9.5],"faces":{"east":{"uv":[1.625,5.75,2.0,6.25],"tintindex":0,"rotation":0,"texture":"#0"},"south":{"uv":[2.75,5.75,3.125,6.25],"tintindex":0,"rotation":0,"texture":"#0"},"north":{"uv":[5.75,0.625,6.125,1.125],"tintindex":0,"rotation":0,"texture":"#0"},"west":{"uv":[3.25,5.75,3.625,6.25],"tintindex":0,"rotation":0,"texture":"#0"},"up":{"uv":[6.625,1.0,6.25,0.625],"tintindex":0,"rotation":0,"texture":"#0"},"down":{"uv":[6.625,5.375,6.25,5.75],"tintindex":0,"rotation":0,"texture":"#0"}}}],"display":{"gui":{"rotation":[-150.0,-45.0,180.0]}}}