{"textures":{"0":"modelengine:entity/dandelion_chibi","particle":"#0"},"elements":[{"from":[7.0,7.0,8.0],"to":[9.0,9.0,16.0],"faces":{"east":{"uv":[4.875,2.25,5.875,2.5],"tintindex":0,"rotation":0,"texture":"#0"},"south":{"uv":[2.25,6.5,2.5,6.75],"tintindex":0,"rotation":0,"texture":"#0"},"north":{"uv":[2.75,5.375,3.0,5.625],"tintindex":0,"rotation":0,"texture":"#0"},"west":{"uv":[4.875,2.625,5.875,2.875],"tintindex":0,"rotation":0,"texture":"#0"},"up":{"uv":[5.25,4.0,5.0,3.0],"tintindex":0,"rotation":0,"texture":"#0"},"down":{"uv":[0.25,5.125,0.0,6.125],"tintindex":0,"rotation":0,"texture":"#0"}}}],"display":{"gui":{"rotation":[-150.0,-45.0,180.0]}}}