{"textures":{"0":"modelengine:entity/dandelion_chibi","particle":"#0"},"elements":[{"from":[4.0,4.0,9.0],"to":[12.0,12.0,9.0],"faces":{"south":{"uv":[1.0,3.25,0.0,4.25],"tintindex":0,"rotation":0,"texture":"#0"},"north":{"uv":[0.0,3.25,1.0,4.25],"tintindex":0,"rotation":0,"texture":"#0"}}},{"from":[7.0,7.0,12.0],"to":[9.0,9.0,16.0],"faces":{"east":{"uv":[6.375,5.0,6.875,5.25],"tintindex":0,"rotation":0,"texture":"#0"},"south":{"uv":[6.75,0.0,7.0,0.25],"tintindex":0,"rotation":0,"texture":"#0"},"north":{"uv":[5.625,6.625,5.875,6.875],"tintindex":0,"rotation":0,"texture":"#0"},"west":{"uv":[6.25,6.375,6.75,6.625],"tintindex":0,"rotation":0,"texture":"#0"},"up":{"uv":[5.125,6.875,4.875,6.375],"tintindex":0,"rotation":0,"texture":"#0"},"down":{"uv":[0.625,6.5,0.375,7.0],"tintindex":0,"rotation":0,"texture":"#0"}}},{"from":[6.0,6.0,8.0],"to":[10.0,10.0,12.0],"faces":{"east":{"uv":[3.75,5.125,4.25,5.625],"tintindex":0,"rotation":0,"texture":"#0"},"south":{"uv":[0.375,5.25,0.875,5.75],"tintindex":0,"rotation":0,"texture":"#0"},"north":{"uv":[3.125,5.125,3.625,5.625],"tintindex":0,"rotation":0,"texture":"#0"},"west":{"uv":[1.0,5.25,1.5,5.75],"tintindex":0,"rotation":0,"texture":"#0"},"up":{"uv":[5.75,4.625,5.25,4.125],"tintindex":0,"rotation":0,"texture":"#0"},"down":{"uv":[5.75,4.75,5.25,5.25],"tintindex":0,"rotation":0,"texture":"#0"}}}],"display":{"gui":{"rotation":[-150.0,-45.0,180.0]}}}