{"textures":{"0":"modelengine:entity/dandelion_chibi","particle":"#0"},"elements":[{"from":[7.0,7.0,8.0],"to":[9.0,9.0,17.0],"faces":{"east":{"uv":[4.875,1.5,6.0,1.75],"tintindex":0,"rotation":0,"texture":"#0"},"south":{"uv":[5.25,6.625,5.5,6.875],"tintindex":0,"rotation":0,"texture":"#0"},"north":{"uv":[6.625,1.5,6.875,1.75],"tintindex":0,"rotation":0,"texture":"#0"},"west":{"uv":[4.875,1.875,6.0,2.125],"tintindex":0,"rotation":0,"texture":"#0"},"up":{"uv":[2.0,5.625,1.75,4.5],"tintindex":0,"rotation":0,"texture":"#0"},"down":{"uv":[5.125,4.25,4.875,5.375],"tintindex":0,"rotation":0,"texture":"#0"}}}],"display":{"gui":{"rotation":[-150.0,-45.0,180.0]}}}