{"textures":{"0":"modelengine:entity/dandelion_chibi","particle":"#0"},"elements":[{"from":[5.0,7.0,5.0],"to":[11.0,12.0,11.0],"faces":{"east":{"uv":[0.875,4.5,1.625,5.125],"tintindex":0,"rotation":0,"texture":"#0"},"south":{"uv":[4.875,0.0,5.625,0.625],"tintindex":0,"rotation":0,"texture":"#0"},"north":{"uv":[0.0,4.375,0.75,5.0],"tintindex":0,"rotation":0,"texture":"#0"},"west":{"uv":[4.875,0.75,5.625,1.375],"tintindex":0,"rotation":0,"texture":"#0"},"up":{"uv":[3.875,5.0,3.125,4.25],"tintindex":0,"rotation":0,"texture":"#0"},"down":{"uv":[4.75,4.25,4.0,5.0],"tintindex":0,"rotation":0,"texture":"#0"}}}],"display":{"gui":{"rotation":[-150.0,-45.0,180.0]}}}