{
	"format_version": "1.21.6",
	"credit": "Made with Blockbench",
	"textures": {
		"1": "modelengine:entity/hoppy_ascendant_icon"
	},
	"elements": [
		{
			"from": [4, 5, 4],
			"to": [12, 13, 12],
			"rotation": {"angle": 0, "axis": "y", "origin": [8, 6, 10]},
			"faces": {
				"north": {"uv": [5.125, 1.375, 6.125, 2.375], "texture": "#1"},
				"east": {"uv": [3.5, 5.25, 4.5, 6.25], "texture": "#1"},
				"south": {"uv": [4.625, 5.25, 5.625, 6.25], "texture": "#1"},
				"west": {"uv": [5.625, 2.5, 6.625, 3.5], "texture": "#1"},
				"up": {"uv": [6.75, 1, 5.75, 0], "texture": "#1"},
				"down": {"uv": [2, 5.75, 1, 6.75], "texture": "#1"}
			}
		},
		{
			"from": [6.5, 5, 1],
			"to": [9.5, 8, 4],
			"rotation": {"angle": 0, "axis": "y", "origin": [8, 6, 3]},
			"faces": {
				"north": {"uv": [3.625, 8.25, 4, 8.625], "texture": "#1"},
				"east": {"uv": [8.25, 4.5, 8.625, 4.875], "texture": "#1"},
				"south": {"uv": [7.75, 8.25, 8.125, 8.625], "texture": "#1"},
				"west": {"uv": [8.25, 8.25, 8.625, 8.625], "texture": "#1"},
				"up": {"uv": [1, 8.75, 0.625, 8.375], "texture": "#1"},
				"down": {"uv": [4.5, 8.375, 4.125, 8.75], "texture": "#1"}
			}
		},
		{
			"name": "flat",
			"from": [4, 6, 10.5],
			"to": [4, 12, 17.5],
			"rotation": {"angle": -45, "axis": "y", "origin": [4, 8.5, 10.5]},
			"faces": {
				"north": {"uv": [1, 4.75, 1, 5.5], "texture": "#1"},
				"east": {"uv": [7.625, 2.25, 6.75, 3], "texture": "#1"},
				"south": {"uv": [1.125, 4.75, 1.125, 5.5], "texture": "#1"},
				"west": {"uv": [6.75, 2.25, 7.625, 3], "texture": "#1"},
				"up": {"uv": [2, 7.75, 2, 6.875], "texture": "#1"},
				"down": {"uv": [7, 8.375, 7, 9.25], "texture": "#1"}
			}
		},
		{
			"name": "flat",
			"from": [12, 6, 10.5],
			"to": [12, 12, 17.5],
			"rotation": {"angle": 45, "axis": "y", "origin": [12, 8.5, 10.5]},
			"faces": {
				"north": {"uv": [1, 4.75, 1, 5.5], "texture": "#1"},
				"east": {"uv": [7.625, 2.25, 6.75, 3], "texture": "#1"},
				"south": {"uv": [1.125, 4.75, 1.125, 5.5], "texture": "#1"},
				"west": {"uv": [6.75, 2.25, 7.625, 3], "texture": "#1"},
				"up": {"uv": [2, 7.75, 2, 6.875], "texture": "#1"},
				"down": {"uv": [7, 8.375, 7, 9.25], "texture": "#1"}
			}
		},
		{
			"name": "ear",
			"from": [2.48731, 12.45176, 8.91343],
			"to": [6.48731, 15.45176, 8.91343],
			"rotation": {"angle": 0, "axis": "y", "origin": [-3, 19, -11]},
			"faces": {
				"north": {"uv": [8.125, 4, 8.625, 4.375], "texture": "#1"},
				"east": {"uv": [3.375, 5.75, 3.375, 6.125], "texture": "#1"},
				"south": {"uv": [8.625, 4, 8.125, 4.375], "texture": "#1"},
				"west": {"uv": [0.75, 6.125, 0.75, 6.5], "texture": "#1"},
				"up": {"uv": [4.125, 2.5, 3.625, 2.5], "texture": "#1"},
				"down": {"uv": [4.125, 2.625, 3.625, 2.625], "texture": "#1"}
			}
		},
		{
			"name": "ear",
			"from": [0.48731, 14.57481, 9.44887],
			"to": [8.48731, 25.57481, 9.44887],
			"rotation": {"angle": 22.5, "axis": "x", "origin": [-1.51269, 16.35922, 11.3855]},
			"faces": {
				"north": {"uv": [3.5, 2.75, 4.5, 4.125], "texture": "#1"},
				"east": {"uv": [7.125, 8.375, 7.125, 9.75], "texture": "#1"},
				"south": {"uv": [4.5, 2.75, 3.5, 4.125], "texture": "#1"},
				"west": {"uv": [7.25, 8.375, 7.25, 9.75], "texture": "#1"},
				"up": {"uv": [8.625, 6.125, 7.625, 6.125], "texture": "#1"},
				"down": {"uv": [9.25, 0.5, 8.25, 0.5], "texture": "#1"}
			}
		},
		{
			"name": "ear",
			"from": [9.51269, 12.45176, 8.91343],
			"to": [13.51269, 15.45176, 8.91343],
			"rotation": {"angle": 0, "axis": "y", "origin": [19, 19, -11]},
			"faces": {
				"north": {"uv": [8.625, 4, 8.125, 4.375], "texture": "#1"},
				"east": {"uv": [0.75, 6.125, 0.75, 6.5], "texture": "#1"},
				"south": {"uv": [8.125, 4, 8.625, 4.375], "texture": "#1"},
				"west": {"uv": [3.375, 5.75, 3.375, 6.125], "texture": "#1"},
				"up": {"uv": [3.625, 2.5, 4.125, 2.5], "texture": "#1"},
				"down": {"uv": [3.625, 2.625, 4.125, 2.625], "texture": "#1"}
			}
		},
		{
			"name": "ear",
			"from": [7.51269, 14.57481, 9.44887],
			"to": [15.51269, 25.57481, 9.44887],
			"rotation": {"angle": 22.5, "axis": "x", "origin": [17.51269, 16.35922, 11.3855]},
			"faces": {
				"north": {"uv": [4.5, 2.75, 3.5, 4.125], "texture": "#1"},
				"east": {"uv": [7.25, 8.375, 7.25, 9.75], "texture": "#1"},
				"south": {"uv": [3.5, 2.75, 4.5, 4.125], "texture": "#1"},
				"west": {"uv": [7.125, 8.375, 7.125, 9.75], "texture": "#1"},
				"up": {"uv": [7.625, 6.125, 8.625, 6.125], "texture": "#1"},
				"down": {"uv": [8.25, 0.5, 9.25, 0.5], "texture": "#1"}
			}
		}
	],
	"gui_light": "front",
	"display": {
		"gui": {
			"rotation": [-165.58, 16.13, -162.66],
			"translation": [-1.75, -4.5, 0],
			"scale": [0.68, 0.68, 0.68]
		}
	},
	"groups": [
		{
			"name": "hi_head",
			"origin": [-1, 13, -10],
			"color": 0,
			"children": [
				0,
				1,
				2,
				3,
				{
					"name": "ear_left",
					"origin": [-2, 19, -12],
					"rotation": [15.11473, 5.17936, 19.58968],
					"color": 0,
					"children": [4, 5]
				},
				{
					"name": "ear_left",
					"origin": [-2, 19, -12],
					"rotation": [15.11473, 5.17936, 19.58968],
					"color": 0,
					"children": [6, 7]
				}
			]
		}
	]
}