{"textures":{"0":"modelengine:entity/nocsy_stoned_armadillo","particle":"#0"},"elements":[{"from":[3.0,4.97118,10.08348],"to":[9.0,7.97118,10.08348],"faces":{"south":{"uv":[6.625,6.625,5.875,7.0],"tintindex":0,"rotation":0,"texture":"#0"},"north":{"uv":[5.875,6.625,6.625,7.0],"tintindex":0,"rotation":0,"texture":"#0"}}},{"from":[3.0,9.50099,6.38758],"to":[9.0,9.50099,10.38758],"faces":{"up":{"uv":[6.0,4.25,6.75,3.75],"tintindex":0,"rotation":0,"texture":"#0"},"down":{"uv":[6.0,3.75,6.75,4.25],"tintindex":0,"rotation":0,"texture":"#0"}},"rotation":{"origin":[5.0,9.50099,6.38758],"angle":22.5,"axis":"x"}},{"from":[3.0,8.43963,4.82763],"to":[9.0,8.43963,6.82763],"faces":{"up":{"uv":[7.5,0.875,8.25,0.625],"tintindex":0,"rotation":0,"texture":"#0"},"down":{"uv":[7.5,0.625,8.25,0.875],"tintindex":0,"rotation":0,"texture":"#0"}},"rotation":{"origin":[5.0,8.43963,5.32763],"angle":-45.0,"axis":"x"}}],"display":{"gui":{"rotation":[-150.0,-45.0,180.0]}}}