{"textures":{"0":"modelengine:entity/nocsy_stoned_armadillo","particle":"#0"},"elements":[{"from":[7.0,7.0,6.8],"to":[9.0,9.0,11.8],"faces":{"east":{"uv":[3.375,7.625,2.75,7.875],"tintindex":0,"rotation":0,"texture":"#0"},"south":{"uv":[6.125,7.875,6.375,8.125],"tintindex":0,"rotation":0,"texture":"#0"},"north":{"uv":[7.875,5.875,8.125,6.125],"tintindex":0,"rotation":0,"texture":"#0"},"west":{"uv":[2.75,7.625,3.375,7.875],"tintindex":0,"rotation":0,"texture":"#0"},"up":{"uv":[2.75,5.75,2.5,5.125],"tintindex":0,"rotation":0,"texture":"#0"},"down":{"uv":[1.25,7.5,1.0,8.125],"tintindex":0,"rotation":0,"texture":"#0"}}}],"display":{"gui":{"rotation":[-150.0,-45.0,180.0]}}}