{"textures":{"0":"modelengine:entity/nocsy_spooky_chibi_witch","particle":"#0"},"elements":[{"from":[6.5,11.5,6.5],"to":[9.5,12.5,9.5],"faces":{"east":{"uv":[9.25,3.0,9.625,3.125],"tintindex":0,"rotation":0,"texture":"#0"},"south":{"uv":[9.375,6.625,9.75,6.75],"tintindex":0,"rotation":0,"texture":"#0"},"north":{"uv":[8.875,0.5,9.25,0.625],"tintindex":0,"rotation":0,"texture":"#0"},"west":{"uv":[5.125,9.5,5.5,9.625],"tintindex":0,"rotation":0,"texture":"#0"},"up":{"uv":[9.625,8.875,9.25,8.5],"tintindex":0,"rotation":0,"texture":"#0"},"down":{"uv":[9.625,9.0,9.25,9.375],"tintindex":0,"rotation":0,"texture":"#0"}}},{"from":[5.5,2.5,5.5],"to":[10.5,8.5,10.5],"faces":{"east":{"uv":[5.5,7.875,6.125,8.625],"tintindex":0,"rotation":0,"texture":"#0"},"south":{"uv":[2.0,8.0,2.625,8.75],"tintindex":0,"rotation":0,"texture":"#0"},"north":{"uv":[4.75,7.875,5.375,8.625],"tintindex":0,"rotation":0,"texture":"#0"},"west":{"uv":[0.75,8.125,1.375,8.875],"tintindex":0,"rotation":0,"texture":"#0"},"up":{"uv":[9.25,1.375,8.625,0.75],"tintindex":0,"rotation":0,"texture":"#0"},"down":{"uv":[5.375,8.75,4.75,9.375],"tintindex":0,"rotation":0,"texture":"#0"}}},{"from":[5.5,8.5,5.5],"to":[10.5,11.5,10.5],"faces":{"east":{"uv":[6.625,1.75,7.25,2.125],"tintindex":0,"rotation":0,"texture":"#0"},"south":{"uv":[2.5,8.875,3.125,9.25],"tintindex":0,"rotation":0,"texture":"#0"},"north":{"uv":[1.625,4.25,2.25,4.625],"tintindex":0,"rotation":0,"texture":"#0"},"west":{"uv":[0.75,9.0,1.375,9.375],"tintindex":0,"rotation":0,"texture":"#0"},"up":{"uv":[9.125,8.125,8.5,7.5],"tintindex":0,"rotation":0,"texture":"#0"},"down":{"uv":[9.125,8.25,8.5,8.875],"tintindex":0,"rotation":0,"texture":"#0"}}}],"display":{"gui":{"rotation":[-150.0,-45.0,180.0]}}}