{"textures":{"0":"modelengine:entity/nocsy_spooky_chibi_witch","particle":"#0"},"elements":[{"from":[5.7141705,1.3356783,4.99],"to":[10.734171,8.355679,11.01],"faces":{"east":{"uv":[3.0,6.875,3.75,7.75],"tintindex":0,"rotation":0,"texture":"#0"},"south":{"uv":[7.625,5.375,8.25,6.25],"tintindex":0,"rotation":0,"texture":"#0"},"north":{"uv":[1.625,3.25,2.25,4.125],"tintindex":0,"rotation":0,"texture":"#0"},"west":{"uv":[3.875,6.875,4.625,7.75],"tintindex":0,"rotation":0,"texture":"#0"},"up":{"uv":[6.875,9.0,6.25,8.25],"tintindex":0,"rotation":0,"texture":"#0"},"down":{"uv":[7.625,8.25,7.0,9.0],"tintindex":0,"rotation":0,"texture":"#0"}}}],"display":{"gui":{"rotation":[-150.0,-45.0,180.0]}}}