{"textures":{"0":"modelengine:entity/nocsy_spooky_chibi_witch","particle":"#0"},"elements":[{"from":[5.265829,1.3356783,4.99],"to":[10.28583,8.355679,11.01],"faces":{"east":{"uv":[4.75,6.875,5.5,7.75],"tintindex":0,"rotation":0,"texture":"#0"},"south":{"uv":[7.75,4.375,8.375,5.25],"tintindex":0,"rotation":0,"texture":"#0"},"north":{"uv":[7.625,6.375,8.25,7.25],"tintindex":0,"rotation":0,"texture":"#0"},"west":{"uv":[5.625,6.875,6.375,7.75],"tintindex":0,"rotation":0,"texture":"#0"},"up":{"uv":[8.375,9.0,7.75,8.25],"tintindex":0,"rotation":0,"texture":"#0"},"down":{"uv":[9.0,1.625,8.375,2.375],"tintindex":0,"rotation":0,"texture":"#0"}}}],"display":{"gui":{"rotation":[-150.0,-45.0,180.0]}}}