{"textures":{"0":"modelengine:entity/nocsy_spooky_chibi_witch","particle":"#0"},"elements":[{"from":[7.4,6.7823734,-1.0],"to":[19.400002,6.7823734,17.0],"faces":{"up":{"uv":[0.0,1.5,2.25,0.0],"tintindex":0,"rotation":90,"texture":"#0"},"down":{"uv":[0.0,1.625,2.25,3.125],"tintindex":0,"rotation":270,"texture":"#0"}},"rotation":{"origin":[12.4,6.7823734,8.0],"angle":-22.5,"axis":"z"}},{"from":[2.6731286,7.7823734,9.4],"to":[4.673128,9.782373,11.4],"faces":{"east":{"uv":[0.75,9.5,1.0,9.75],"tintindex":0,"rotation":0,"texture":"#0"},"south":{"uv":[1.125,9.5,1.375,9.75],"tintindex":0,"rotation":0,"texture":"#0"},"north":{"uv":[9.375,6.25,9.625,6.5],"tintindex":0,"rotation":0,"texture":"#0"},"west":{"uv":[3.0,9.5,3.25,9.75],"tintindex":0,"rotation":0,"texture":"#0"},"up":{"uv":[3.625,9.75,3.375,9.5],"tintindex":0,"rotation":0,"texture":"#0"},"down":{"uv":[9.75,4.125,9.5,4.375],"tintindex":0,"rotation":0,"texture":"#0"}}},{"from":[5.173128,8.782373,5.7],"to":[10.173128,13.782373,11.7],"faces":{"east":{"uv":[8.0,0.0,8.75,0.625],"tintindex":0,"rotation":0,"texture":"#0"},"south":{"uv":[0.0,8.875,0.625,9.5],"tintindex":0,"rotation":0,"texture":"#0"},"north":{"uv":[5.5,8.75,6.125,9.375],"tintindex":0,"rotation":0,"texture":"#0"},"west":{"uv":[8.375,2.5,9.125,3.125],"tintindex":0,"rotation":0,"texture":"#0"},"up":{"uv":[9.0,4.0,8.375,3.25],"tintindex":0,"rotation":0,"texture":"#0"},"down":{"uv":[9.0,5.375,8.375,6.125],"tintindex":0,"rotation":0,"texture":"#0"}},"rotation":{"origin":[7.6731286,9.782373,9.2],"angle":22.5,"axis":"x"}},{"from":[-1.3268709,6.7823734,-3.3999996],"to":[16.67313,6.7823734,8.6],"faces":{"up":{"uv":[2.25,1.5,0.0,0.0],"tintindex":0,"rotation":0,"texture":"#0"},"down":{"uv":[2.25,1.625,0.0,3.125],"tintindex":0,"rotation":0,"texture":"#0"}},"rotation":{"origin":[7.6731286,6.7823734,3.6],"angle":-22.5,"axis":"x"}},{"from":[-3.3999996,6.7823734,-1.0],"to":[8.6,6.7823734,17.0],"faces":{"up":{"uv":[2.25,0.0,0.0,1.5],"tintindex":0,"rotation":90,"texture":"#0"},"down":{"uv":[2.25,3.125,0.0,1.625],"tintindex":0,"rotation":270,"texture":"#0"}},"rotation":{"origin":[3.6,6.7823734,8.0],"angle":22.5,"axis":"z"}},{"from":[5.1831284,11.831474,7.5134273],"to":[10.163128,14.811474,14.493427],"faces":{"east":{"uv":[8.875,0.0,9.75,0.375],"tintindex":0,"rotation":0,"texture":"#0"},"south":{"uv":[9.125,1.5,9.75,1.875],"tintindex":0,"rotation":0,"texture":"#0"},"north":{"uv":[8.5,9.0,9.125,9.375],"tintindex":0,"rotation":0,"texture":"#0"},"west":{"uv":[1.5,8.875,2.375,9.25],"tintindex":0,"rotation":0,"texture":"#0"},"up":{"uv":[0.625,8.75,0.0,7.875],"tintindex":0,"rotation":0,"texture":"#0"},"down":{"uv":[3.625,7.875,3.0,8.75],"tintindex":0,"rotation":0,"texture":"#0"}}},{"from":[3.1731286,8.325535,11.030653],"to":[4.173128,11.325535,15.030653],"faces":{"east":{"uv":[7.5,9.125,8.0,9.5],"tintindex":0,"rotation":0,"texture":"#0"},"south":{"uv":[8.875,9.5,9.0,9.875],"tintindex":0,"rotation":0,"texture":"#0"},"north":{"uv":[8.625,9.5,8.75,9.875],"tintindex":0,"rotation":0,"texture":"#0"},"west":{"uv":[9.25,2.5,9.75,2.875],"tintindex":0,"rotation":0,"texture":"#0"},"up":{"uv":[4.75,10.0,4.625,9.5],"tintindex":0,"rotation":0,"texture":"#0"},"down":{"uv":[5.0,9.5,4.875,10.0],"tintindex":0,"rotation":0,"texture":"#0"}},"rotation":{"origin":[3.6731286,9.225534,14.330653],"angle":-22.5,"axis":"x"}},{"from":[4.173128,6.7823734,5.1],"to":[11.173128,10.782373,12.1],"faces":{"east":{"uv":[8.5,4.125,9.375,4.625],"tintindex":0,"rotation":0,"texture":"#0"},"south":{"uv":[8.5,4.75,9.375,5.25],"tintindex":0,"rotation":0,"texture":"#0"},"north":{"uv":[8.375,6.25,9.25,6.75],"tintindex":0,"rotation":0,"texture":"#0"},"west":{"uv":[8.5,6.875,9.375,7.375],"tintindex":0,"rotation":0,"texture":"#0"},"up":{"uv":[7.5,7.25,6.625,6.375],"tintindex":0,"rotation":0,"texture":"#0"},"down":{"uv":[0.875,6.875,0.0,7.75],"tintindex":0,"rotation":0,"texture":"#0"}}},{"from":[-0.6731281,6.7823734,7.4],"to":[17.326872,6.7823734,19.4],"faces":{"up":{"uv":[6.25,3.875,4.0,2.375],"tintindex":0,"rotation":0,"texture":"#0"},"down":{"uv":[6.25,4.0,4.0,5.5],"tintindex":0,"rotation":0,"texture":"#0"}},"rotation":{"origin":[8.326872,6.7823734,12.4],"angle":22.5,"axis":"x"}},{"from":[6.1731286,10.899397,12.658165],"to":[9.173128,13.899397,16.658165],"faces":{"east":{"uv":[9.25,7.5,9.75,7.875],"tintindex":0,"rotation":0,"texture":"#0"},"south":{"uv":[9.375,1.0,9.75,1.375],"tintindex":0,"rotation":0,"texture":"#0"},"north":{"uv":[9.375,0.5,9.75,0.875],"tintindex":0,"rotation":0,"texture":"#0"},"west":{"uv":[9.25,8.0,9.75,8.375],"tintindex":0,"rotation":0,"texture":"#0"},"up":{"uv":[1.875,8.625,1.5,8.125],"tintindex":0,"rotation":0,"texture":"#0"},"down":{"uv":[3.625,8.875,3.25,9.375],"tintindex":0,"rotation":0,"texture":"#0"}},"rotation":{"origin":[7.6731286,12.399397,15.158165],"angle":22.5,"axis":"x"}},{"from":[3.1731286,8.325535,5.725778],"to":[4.173128,11.325535,9.725779],"faces":{"east":{"uv":[6.25,9.125,6.75,9.5],"tintindex":0,"rotation":0,"texture":"#0"},"south":{"uv":[8.375,9.5,8.5,9.875],"tintindex":0,"rotation":0,"texture":"#0"},"north":{"uv":[8.125,9.5,8.25,9.875],"tintindex":0,"rotation":0,"texture":"#0"},"west":{"uv":[6.875,9.125,7.375,9.5],"tintindex":0,"rotation":0,"texture":"#0"},"up":{"uv":[2.875,8.5,2.75,8.0],"tintindex":0,"rotation":0,"texture":"#0"},"down":{"uv":[9.625,4.5,9.5,5.0],"tintindex":0,"rotation":0,"texture":"#0"}},"rotation":{"origin":[3.6731286,9.225534,6.4257784],"angle":22.5,"axis":"x"}}],"display":{"gui":{"rotation":[-150.0,-45.0,180.0]}}}