{"textures":{"0":"modelengine:entity/nocsy_spooky_chibi_witch","particle":"#0"},"elements":[{"from":[4.5,6.715538,4.4785986],"to":[11.5,12.715538,11.478599],"faces":{"east":{"uv":[1.0,7.25,1.875,8.0],"tintindex":0,"rotation":0,"texture":"#0"},"south":{"uv":[7.375,1.75,8.25,2.5],"tintindex":0,"rotation":0,"texture":"#0"},"north":{"uv":[2.0,7.125,2.875,7.875],"tintindex":0,"rotation":0,"texture":"#0"},"west":{"uv":[7.375,2.625,8.25,3.375],"tintindex":0,"rotation":0,"texture":"#0"},"up":{"uv":[7.5,1.625,6.625,0.75],"tintindex":0,"rotation":0,"texture":"#0"},"down":{"uv":[7.5,5.375,6.625,6.25],"tintindex":0,"rotation":0,"texture":"#0"}}},{"from":[6.0,8.108431,4.3535986],"to":[6.8,9.108431,4.3535986],"faces":{"south":{"uv":[6.25,7.875,6.375,8.0],"tintindex":0,"rotation":0,"texture":"#0"},"north":{"uv":[0.75,7.875,0.875,8.0],"tintindex":0,"rotation":0,"texture":"#0"}}},{"from":[11.931902,3.7200537,4.4785986],"to":[11.931902,11.720053,11.478599],"faces":{"east":{"uv":[5.625,1.25,6.5,2.25],"tintindex":0,"rotation":0,"texture":"#0"},"west":{"uv":[2.0,6.0,2.875,7.0],"tintindex":0,"rotation":0,"texture":"#0"}},"rotation":{"origin":[12.8319025,10.020054,7.978598],"angle":22.5,"axis":"z"}},{"from":[4.5,1.7431536,11.591108],"to":[11.5,10.743155,11.591108],"faces":{"south":{"uv":[1.0,6.0,1.875,7.125],"tintindex":0,"rotation":0,"texture":"#0"},"north":{"uv":[5.625,5.625,6.5,6.75],"tintindex":0,"rotation":0,"texture":"#0"}}},{"from":[8.7,9.408432,3.353598],"to":[11.7,9.408432,4.3535986],"faces":{"up":{"uv":[9.875,5.25,9.5,5.125],"tintindex":0,"rotation":0,"texture":"#0"},"down":{"uv":[6.0,9.5,5.625,9.625],"tintindex":0,"rotation":0,"texture":"#0"}},"rotation":{"origin":[9.2,8.208431,4.3535986],"angle":22.5,"axis":"x"}},{"from":[4.5,-0.35684586,12.791108],"to":[11.5,8.643154,12.791108],"faces":{"south":{"uv":[2.625,4.75,3.5,5.875],"tintindex":0,"rotation":0,"texture":"#0"},"north":{"uv":[1.625,4.75,2.5,5.875],"tintindex":0,"rotation":0,"texture":"#0"}},"rotation":{"origin":[9.5,6.643154,5.5911083],"angle":-22.5,"axis":"x"}},{"from":[4.38749,1.6431541,4.4785986],"to":[4.38749,10.643154,11.478599],"faces":{"east":{"uv":[3.625,5.625,4.5,6.75],"tintindex":0,"rotation":0,"texture":"#0"},"west":{"uv":[4.625,5.625,5.5,6.75],"tintindex":0,"rotation":0,"texture":"#0"}}},{"from":[8.8,7.8155384,4.453598],"to":[10.8,9.515537,4.453598],"faces":{"south":{"uv":[3.625,5.125,3.875,5.375],"tintindex":0,"rotation":0,"texture":"#0"},"north":{"uv":[3.625,4.75,3.875,5.0],"tintindex":0,"rotation":0,"texture":"#0"}}},{"from":[4.3,9.408432,3.353598],"to":[7.3,9.408432,4.3535986],"faces":{"up":{"uv":[9.875,7.0,9.5,6.875],"tintindex":0,"rotation":0,"texture":"#0"},"down":{"uv":[9.875,7.125,9.5,7.25],"tintindex":0,"rotation":0,"texture":"#0"}},"rotation":{"origin":[6.8,8.208431,4.3535986],"angle":22.5,"axis":"x"}},{"from":[11.612511,1.6431541,4.4785986],"to":[11.612511,10.643154,11.478599],"faces":{"east":{"uv":[0.0,5.625,0.875,6.75],"tintindex":0,"rotation":0,"texture":"#0"},"west":{"uv":[5.625,0.0,6.5,1.125],"tintindex":0,"rotation":0,"texture":"#0"}}},{"from":[9.2,8.108431,4.3535986],"to":[10.0,9.108431,4.3535986],"faces":{"south":{"uv":[7.375,4.375,7.5,4.5],"tintindex":0,"rotation":0,"texture":"#0"},"north":{"uv":[6.375,5.375,6.5,5.5],"tintindex":0,"rotation":0,"texture":"#0"}}},{"from":[5.2,7.8155384,4.453598],"to":[7.2,9.515537,4.453598],"faces":{"south":{"uv":[4.25,9.375,4.5,9.625],"tintindex":0,"rotation":0,"texture":"#0"},"north":{"uv":[8.125,9.125,8.375,9.375],"tintindex":0,"rotation":0,"texture":"#0"}}},{"from":[4.0680976,3.7200537,4.4785986],"to":[4.0680976,11.720053,11.478599],"faces":{"east":{"uv":[6.375,2.375,7.25,3.375],"tintindex":0,"rotation":0,"texture":"#0"},"west":{"uv":[6.375,3.5,7.25,4.5],"tintindex":0,"rotation":0,"texture":"#0"}},"rotation":{"origin":[3.1680975,10.020054,7.978598],"angle":-22.5,"axis":"z"}}],"display":{"gui":{"rotation":[-150.0,-45.0,180.0]}}}