{"textures":{"0":"modelengine:entity/nocsy_spooky_chibi_witch","particle":"#0"},"elements":[{"from":[4.0,7.5,6.5],"to":[8.0,9.5,9.5],"faces":{"east":{"uv":[1.5,9.375,1.875,9.625],"tintindex":0,"rotation":0,"texture":"#0"},"south":{"uv":[3.0,6.5,3.5,6.75],"tintindex":0,"rotation":0,"texture":"#0"},"north":{"uv":[1.0,5.625,1.5,5.875],"tintindex":0,"rotation":0,"texture":"#0"},"west":{"uv":[2.0,9.375,2.375,9.625],"tintindex":0,"rotation":0,"texture":"#0"},"up":{"uv":[3.5,6.375,3.0,6.0],"tintindex":0,"rotation":0,"texture":"#0"},"down":{"uv":[9.625,2.0,9.125,2.375],"tintindex":0,"rotation":0,"texture":"#0"}}}],"display":{"gui":{"rotation":[-150.0,-45.0,180.0]}}}