{"textures":{"0":"modelengine:entity/nocsy_spooky_chibi_witch","particle":"#0"},"elements":[{"from":[8.0,7.5,6.5],"to":[12.0,9.5,9.5],"faces":{"east":{"uv":[2.5,9.375,2.875,9.625],"tintindex":0,"rotation":0,"texture":"#0"},"south":{"uv":[9.125,5.875,9.625,6.125],"tintindex":0,"rotation":0,"texture":"#0"},"north":{"uv":[9.125,3.75,9.625,4.0],"tintindex":0,"rotation":0,"texture":"#0"},"west":{"uv":[3.75,9.375,4.125,9.625],"tintindex":0,"rotation":0,"texture":"#0"},"up":{"uv":[9.625,3.625,9.125,3.25],"tintindex":0,"rotation":0,"texture":"#0"},"down":{"uv":[9.625,5.375,9.125,5.75],"tintindex":0,"rotation":0,"texture":"#0"}}}],"display":{"gui":{"rotation":[-150.0,-45.0,180.0]}}}