{"textures":{"0":"modelengine:entity/tofnocsy_phoenix_baby","particle":"#0"},"elements":[{"from":[5.5,7.5,5.5],"to":[10.5,12.5,10.5],"faces":{"east":{"uv":[4.125,2.0,4.75,2.625],"tintindex":0,"rotation":0,"texture":"#0"},"south":{"uv":[4.375,3.875,5.0,4.5],"tintindex":0,"rotation":0,"texture":"#0"},"north":{"uv":[4.125,0.0,4.75,0.625],"tintindex":0,"rotation":0,"texture":"#0"},"west":{"uv":[4.375,4.625,5.0,5.25],"tintindex":0,"rotation":0,"texture":"#0"},"up":{"uv":[5.375,1.375,4.75,0.75],"tintindex":0,"rotation":0,"texture":"#0"},"down":{"uv":[2.875,4.75,2.25,5.375],"tintindex":0,"rotation":0,"texture":"#0"}}},{"from":[8.0,7.5,5.5],"to":[8.0,13.5,14.5],"faces":{"east":{"uv":[2.25,3.875,3.375,4.625],"tintindex":0,"rotation":0,"texture":"#0"},"west":{"uv":[3.875,3.0,5.0,3.75],"tintindex":0,"rotation":0,"texture":"#0"}}},{"from":[7.5,7.5,3.5],"to":[8.5,8.5,7.5],"faces":{"east":{"uv":[4.125,2.75,4.625,2.875],"tintindex":0,"rotation":0,"texture":"#0"},"south":{"uv":[6.125,6.25,6.25,6.375],"tintindex":0,"rotation":0,"texture":"#0"},"north":{"uv":[5.5,1.25,5.625,1.375],"tintindex":0,"rotation":0,"texture":"#0"},"west":{"uv":[6.0,1.0,6.5,1.125],"tintindex":0,"rotation":0,"texture":"#0"},"up":{"uv":[4.5,6.5,4.375,6.0],"tintindex":0,"rotation":0,"texture":"#0"},"down":{"uv":[4.75,6.0,4.625,6.5],"tintindex":0,"rotation":0,"texture":"#0"}},"rotation":{"origin":[8.0,8.0,5.0],"angle":-22.5,"axis":"x"}},{"from":[6.5,15.037123,5.5014234],"to":[9.5,15.037123,8.501423],"faces":{"up":{"uv":[1.875,6.125,1.5,5.75],"tintindex":0,"rotation":0,"texture":"#0"},"down":{"uv":[6.125,2.75,5.75,3.125],"tintindex":0,"rotation":0,"texture":"#0"}},"rotation":{"origin":[8.0,14.537123,8.001423],"angle":-22.5,"axis":"x"}},{"from":[6.5,8.0,4.5],"to":[9.5,8.0,7.5],"faces":{"up":{"uv":[6.125,0.375,5.75,0.0],"tintindex":0,"rotation":0,"texture":"#0"},"down":{"uv":[6.125,1.25,5.75,1.625],"tintindex":0,"rotation":0,"texture":"#0"}},"rotation":{"origin":[8.0,8.0,5.0],"angle":-22.5,"axis":"x"}},{"from":[7.5,9.266407,4.35299],"to":[8.5,12.266407,4.35299],"faces":{"south":{"uv":[6.25,0.0,6.375,0.375],"tintindex":0,"rotation":0,"texture":"#0"},"north":{"uv":[5.625,6.125,5.75,6.5],"tintindex":0,"rotation":0,"texture":"#0"}},"rotation":{"origin":[8.0,11.766407,6.85299],"angle":-22.5,"axis":"x"}},{"from":[7.0,10.124629,5.118357],"to":[9.0,13.124628,5.118357],"faces":{"south":{"uv":[2.625,5.5,2.875,5.875],"tintindex":0,"rotation":0,"texture":"#0"},"north":{"uv":[0.5,5.5,0.75,5.875],"tintindex":0,"rotation":0,"texture":"#0"}},"rotation":{"origin":[8.0,12.624628,7.618357],"angle":22.5,"axis":"x"}},{"from":[5.5,14.271755,7.889613],"to":[10.5,14.271755,12.889613],"faces":{"up":{"uv":[3.875,1.875,3.25,1.25],"tintindex":0,"rotation":0,"texture":"#0"},"down":{"uv":[4.625,1.25,4.0,1.875],"tintindex":0,"rotation":0,"texture":"#0"}},"rotation":{"origin":[8.0,13.771755,10.389613],"angle":22.5,"axis":"x"}}],"display":{"gui":{"rotation":[-150.0,-45.0,180.0]}}}