{"textures":{"0":"modelengine:entity/tofnocsy_phoenix_baby","particle":"#0"},"elements":[{"from":[7.0,2.0,7.0],"to":[9.0,5.0,9.0],"faces":{"east":{"uv":[3.0,5.875,3.25,6.25],"tintindex":0,"rotation":0,"texture":"#0"},"south":{"uv":[5.875,5.25,6.125,5.625],"tintindex":0,"rotation":0,"texture":"#0"},"north":{"uv":[0.875,5.875,1.125,6.25],"tintindex":0,"rotation":0,"texture":"#0"},"west":{"uv":[5.875,5.75,6.125,6.125],"tintindex":0,"rotation":0,"texture":"#0"},"up":{"uv":[1.125,5.0,0.875,4.75],"tintindex":0,"rotation":0,"texture":"#0"},"down":{"uv":[0.25,6.125,0.0,6.375],"tintindex":0,"rotation":0,"texture":"#0"}}},{"from":[6.75,2.0,5.0],"to":[7.75,3.0,7.0],"faces":{"east":{"uv":[6.25,1.25,6.5,1.375],"tintindex":0,"rotation":0,"texture":"#0"},"south":{"uv":[6.375,0.75,6.5,0.875],"tintindex":0,"rotation":0,"texture":"#0"},"north":{"uv":[6.375,0.5,6.5,0.625],"tintindex":0,"rotation":0,"texture":"#0"},"west":{"uv":[1.5,6.25,1.75,6.375],"tintindex":0,"rotation":0,"texture":"#0"},"up":{"uv":[5.875,2.0,5.75,1.75],"tintindex":0,"rotation":0,"texture":"#0"},"down":{"uv":[6.375,2.75,6.25,3.0],"tintindex":0,"rotation":0,"texture":"#0"}},"rotation":{"origin":[7.25,2.5,6.0],"angle":22.5,"axis":"y"}},{"from":[8.25,2.0,5.0],"to":[9.25,3.0,7.0],"faces":{"east":{"uv":[6.25,1.5,6.5,1.625],"tintindex":0,"rotation":0,"texture":"#0"},"south":{"uv":[6.375,1.75,6.5,1.875],"tintindex":0,"rotation":0,"texture":"#0"},"north":{"uv":[0.875,6.375,1.0,6.5],"tintindex":0,"rotation":0,"texture":"#0"},"west":{"uv":[6.25,3.125,6.5,3.25],"tintindex":0,"rotation":0,"texture":"#0"},"up":{"uv":[6.375,3.625,6.25,3.375],"tintindex":0,"rotation":0,"texture":"#0"},"down":{"uv":[6.375,3.75,6.25,4.0],"tintindex":0,"rotation":0,"texture":"#0"}},"rotation":{"origin":[8.75,2.5,6.0],"angle":-22.5,"axis":"y"}},{"from":[6.5,5.0,6.5],"to":[9.5,9.0,9.5],"faces":{"east":{"uv":[0.0,5.5,0.375,6.0],"tintindex":0,"rotation":0,"texture":"#0"},"south":{"uv":[5.5,0.625,5.875,1.125],"tintindex":0,"rotation":0,"texture":"#0"},"north":{"uv":[4.375,5.375,4.75,5.875],"tintindex":0,"rotation":0,"texture":"#0"},"west":{"uv":[2.125,5.5,2.5,6.0],"tintindex":0,"rotation":0,"texture":"#0"},"up":{"uv":[6.125,3.625,5.75,3.25],"tintindex":0,"rotation":0,"texture":"#0"},"down":{"uv":[6.125,3.75,5.75,4.125],"tintindex":0,"rotation":0,"texture":"#0"}}},{"from":[8.0,2.0,9.0],"to":[9.0,3.0,10.0],"faces":{"east":{"uv":[6.375,2.25,6.5,2.375],"tintindex":0,"rotation":0,"texture":"#0"},"south":{"uv":[6.375,2.5,6.5,2.625],"tintindex":0,"rotation":0,"texture":"#0"},"north":{"uv":[6.375,2.0,6.5,2.125],"tintindex":0,"rotation":0,"texture":"#0"},"west":{"uv":[2.875,6.375,3.0,6.5],"tintindex":0,"rotation":0,"texture":"#0"},"up":{"uv":[3.25,6.5,3.125,6.375],"tintindex":0,"rotation":0,"texture":"#0"},"down":{"uv":[4.125,6.375,4.0,6.5],"tintindex":0,"rotation":0,"texture":"#0"}}}],"display":{"gui":{"rotation":[-150.0,-45.0,180.0]}}}