{"textures":{"0":"modelengine:entity/tofnocsy_phoenix_baby","particle":"#0"},"elements":[{"from":[7.0,2.0,9.0],"to":[8.0,3.0,10.0],"faces":{"east":{"uv":[0.5,6.5,0.625,6.625],"tintindex":0,"rotation":0,"texture":"#0"},"south":{"uv":[1.5,6.5,1.625,6.625],"tintindex":0,"rotation":0,"texture":"#0"},"north":{"uv":[6.5,0.25,6.625,0.375],"tintindex":0,"rotation":0,"texture":"#0"},"west":{"uv":[1.75,6.5,1.875,6.625],"tintindex":0,"rotation":0,"texture":"#0"},"up":{"uv":[2.125,6.625,2.0,6.5],"tintindex":0,"rotation":0,"texture":"#0"},"down":{"uv":[6.625,2.75,6.5,2.875],"tintindex":0,"rotation":0,"texture":"#0"}}},{"from":[6.5,5.0,6.5],"to":[9.5,9.0,9.5],"faces":{"east":{"uv":[3.625,5.5,4.0,6.0],"tintindex":0,"rotation":0,"texture":"#0"},"south":{"uv":[4.875,5.5,5.25,6.0],"tintindex":0,"rotation":0,"texture":"#0"},"north":{"uv":[5.5,2.125,5.875,2.625],"tintindex":0,"rotation":0,"texture":"#0"},"west":{"uv":[5.375,5.5,5.75,6.0],"tintindex":0,"rotation":0,"texture":"#0"},"up":{"uv":[6.125,4.625,5.75,4.25],"tintindex":0,"rotation":0,"texture":"#0"},"down":{"uv":[6.125,4.75,5.75,5.125],"tintindex":0,"rotation":0,"texture":"#0"}}},{"from":[8.25,2.0,5.0],"to":[9.25,3.0,7.0],"faces":{"east":{"uv":[6.25,4.125,6.5,4.25],"tintindex":0,"rotation":0,"texture":"#0"},"south":{"uv":[0.0,6.5,0.125,6.625],"tintindex":0,"rotation":0,"texture":"#0"},"north":{"uv":[6.375,6.25,6.5,6.375],"tintindex":0,"rotation":0,"texture":"#0"},"west":{"uv":[6.25,4.375,6.5,4.5],"tintindex":0,"rotation":0,"texture":"#0"},"up":{"uv":[6.375,4.875,6.25,4.625],"tintindex":0,"rotation":0,"texture":"#0"},"down":{"uv":[6.375,5.0,6.25,5.25],"tintindex":0,"rotation":0,"texture":"#0"}},"rotation":{"origin":[8.75,2.5,6.0],"angle":-22.5,"axis":"y"}},{"from":[6.75,2.0,5.0],"to":[7.75,3.0,7.0],"faces":{"east":{"uv":[6.25,5.375,6.5,5.5],"tintindex":0,"rotation":0,"texture":"#0"},"south":{"uv":[0.25,6.5,0.375,6.625],"tintindex":0,"rotation":0,"texture":"#0"},"north":{"uv":[6.5,0.0,6.625,0.125],"tintindex":0,"rotation":0,"texture":"#0"},"west":{"uv":[6.25,5.625,6.5,5.75],"tintindex":0,"rotation":0,"texture":"#0"},"up":{"uv":[6.0,6.5,5.875,6.25],"tintindex":0,"rotation":0,"texture":"#0"},"down":{"uv":[6.375,5.875,6.25,6.125],"tintindex":0,"rotation":0,"texture":"#0"}},"rotation":{"origin":[7.25,2.5,6.0],"angle":22.5,"axis":"y"}},{"from":[7.0,2.0,7.0],"to":[9.0,5.0,9.0],"faces":{"east":{"uv":[6.0,0.5,6.25,0.875],"tintindex":0,"rotation":0,"texture":"#0"},"south":{"uv":[6.0,1.75,6.25,2.125],"tintindex":0,"rotation":0,"texture":"#0"},"north":{"uv":[0.5,6.0,0.75,6.375],"tintindex":0,"rotation":0,"texture":"#0"},"west":{"uv":[6.0,2.25,6.25,2.625],"tintindex":0,"rotation":0,"texture":"#0"},"up":{"uv":[2.25,6.375,2.0,6.125],"tintindex":0,"rotation":0,"texture":"#0"},"down":{"uv":[3.875,6.125,3.625,6.375],"tintindex":0,"rotation":0,"texture":"#0"}}}],"display":{"gui":{"rotation":[-150.0,-45.0,180.0]}}}