{"textures":{"0":"modelengine:entity/tofnocsy_phoenix_baby","particle":"#0"},"elements":[{"from":[6.0,6.410532,7.766039],"to":[10.0,9.410532,11.766039],"faces":{"east":{"uv":[5.125,3.5,5.625,3.875],"tintindex":0,"rotation":0,"texture":"#0"},"south":{"uv":[5.125,4.0,5.625,4.375],"tintindex":0,"rotation":0,"texture":"#0"},"north":{"uv":[4.125,0.75,4.625,1.125],"tintindex":0,"rotation":0,"texture":"#0"},"west":{"uv":[5.125,4.5,5.625,4.875],"tintindex":0,"rotation":0,"texture":"#0"},"up":{"uv":[2.0,5.625,1.5,5.125],"tintindex":0,"rotation":0,"texture":"#0"},"down":{"uv":[5.625,2.875,5.125,3.375],"tintindex":0,"rotation":0,"texture":"#0"}}},{"from":[3.0,8.410532,8.766039],"to":[13.0,8.410532,15.766039],"faces":{"up":{"uv":[1.25,2.875,0.0,2.0],"tintindex":0,"rotation":0,"texture":"#0"},"down":{"uv":[2.625,2.0,1.375,2.875],"tintindex":0,"rotation":0,"texture":"#0"}}}],"display":{"gui":{"rotation":[-150.0,-45.0,180.0]}}}