{"textures":{"0":"modelengine:entity/tofnocsy_phoenix_baby","particle":"#0"},"elements":[{"from":[7.5,3.0,7.0],"to":[7.5,10.0,19.0],"faces":{"east":{"uv":[0.0,0.0,1.5,0.875],"tintindex":0,"rotation":0,"texture":"#0"},"west":{"uv":[0.0,1.0,1.5,1.875],"tintindex":0,"rotation":0,"texture":"#0"}}},{"from":[7.0,5.0,8.0],"to":[8.0,9.0,14.0],"faces":{"east":{"uv":[3.0,4.75,3.75,5.25],"tintindex":0,"rotation":0,"texture":"#0"},"south":{"uv":[4.875,6.125,5.0,6.625],"tintindex":0,"rotation":0,"texture":"#0"},"north":{"uv":[2.375,6.125,2.5,6.625],"tintindex":0,"rotation":0,"texture":"#0"},"west":{"uv":[0.0,4.875,0.75,5.375],"tintindex":0,"rotation":0,"texture":"#0"},"up":{"uv":[4.25,6.25,4.125,5.5],"tintindex":0,"rotation":0,"texture":"#0"},"down":{"uv":[1.375,5.875,1.25,6.625],"tintindex":0,"rotation":0,"texture":"#0"}}}],"display":{"gui":{"rotation":[-150.0,-45.0,180.0]}}}