{"textures":{"0":"modelengine:entity/tofnocsy_phoenix_baby","particle":"#0"},"elements":[{"from":[8.0,5.0,8.0],"to":[9.0,9.0,14.0],"faces":{"east":{"uv":[4.875,0.0,5.625,0.5],"tintindex":0,"rotation":0,"texture":"#0"},"south":{"uv":[5.375,6.125,5.5,6.625],"tintindex":0,"rotation":0,"texture":"#0"},"north":{"uv":[5.125,6.125,5.25,6.625],"tintindex":0,"rotation":0,"texture":"#0"},"west":{"uv":[4.875,1.5,5.625,2.0],"tintindex":0,"rotation":0,"texture":"#0"},"up":{"uv":[3.5,6.625,3.375,5.875],"tintindex":0,"rotation":0,"texture":"#0"},"down":{"uv":[2.75,6.0,2.625,6.75],"tintindex":0,"rotation":0,"texture":"#0"}}},{"from":[8.5,3.0,7.0],"to":[8.5,10.0,19.0],"faces":{"east":{"uv":[1.625,0.0,3.125,0.875],"tintindex":0,"rotation":0,"texture":"#0"},"west":{"uv":[1.625,1.0,3.125,1.875],"tintindex":0,"rotation":0,"texture":"#0"}}}],"display":{"gui":{"rotation":[-150.0,-45.0,180.0]}}}