{"overrides":[{"predicate":{"custom_model_data":1},"model":"modelengine:internal_fire/fire_0"},{"predicate":{"custom_model_data":2},"model":"modelengine:internal_fire/fire_1"},{"predicate":{"custom_model_data":3},"model":"modelengine:nocsy_otter_v2/body"},{"predicate":{"custom_model_data":4},"model":"modelengine:nocsy_otter_v2/tail"},{"predicate":{"custom_model_data":5},"model":"modelengine:nocsy_otter_v2/head"},{"predicate":{"custom_model_data":6},"model":"modelengine:nocsy_otter_v2/back_leg_left"},{"predicate":{"custom_model_data":7},"model":"modelengine:nocsy_otter_v2/front_leg_left"},{"predicate":{"custom_model_data":8},"model":"modelengine:nocsy_otter_v2/back_leg_right"},{"predicate":{"custom_model_data":9},"model":"modelengine:nocsy_otter_v2/front_leg_right"}],"parent":"minecraft:item/generated","textures":{"layer0":"minecraft:item/leather_horse_armor"}}