{"overrides":[{"predicate":{"custom_model_data":1},"model":"modelengine:internal_fire/fire_0"},{"predicate":{"custom_model_data":2},"model":"modelengine:internal_fire/fire_1"},{"predicate":{"custom_model_data":3},"model":"modelengine:nocsy_otter_v2/body"},{"predicate":{"custom_model_data":4},"model":"modelengine:nocsy_otter_v2/tail"},{"predicate":{"custom_model_data":5},"model":"modelengine:nocsy_otter_v2/head"},{"predicate":{"custom_model_data":6},"model":"modelengine:nocsy_otter_v2/back_leg_left"},{"predicate":{"custom_model_data":7},"model":"modelengine:nocsy_otter_v2/front_leg_left"},{"predicate":{"custom_model_data":8},"model":"modelengine:nocsy_otter_v2/back_leg_right"},{"predicate":{"custom_model_data":9},"model":"modelengine:nocsy_otter_v2/front_leg_right"},{"predicate":{"custom_model_data":10},"model":"modelengine:toffy_dark_mage_lvl2/body"},{"predicate":{"custom_model_data":11},"model":"modelengine:toffy_dark_mage_lvl2/head"},{"predicate":{"custom_model_data":12},"model":"modelengine:toffy_dark_mage_lvl2/robe_right"},{"predicate":{"custom_model_data":13},"model":"modelengine:toffy_dark_mage_lvl2/cape"},{"predicate":{"custom_model_data":14},"model":"modelengine:toffy_dark_mage_lvl2/robe_left"},{"predicate":{"custom_model_data":15},"model":"modelengine:toffy_dark_mage_lvl2/hat"},{"predicate":{"custom_model_data":16},"model":"modelengine:toffy_dark_mage_lvl2/scarf"},{"predicate":{"custom_model_data":17},"model":"modelengine:toffy_dark_mage_lvl2/cape_end"},{"predicate":{"custom_model_data":18},"model":"modelengine:toffy_dark_mage_lvl2/scarf_end"}],"parent":"minecraft:item/generated","textures":{"layer0":"minecraft:item/leather_horse_armor"}}