{"overrides":[{"predicate":{"custom_model_data":1},"model":"modelengine:internal_fire/fire_0"},{"predicate":{"custom_model_data":2},"model":"modelengine:internal_fire/fire_1"},{"predicate":{"custom_model_data":3},"model":"modelengine:nocsy_otter_v2/body"},{"predicate":{"custom_model_data":4},"model":"modelengine:nocsy_otter_v2/tail"},{"predicate":{"custom_model_data":5},"model":"modelengine:nocsy_otter_v2/head"},{"predicate":{"custom_model_data":6},"model":"modelengine:nocsy_otter_v2/back_leg_left"},{"predicate":{"custom_model_data":7},"model":"modelengine:nocsy_otter_v2/front_leg_left"},{"predicate":{"custom_model_data":8},"model":"modelengine:nocsy_otter_v2/back_leg_right"},{"predicate":{"custom_model_data":9},"model":"modelengine:nocsy_otter_v2/front_leg_right"},{"predicate":{"custom_model_data":10},"model":"modelengine:toffy_dark_mage_lvl2/body"},{"predicate":{"custom_model_data":11},"model":"modelengine:toffy_dark_mage_lvl2/head"},{"predicate":{"custom_model_data":12},"model":"modelengine:toffy_dark_mage_lvl2/robe_right"},{"predicate":{"custom_model_data":13},"model":"modelengine:toffy_dark_mage_lvl2/cape"},{"predicate":{"custom_model_data":14},"model":"modelengine:toffy_dark_mage_lvl2/robe_left"},{"predicate":{"custom_model_data":15},"model":"modelengine:toffy_dark_mage_lvl2/hat"},{"predicate":{"custom_model_data":16},"model":"modelengine:toffy_dark_mage_lvl2/scarf"},{"predicate":{"custom_model_data":17},"model":"modelengine:toffy_dark_mage_lvl2/cape_end"},{"predicate":{"custom_model_data":18},"model":"modelengine:toffy_dark_mage_lvl2/scarf_end"},{"predicate":{"custom_model_data":19},"model":"modelengine:toffy_toy_bone/bone"},{"predicate":{"custom_model_data":20},"model":"modelengine:toffy_yarn/body"},{"predicate":{"custom_model_data":21},"model":"modelengine:nocsy_corgi/head"},{"predicate":{"custom_model_data":22},"model":"modelengine:nocsy_corgi/mouth"},{"predicate":{"custom_model_data":23},"model":"modelengine:nocsy_corgi/left_ear"},{"predicate":{"custom_model_data":24},"model":"modelengine:nocsy_corgi/right_ear"},{"predicate":{"custom_model_data":25},"model":"modelengine:nocsy_corgi/left_leg"},{"predicate":{"custom_model_data":26},"model":"modelengine:nocsy_corgi/left_arm"},{"predicate":{"custom_model_data":27},"model":"modelengine:nocsy_corgi/right_arm"},{"predicate":{"custom_model_data":28},"model":"modelengine:nocsy_corgi/body_fur"},{"predicate":{"custom_model_data":29},"model":"modelengine:nocsy_corgi/right_leg"},{"predicate":{"custom_model_data":30},"model":"modelengine:nocsy_corgi/bone"},{"predicate":{"custom_model_data":31},"model":"modelengine:nocsy_corgi/tongue"},{"predicate":{"custom_model_data":32},"model":"modelengine:nocsy_magic_cat/body"},{"predicate":{"custom_model_data":33},"model":"modelengine:nocsy_magic_cat/head"},{"predicate":{"custom_model_data":34},"model":"modelengine:nocsy_magic_cat/head_eyes_closed"},{"predicate":{"custom_model_data":35},"model":"modelengine:nocsy_magic_cat/front_leg_left"},{"predicate":{"custom_model_data":36},"model":"modelengine:nocsy_magic_cat/back_leg_left"},{"predicate":{"custom_model_data":37},"model":"modelengine:nocsy_magic_cat/back_leg_right"},{"predicate":{"custom_model_data":38},"model":"modelengine:nocsy_magic_cat/front_leg_right"},{"predicate":{"custom_model_data":39},"model":"modelengine:nocsy_magic_cat/ears"},{"predicate":{"custom_model_data":40},"model":"modelengine:nocsy_magic_cat/witch_hat"},{"predicate":{"custom_model_data":41},"model":"modelengine:nocsy_magic_cat/ears2"},{"predicate":{"custom_model_data":42},"model":"modelengine:nocsy_magic_cat/witch_hat_sleep"},{"predicate":{"custom_model_data":43},"model":"modelengine:nocsy_magic_cat/front_foot_left"},{"predicate":{"custom_model_data":44},"model":"modelengine:nocsy_magic_cat/tail"},{"predicate":{"custom_model_data":45},"model":"modelengine:nocsy_magic_cat/back_foot_left"},{"predicate":{"custom_model_data":46},"model":"modelengine:nocsy_magic_cat/back_foot_right"},{"predicate":{"custom_model_data":47},"model":"modelengine:nocsy_magic_cat/front_foot_right"},{"predicate":{"custom_model_data":48},"model":"modelengine:nocsy_magic_cat/tail_half"},{"predicate":{"custom_model_data":49},"model":"modelengine:nocsy_magic_cat/tail_end"},{"predicate":{"custom_model_data":50},"model":"modelengine:tofnocsy_husky/body"},{"predicate":{"custom_model_data":51},"model":"modelengine:tofnocsy_husky/front_leg_left"},{"predicate":{"custom_model_data":52},"model":"modelengine:tofnocsy_husky/back_leg_left"},{"predicate":{"custom_model_data":53},"model":"modelengine:tofnocsy_husky/front_leg_right"},{"predicate":{"custom_model_data":54},"model":"modelengine:tofnocsy_husky/tail"},{"predicate":{"custom_model_data":55},"model":"modelengine:tofnocsy_husky/neck"},{"predicate":{"custom_model_data":56},"model":"modelengine:tofnocsy_husky/back_leg_right"},{"predicate":{"custom_model_data":57},"model":"modelengine:tofnocsy_husky/front_foot_left"},{"predicate":{"custom_model_data":58},"model":"modelengine:tofnocsy_husky/back_foot_left"},{"predicate":{"custom_model_data":59},"model":"modelengine:tofnocsy_husky/front_foot_right"},{"predicate":{"custom_model_data":60},"model":"modelengine:tofnocsy_husky/head"},{"predicate":{"custom_model_data":61},"model":"modelengine:tofnocsy_husky/back_foot_right"},{"predicate":{"custom_model_data":62},"model":"modelengine:tofnocsy_husky/ears"},{"predicate":{"custom_model_data":63},"model":"modelengine:hoppy_ascendant/leg_left"},{"predicate":{"custom_model_data":64},"model":"modelengine:hoppy_ascendant/body"},{"predicate":{"custom_model_data":65},"model":"modelengine:hoppy_ascendant/leg_right"},{"predicate":{"custom_model_data":66},"model":"modelengine:hoppy_ascendant/foot_left"},{"predicate":{"custom_model_data":67},"model":"modelengine:hoppy_ascendant/arm_left"},{"predicate":{"custom_model_data":68},"model":"modelengine:hoppy_ascendant/arm_right"},{"predicate":{"custom_model_data":69},"model":"modelengine:hoppy_ascendant/tail"},{"predicate":{"custom_model_data":70},"model":"modelengine:hoppy_ascendant/tail2"},{"predicate":{"custom_model_data":71},"model":"modelengine:hoppy_ascendant/head"},{"predicate":{"custom_model_data":72},"model":"modelengine:hoppy_ascendant/foot_right"},{"predicate":{"custom_model_data":73},"model":"modelengine:hoppy_ascendant/tail_end"},{"predicate":{"custom_model_data":74},"model":"modelengine:hoppy_ascendant/tail_end2"},{"predicate":{"custom_model_data":75},"model":"modelengine:hoppy_ascendant/ear_right"},{"predicate":{"custom_model_data":76},"model":"modelengine:hoppy_ascendant/ear_left"},{"predicate":{"custom_model_data":77},"model":"modelengine:mushroom_ascendant/leg_left"},{"predicate":{"custom_model_data":78},"model":"modelengine:mushroom_ascendant/leg_right"},{"predicate":{"custom_model_data":79},"model":"modelengine:mushroom_ascendant/torso"},{"predicate":{"custom_model_data":80},"model":"modelengine:mushroom_ascendant/head"},{"predicate":{"custom_model_data":81},"model":"modelengine:mushroom_ascendant/mush3"},{"predicate":{"custom_model_data":82},"model":"modelengine:mushroom_ascendant/drape_left"},{"predicate":{"custom_model_data":83},"model":"modelengine:mushroom_ascendant/mush"},{"predicate":{"custom_model_data":84},"model":"modelengine:mushroom_ascendant/arm_left"},{"predicate":{"custom_model_data":85},"model":"modelengine:mushroom_ascendant/arm_right"},{"predicate":{"custom_model_data":86},"model":"modelengine:mushroom_ascendant/drape_right"},{"predicate":{"custom_model_data":87},"model":"modelengine:mushroom_ascendant/mush2"},{"predicate":{"custom_model_data":88},"model":"modelengine:mushroom_ascendant/forearm_left"},{"predicate":{"custom_model_data":89},"model":"modelengine:mushroom_ascendant/forearm_right"},{"predicate":{"custom_model_data":90},"model":"modelengine:volcano_lizard_ascendant/leg_front_right"},{"predicate":{"custom_model_data":91},"model":"modelengine:volcano_lizard_ascendant/torso"},{"predicate":{"custom_model_data":92},"model":"modelengine:volcano_lizard_ascendant/leg_back_left"},{"predicate":{"custom_model_data":93},"model":"modelengine:volcano_lizard_ascendant/leg_front_left"},{"predicate":{"custom_model_data":94},"model":"modelengine:volcano_lizard_ascendant/leg_back_right"},{"predicate":{"custom_model_data":95},"model":"modelengine:volcano_lizard_ascendant/tibia_front_right"},{"predicate":{"custom_model_data":96},"model":"modelengine:volcano_lizard_ascendant/horn_middle3"},{"predicate":{"custom_model_data":97},"model":"modelengine:volcano_lizard_ascendant/torso_low"},{"predicate":{"custom_model_data":98},"model":"modelengine:volcano_lizard_ascendant/horn_middle5"},{"predicate":{"custom_model_data":99},"model":"modelengine:volcano_lizard_ascendant/neck"},{"predicate":{"custom_model_data":100},"model":"modelengine:volcano_lizard_ascendant/tibia_back_left"},{"predicate":{"custom_model_data":101},"model":"modelengine:volcano_lizard_ascendant/tibia_front_left"},{"predicate":{"custom_model_data":102},"model":"modelengine:volcano_lizard_ascendant/tibia_back_right"},{"predicate":{"custom_model_data":103},"model":"modelengine:volcano_lizard_ascendant/horn_middle6"},{"predicate":{"custom_model_data":104},"model":"modelengine:volcano_lizard_ascendant/horn_middle2"},{"predicate":{"custom_model_data":105},"model":"modelengine:volcano_lizard_ascendant/tail"},{"predicate":{"custom_model_data":106},"model":"modelengine:volcano_lizard_ascendant/horn_middle4"},{"predicate":{"custom_model_data":107},"model":"modelengine:volcano_lizard_ascendant/head"},{"predicate":{"custom_model_data":108},"model":"modelengine:volcano_lizard_ascendant/tail_end"},{"predicate":{"custom_model_data":109},"model":"modelengine:volcano_lizard_ascendant/jaw"},{"predicate":{"custom_model_data":110},"model":"modelengine:volcano_lizard_ascendant/horn_left"},{"predicate":{"custom_model_data":111},"model":"modelengine:volcano_lizard_ascendant/horn_right"},{"predicate":{"custom_model_data":112},"model":"modelengine:volcano_lizard_ascendant/horn_middle"}],"parent":"minecraft:item/generated","textures":{"layer0":"minecraft:item/leather_horse_armor"}}