{"textures":{"0":"modelengine:entity/toffy_dark_mage_lvl2","particle":"#0"},"elements":[{"from":[3.0,8.0,3.0],"to":[13.0,9.0,13.0],"faces":{"east":{"uv":[9.625,4.5,10.875,4.625],"tintindex":0,"rotation":0,"texture":"#0"},"south":{"uv":[9.625,8.375,10.875,8.5],"tintindex":0,"rotation":0,"texture":"#0"},"north":{"uv":[9.25,5.625,10.5,5.75],"tintindex":0,"rotation":0,"texture":"#0"},"west":{"uv":[0.0,9.75,1.25,9.875],"tintindex":0,"rotation":0,"texture":"#0"},"up":{"uv":[6.625,3.0,5.375,1.75],"tintindex":0,"rotation":0,"texture":"#0"},"down":{"uv":[6.625,3.125,5.375,4.375],"tintindex":0,"rotation":0,"texture":"#0"}}},{"from":[11.0,9.0,11.0],"to":[11.0,17.0,19.0],"faces":{"east":{"uv":[6.5,7.25,7.5,8.25],"tintindex":0,"rotation":0,"texture":"#0"},"west":{"uv":[2.375,7.375,3.375,8.375],"tintindex":0,"rotation":0,"texture":"#0"}},"rotation":{"origin":[11.0,13.0,11.0],"angle":22.5,"axis":"y"}},{"from":[-3.0,8.0,-3.0],"to":[19.0,8.0,19.0],"faces":{"up":{"uv":[2.75,2.75,0.0,0.0],"tintindex":0,"rotation":0,"texture":"#0"},"down":{"uv":[2.75,2.875,0.0,5.625],"tintindex":0,"rotation":0,"texture":"#0"}}},{"from":[7.0,21.25,6.75],"to":[9.0,26.25,8.75],"faces":{"east":{"uv":[3.125,8.5,3.375,9.125],"tintindex":0,"rotation":0,"texture":"#0"},"south":{"uv":[9.0,9.625,9.25,10.25],"tintindex":0,"rotation":0,"texture":"#0"},"north":{"uv":[3.5,7.375,3.75,8.0],"tintindex":0,"rotation":0,"texture":"#0"},"west":{"uv":[9.75,0.0,10.0,0.625],"tintindex":0,"rotation":0,"texture":"#0"},"up":{"uv":[10.25,8.875,10.0,8.625],"tintindex":0,"rotation":0,"texture":"#0"},"down":{"uv":[10.25,9.0,10.0,9.25],"tintindex":0,"rotation":0,"texture":"#0"}},"rotation":{"origin":[8.0,20.5,8.0],"angle":22.5,"axis":"x"}},{"from":[4.975,9.0,5.0],"to":[11.025,16.0,11.0],"faces":{"east":{"uv":[4.5,8.25,5.25,9.125],"tintindex":0,"rotation":0,"texture":"#0"},"south":{"uv":[8.375,4.875,9.125,5.75],"tintindex":0,"rotation":0,"texture":"#0"},"north":{"uv":[4.5,1.75,5.25,2.625],"tintindex":0,"rotation":0,"texture":"#0"},"west":{"uv":[5.375,8.375,6.125,9.25],"tintindex":0,"rotation":0,"texture":"#0"},"up":{"uv":[0.75,9.625,0.0,8.875],"tintindex":0,"rotation":0,"texture":"#0"},"down":{"uv":[1.625,8.875,0.875,9.625],"tintindex":0,"rotation":0,"texture":"#0"}}},{"from":[6.0,16.0,6.0],"to":[10.0,22.0,10.0],"faces":{"east":{"uv":[2.375,9.375,2.875,10.125],"tintindex":0,"rotation":0,"texture":"#0"},"south":{"uv":[5.375,9.375,5.875,10.125],"tintindex":0,"rotation":0,"texture":"#0"},"north":{"uv":[1.75,9.375,2.25,10.125],"tintindex":0,"rotation":0,"texture":"#0"},"west":{"uv":[9.375,8.625,9.875,9.375],"tintindex":0,"rotation":0,"texture":"#0"},"up":{"uv":[10.125,8.25,9.625,7.75],"tintindex":0,"rotation":0,"texture":"#0"},"down":{"uv":[8.875,9.625,8.375,10.125],"tintindex":0,"rotation":0,"texture":"#0"}}}],"display":{"gui":{"rotation":[-150.0,-45.0,180.0]}}}