{"textures":{"0":"modelengine:entity/toffy_dark_mage_lvl2","particle":"#0"},"elements":[{"from":[6.0,7.0,10.0],"to":[10.0,13.0,11.0],"faces":{"east":{"uv":[5.0,9.75,5.125,10.5],"tintindex":0,"rotation":0,"texture":"#0"},"south":{"uv":[9.25,4.75,9.75,5.5],"tintindex":0,"rotation":0,"texture":"#0"},"north":{"uv":[7.0,9.0,7.5,9.75],"tintindex":0,"rotation":0,"texture":"#0"},"west":{"uv":[9.875,4.75,10.0,5.5],"tintindex":0,"rotation":0,"texture":"#0"},"up":{"uv":[10.5,6.0,10.0,5.875],"tintindex":0,"rotation":0,"texture":"#0"},"down":{"uv":[10.5,6.125,10.0,6.25],"tintindex":0,"rotation":0,"texture":"#0"}}},{"from":[7.0,9.0,7.0],"to":[9.0,11.0,9.0],"faces":{"east":{"uv":[7.25,6.75,7.5,7.0],"tintindex":0,"rotation":0,"texture":"#0"},"south":{"uv":[8.875,7.375,9.125,7.625],"tintindex":0,"rotation":0,"texture":"#0"},"north":{"uv":[2.5,5.75,2.75,6.0],"tintindex":0,"rotation":0,"texture":"#0"},"west":{"uv":[9.25,7.375,9.5,7.625],"tintindex":0,"rotation":0,"texture":"#0"},"up":{"uv":[0.75,10.25,0.5,10.0],"tintindex":0,"rotation":0,"texture":"#0"},"down":{"uv":[1.125,10.0,0.875,10.25],"tintindex":0,"rotation":0,"texture":"#0"}}},{"from":[10.0,7.0,5.0],"to":[11.0,13.0,11.0],"faces":{"east":{"uv":[2.25,8.5,3.0,9.25],"tintindex":0,"rotation":0,"texture":"#0"},"south":{"uv":[1.375,9.75,1.5,10.5],"tintindex":0,"rotation":0,"texture":"#0"},"north":{"uv":[6.0,9.375,6.125,10.125],"tintindex":0,"rotation":0,"texture":"#0"},"west":{"uv":[7.625,8.75,8.375,9.5],"tintindex":0,"rotation":0,"texture":"#0"},"up":{"uv":[3.625,10.5,3.5,9.75],"tintindex":0,"rotation":0,"texture":"#0"},"down":{"uv":[3.875,9.75,3.75,10.5],"tintindex":0,"rotation":0,"texture":"#0"}}},{"from":[5.0,7.0,5.0],"to":[6.0,13.0,11.0],"faces":{"east":{"uv":[8.75,7.75,9.5,8.5],"tintindex":0,"rotation":0,"texture":"#0"},"south":{"uv":[4.25,9.75,4.375,10.5],"tintindex":0,"rotation":0,"texture":"#0"},"north":{"uv":[4.0,9.75,4.125,10.5],"tintindex":0,"rotation":0,"texture":"#0"},"west":{"uv":[8.5,8.75,9.25,9.5],"tintindex":0,"rotation":0,"texture":"#0"},"up":{"uv":[4.625,10.5,4.5,9.75],"tintindex":0,"rotation":0,"texture":"#0"},"down":{"uv":[4.875,9.75,4.75,10.5],"tintindex":0,"rotation":0,"texture":"#0"}}}],"display":{"gui":{"rotation":[-150.0,-45.0,180.0]}}}