{"textures":{"0":"modelengine:entity/toffy_dark_mage_lvl2","particle":"#0"},"elements":[{"from":[2.4854403,-6.4145975,4.0],"to":[11.48544,6.5854025,12.0],"faces":{"east":{"uv":[4.125,4.5,5.125,6.125],"tintindex":0,"rotation":0,"texture":"#0"},"south":{"uv":[2.875,4.5,4.0,6.125],"tintindex":0,"rotation":0,"texture":"#0"},"north":{"uv":[4.5,0.0,5.625,1.625],"tintindex":0,"rotation":0,"texture":"#0"},"west":{"uv":[5.25,4.5,6.25,6.125],"tintindex":0,"rotation":0,"texture":"#0"},"up":{"uv":[7.5,5.5,6.375,4.5],"tintindex":0,"rotation":0,"texture":"#0"},"down":{"uv":[7.875,0.0,6.75,1.0],"tintindex":0,"rotation":0,"texture":"#0"}},"rotation":{"origin":[8.0,8.0,8.0],"angle":-22.5,"axis":"z"}}],"display":{"gui":{"rotation":[-150.0,-45.0,180.0]}}}