{"textures":{"0":"modelengine:entity/toffy_dark_mage_lvl2","particle":"#0"},"elements":[{"from":[4.5145597,-6.4145975,4.5],"to":[13.51456,6.5854025,11.5],"faces":{"east":{"uv":[0.0,5.75,0.875,7.375],"tintindex":0,"rotation":0,"texture":"#0"},"south":{"uv":[4.125,2.75,5.25,4.375],"tintindex":0,"rotation":0,"texture":"#0"},"north":{"uv":[2.875,2.75,4.0,4.375],"tintindex":0,"rotation":0,"texture":"#0"},"west":{"uv":[5.75,0.0,6.625,1.625],"tintindex":0,"rotation":0,"texture":"#0"},"up":{"uv":[8.75,4.75,7.625,3.875],"tintindex":0,"rotation":0,"texture":"#0"},"down":{"uv":[8.75,6.75,7.625,7.625],"tintindex":0,"rotation":0,"texture":"#0"}},"rotation":{"origin":[8.0,8.0,8.0],"angle":22.5,"axis":"z"}}],"display":{"gui":{"rotation":[-150.0,-45.0,180.0]}}}