{"textures":{"0":"modelengine:entity/nocsy_chibi_magma_monster","particle":"#0"},"elements":[{"from":[5.0,6.0,6.0],"to":[11.0,10.0,10.0],"faces":{"east":{"uv":[5.0,8.375,4.5,8.875],"tintindex":0,"rotation":0,"texture":"#0"},"south":{"uv":[8.5,0.0,7.75,0.5],"tintindex":0,"rotation":0,"texture":"#0"},"north":{"uv":[0.75,7.75,0.0,8.25],"tintindex":0,"rotation":0,"texture":"#0"},"west":{"uv":[4.375,8.375,3.875,8.875],"tintindex":0,"rotation":0,"texture":"#0"},"up":{"uv":[2.875,8.25,3.625,7.75],"tintindex":0,"rotation":0,"texture":"#0"},"down":{"uv":[3.75,7.75,4.5,8.25],"tintindex":0,"rotation":0,"texture":"#0"}}}],"display":{"gui":{"rotation":[-150.0,-45.0,180.0]}}}