{"textures":{"0":"modelengine:entity/nocsy_chibi_magma_monster","particle":"#0"},"elements":[{"from":[6.9899855,7.301285,5.101818],"to":[8.989985,10.301285,7.101818],"faces":{"east":{"uv":[9.25,9.375,9.0,9.75],"tintindex":0,"rotation":0,"texture":"#0"},"south":{"uv":[8.0,9.375,7.75,9.75],"tintindex":0,"rotation":0,"texture":"#0"},"north":{"uv":[7.25,9.375,7.0,9.75],"tintindex":0,"rotation":0,"texture":"#0"},"west":{"uv":[7.625,9.375,7.375,9.75],"tintindex":0,"rotation":0,"texture":"#0"},"up":{"uv":[0.0,10.0,0.25,9.75],"tintindex":0,"rotation":0,"texture":"#0"},"down":{"uv":[9.75,1.625,10.0,1.875],"tintindex":0,"rotation":0,"texture":"#0"}},"rotation":{"origin":[8.004019,9.64604,5.426399],"angle":-45.0,"axis":"x"}},{"from":[7.0146284,7.048374,3.8434353],"to":[9.014628,9.048374,6.8434353],"faces":{"east":{"uv":[9.875,0.0,9.5,0.25],"tintindex":0,"rotation":0,"texture":"#0"},"south":{"uv":[3.0,9.75,2.75,10.0],"tintindex":0,"rotation":0,"texture":"#0"},"north":{"uv":[2.625,9.75,2.375,10.0],"tintindex":0,"rotation":0,"texture":"#0"},"west":{"uv":[9.75,9.375,9.375,9.625],"tintindex":0,"rotation":0,"texture":"#0"},"up":{"uv":[2.0,9.875,2.25,9.5],"tintindex":0,"rotation":0,"texture":"#0"},"down":{"uv":[9.5,2.625,9.75,3.0],"tintindex":0,"rotation":0,"texture":"#0"}}},{"from":[6.995386,5.3194675,4.4514933],"to":[8.995386,7.3194675,7.4514933],"faces":{"east":{"uv":[9.625,8.5,9.25,8.75],"tintindex":0,"rotation":0,"texture":"#0"},"south":{"uv":[9.875,8.875,9.625,9.125],"tintindex":0,"rotation":0,"texture":"#0"},"north":{"uv":[8.375,9.625,8.125,9.875],"tintindex":0,"rotation":0,"texture":"#0"},"west":{"uv":[8.5,9.25,8.125,9.5],"tintindex":0,"rotation":0,"texture":"#0"},"up":{"uv":[8.625,9.625,8.875,9.25],"tintindex":0,"rotation":0,"texture":"#0"},"down":{"uv":[9.25,8.875,9.5,9.25],"tintindex":0,"rotation":0,"texture":"#0"}},"rotation":{"origin":[7.997326,6.6183405,5.925586],"angle":-45.0,"axis":"x"}}],"display":{"gui":{"rotation":[-150.0,-45.0,180.0]}}}