{"textures":{"0":"modelengine:entity/nocsy_chibi_magma_monster","particle":"#0"},"elements":[{"from":[6.5,5.5,6.5],"to":[9.5,10.5,9.5],"faces":{"east":{"uv":[9.375,0.0,9.0,0.625],"tintindex":0,"rotation":0,"texture":"#0"},"south":{"uv":[0.375,9.0,0.0,9.625],"tintindex":0,"rotation":0,"texture":"#0"},"north":{"uv":[9.125,1.875,8.75,2.5],"tintindex":0,"rotation":0,"texture":"#0"},"west":{"uv":[9.125,8.5,8.75,9.125],"tintindex":0,"rotation":0,"texture":"#0"},"up":{"uv":[9.0,7.875,9.375,7.5],"tintindex":0,"rotation":0,"texture":"#0"},"down":{"uv":[9.0,8.0,9.375,8.375],"tintindex":0,"rotation":0,"texture":"#0"}}}],"display":{"gui":{"rotation":[-150.0,-45.0,180.0]}}}