{"textures":{"0":"modelengine:entity/nocsy_chibi_magma_monster","particle":"#0"},"elements":[{"from":[5.0,6.0,6.0],"to":[11.0,10.0,10.0],"faces":{"east":{"uv":[3.875,8.375,4.375,8.875],"tintindex":0,"rotation":0,"texture":"#0"},"south":{"uv":[7.75,0.0,8.5,0.5],"tintindex":0,"rotation":0,"texture":"#0"},"north":{"uv":[0.0,7.75,0.75,8.25],"tintindex":0,"rotation":0,"texture":"#0"},"west":{"uv":[4.5,8.375,5.0,8.875],"tintindex":0,"rotation":0,"texture":"#0"},"up":{"uv":[3.625,8.25,2.875,7.75],"tintindex":0,"rotation":0,"texture":"#0"},"down":{"uv":[4.5,7.75,3.75,8.25],"tintindex":0,"rotation":0,"texture":"#0"}}}],"display":{"gui":{"rotation":[-150.0,-45.0,180.0]}}}