{"textures":{"0":"modelengine:entity/nocsy_chibi_magma_monster","particle":"#0"},"elements":[{"from":[6.9853716,7.048374,3.8434353],"to":[8.985372,9.048374,6.8434353],"faces":{"east":{"uv":[9.375,9.375,9.75,9.625],"tintindex":0,"rotation":0,"texture":"#0"},"south":{"uv":[2.75,9.75,3.0,10.0],"tintindex":0,"rotation":0,"texture":"#0"},"north":{"uv":[2.375,9.75,2.625,10.0],"tintindex":0,"rotation":0,"texture":"#0"},"west":{"uv":[9.5,0.0,9.875,0.25],"tintindex":0,"rotation":0,"texture":"#0"},"up":{"uv":[2.25,9.875,2.0,9.5],"tintindex":0,"rotation":0,"texture":"#0"},"down":{"uv":[9.75,2.625,9.5,3.0],"tintindex":0,"rotation":0,"texture":"#0"}}},{"from":[7.0046144,5.3194675,4.4514933],"to":[9.004614,7.3194675,7.4514933],"faces":{"east":{"uv":[8.125,9.25,8.5,9.5],"tintindex":0,"rotation":0,"texture":"#0"},"south":{"uv":[9.625,8.875,9.875,9.125],"tintindex":0,"rotation":0,"texture":"#0"},"north":{"uv":[8.125,9.625,8.375,9.875],"tintindex":0,"rotation":0,"texture":"#0"},"west":{"uv":[9.25,8.5,9.625,8.75],"tintindex":0,"rotation":0,"texture":"#0"},"up":{"uv":[8.875,9.625,8.625,9.25],"tintindex":0,"rotation":0,"texture":"#0"},"down":{"uv":[9.5,8.875,9.25,9.25],"tintindex":0,"rotation":0,"texture":"#0"}},"rotation":{"origin":[8.002674,6.6183405,5.925586],"angle":-45.0,"axis":"x"}},{"from":[7.0100145,7.301285,5.101818],"to":[9.010015,10.301285,7.101818],"faces":{"east":{"uv":[7.375,9.375,7.625,9.75],"tintindex":0,"rotation":0,"texture":"#0"},"south":{"uv":[7.75,9.375,8.0,9.75],"tintindex":0,"rotation":0,"texture":"#0"},"north":{"uv":[7.0,9.375,7.25,9.75],"tintindex":0,"rotation":0,"texture":"#0"},"west":{"uv":[9.0,9.375,9.25,9.75],"tintindex":0,"rotation":0,"texture":"#0"},"up":{"uv":[0.25,10.0,0.0,9.75],"tintindex":0,"rotation":0,"texture":"#0"},"down":{"uv":[10.0,1.625,9.75,1.875],"tintindex":0,"rotation":0,"texture":"#0"}},"rotation":{"origin":[7.9959807,9.64604,5.426399],"angle":-45.0,"axis":"x"}}],"display":{"gui":{"rotation":[-150.0,-45.0,180.0]}}}