{"textures":{"0":"modelengine:entity/nocsy_chibi_magma_monster","particle":"#0"},"elements":[{"from":[4.5,4.2720394,2.2075243],"to":[11.5,10.272039,15.207524],"faces":{"east":{"uv":[2.25,1.0,3.875,1.75],"tintindex":0,"rotation":0,"texture":"#0"},"south":{"uv":[5.875,3.25,6.75,4.0],"tintindex":0,"rotation":0,"texture":"#0"},"north":{"uv":[0.0,5.875,0.875,6.625],"tintindex":0,"rotation":0,"texture":"#0"},"west":{"uv":[2.0,3.0,3.625,3.75],"tintindex":0,"rotation":0,"texture":"#0"},"up":{"uv":[0.875,3.625,0.0,2.0],"tintindex":0,"rotation":0,"texture":"#0"},"down":{"uv":[1.875,2.0,1.0,3.625],"tintindex":0,"rotation":0,"texture":"#0"}}},{"from":[7.5,1.9720392,9.307524],"to":[11.5,7.972039,18.307524],"faces":{"east":{"uv":[3.625,4.375,4.75,5.125],"tintindex":0,"rotation":0,"texture":"#0"},"south":{"uv":[3.5,6.875,4.0,7.625],"tintindex":0,"rotation":0,"texture":"#0"},"north":{"uv":[6.875,3.25,7.375,4.0],"tintindex":0,"rotation":0,"texture":"#0"},"west":{"uv":[4.875,4.375,6.0,5.125],"tintindex":0,"rotation":0,"texture":"#0"},"up":{"uv":[6.0,7.75,5.5,6.625],"tintindex":0,"rotation":0,"texture":"#0"},"down":{"uv":[6.625,6.625,6.125,7.75],"tintindex":0,"rotation":0,"texture":"#0"}},"rotation":{"origin":[8.0,9.272039,8.707524],"angle":-45.0,"axis":"x"}},{"from":[8.5,6.2720394,2.2075243],"to":[12.5,10.272039,18.207523],"faces":{"east":{"uv":[3.625,1.875,5.625,2.375],"tintindex":0,"rotation":0,"texture":"#0"},"south":{"uv":[0.0,8.375,0.5,8.875],"tintindex":0,"rotation":0,"texture":"#0"},"north":{"uv":[4.125,6.875,4.625,7.375],"tintindex":0,"rotation":0,"texture":"#0"},"west":{"uv":[3.75,2.5,5.75,3.0],"tintindex":0,"rotation":0,"texture":"#0"},"up":{"uv":[0.5,5.75,0.0,3.75],"tintindex":0,"rotation":0,"texture":"#0"},"down":{"uv":[1.125,3.75,0.625,5.75],"tintindex":0,"rotation":0,"texture":"#0"}},"rotation":{"origin":[8.0,7.2720394,8.707524],"angle":22.5,"axis":"y"}},{"from":[3.5,6.2720394,2.2075243],"to":[7.5,10.272039,18.207523],"faces":{"east":{"uv":[3.75,3.125,5.75,3.625],"tintindex":0,"rotation":0,"texture":"#0"},"south":{"uv":[2.625,8.375,3.125,8.875],"tintindex":0,"rotation":0,"texture":"#0"},"north":{"uv":[8.375,0.625,8.875,1.125],"tintindex":0,"rotation":0,"texture":"#0"},"west":{"uv":[3.75,3.75,5.75,4.25],"tintindex":0,"rotation":0,"texture":"#0"},"up":{"uv":[1.75,5.75,1.25,3.75],"tintindex":0,"rotation":0,"texture":"#0"},"down":{"uv":[2.375,3.875,1.875,5.875],"tintindex":0,"rotation":0,"texture":"#0"}},"rotation":{"origin":[8.0,7.2720394,8.707524],"angle":-22.5,"axis":"y"}},{"from":[4.51,1.9820392,9.317524],"to":[8.49,8.962039,21.297523],"faces":{"east":{"uv":[2.0,2.0,3.5,2.875],"tintindex":0,"rotation":0,"texture":"#0"},"south":{"uv":[6.75,6.625,7.25,7.5],"tintindex":0,"rotation":0,"texture":"#0"},"north":{"uv":[2.875,6.75,3.375,7.625],"tintindex":0,"rotation":0,"texture":"#0"},"west":{"uv":[2.25,0.0,3.75,0.875],"tintindex":0,"rotation":0,"texture":"#0"},"up":{"uv":[4.0,6.75,3.5,5.25],"tintindex":0,"rotation":0,"texture":"#0"},"down":{"uv":[4.625,5.25,4.125,6.75],"tintindex":0,"rotation":0,"texture":"#0"}},"rotation":{"origin":[8.0,9.272039,8.707524],"angle":-45.0,"axis":"x"}}],"display":{"gui":{"rotation":[-150.0,-45.0,180.0]}}}