{"textures":{"0":"modelengine:entity/nocsy_chibi_magma_monster","particle":"#0"},"elements":[{"from":[5.0,6.0,6.0],"to":[11.0,10.0,10.0],"faces":{"east":{"uv":[8.875,3.25,8.375,3.75],"tintindex":0,"rotation":0,"texture":"#0"},"south":{"uv":[8.125,6.875,7.375,7.375],"tintindex":0,"rotation":0,"texture":"#0"},"north":{"uv":[8.125,6.25,7.375,6.75],"tintindex":0,"rotation":0,"texture":"#0"},"west":{"uv":[3.75,8.375,3.25,8.875],"tintindex":0,"rotation":0,"texture":"#0"},"up":{"uv":[7.5,3.75,8.25,3.25],"tintindex":0,"rotation":0,"texture":"#0"},"down":{"uv":[7.375,7.5,8.125,8.0],"tintindex":0,"rotation":0,"texture":"#0"}}}],"display":{"gui":{"rotation":[-150.0,-45.0,180.0]}}}