{"textures":{"0":"modelengine:entity/nocsy_chibi_magma_monster","particle":"#0"},"elements":[{"from":[6.5,5.5,6.5],"to":[9.5,10.5,9.5],"faces":{"east":{"uv":[8.25,8.5,8.625,9.125],"tintindex":0,"rotation":0,"texture":"#0"},"south":{"uv":[7.125,8.625,7.5,9.25],"tintindex":0,"rotation":0,"texture":"#0"},"north":{"uv":[6.625,8.5,7.0,9.125],"tintindex":0,"rotation":0,"texture":"#0"},"west":{"uv":[7.625,8.625,8.0,9.25],"tintindex":0,"rotation":0,"texture":"#0"},"up":{"uv":[1.5,7.625,1.125,7.25],"tintindex":0,"rotation":0,"texture":"#0"},"down":{"uv":[9.375,7.0,9.0,7.375],"tintindex":0,"rotation":0,"texture":"#0"}}}],"display":{"gui":{"rotation":[-150.0,-45.0,180.0]}}}