{"textures":{"0":"modelengine:entity/nocsy_chibi_magma_monster","particle":"#0"},"elements":[{"from":[5.0,6.0,6.0],"to":[11.0,10.0,10.0],"faces":{"east":{"uv":[3.25,8.375,3.75,8.875],"tintindex":0,"rotation":0,"texture":"#0"},"south":{"uv":[7.375,6.875,8.125,7.375],"tintindex":0,"rotation":0,"texture":"#0"},"north":{"uv":[7.375,6.25,8.125,6.75],"tintindex":0,"rotation":0,"texture":"#0"},"west":{"uv":[8.375,3.25,8.875,3.75],"tintindex":0,"rotation":0,"texture":"#0"},"up":{"uv":[8.25,3.75,7.5,3.25],"tintindex":0,"rotation":0,"texture":"#0"},"down":{"uv":[8.125,7.5,7.375,8.0],"tintindex":0,"rotation":0,"texture":"#0"}}}],"display":{"gui":{"rotation":[-150.0,-45.0,180.0]}}}