{"textures":{"0":"modelengine:entity/nocsy_chibi_magma_monster","particle":"#0"},"elements":[{"from":[7.0,8.5,4.5],"to":[9.0,10.5,7.5],"faces":{"east":{"uv":[9.125,5.375,9.5,5.625],"tintindex":0,"rotation":0,"texture":"#0"},"south":{"uv":[9.625,6.625,9.875,6.875],"tintindex":0,"rotation":0,"texture":"#0"},"north":{"uv":[9.625,6.25,9.875,6.5],"tintindex":0,"rotation":0,"texture":"#0"},"west":{"uv":[9.25,1.75,9.625,2.0],"tintindex":0,"rotation":0,"texture":"#0"},"up":{"uv":[9.5,2.5,9.25,2.125],"tintindex":0,"rotation":0,"texture":"#0"},"down":{"uv":[6.875,9.25,6.625,9.625],"tintindex":0,"rotation":0,"texture":"#0"}}},{"from":[7.0,5.5,4.5],"to":[9.0,7.5,7.5],"faces":{"east":{"uv":[7.75,0.625,8.125,0.875],"tintindex":0,"rotation":0,"texture":"#0"},"south":{"uv":[9.625,5.875,9.875,6.125],"tintindex":0,"rotation":0,"texture":"#0"},"north":{"uv":[7.0,6.25,7.25,6.5],"tintindex":0,"rotation":0,"texture":"#0"},"west":{"uv":[2.0,9.125,2.375,9.375],"tintindex":0,"rotation":0,"texture":"#0"},"up":{"uv":[8.875,0.375,8.625,0.0],"tintindex":0,"rotation":0,"texture":"#0"},"down":{"uv":[6.5,9.0,6.25,9.375],"tintindex":0,"rotation":0,"texture":"#0"}}}],"display":{"gui":{"rotation":[-150.0,-45.0,180.0]}}}