{"textures":{"0":"modelengine:entity/nocsy_chibi_magma_monster","particle":"#0"},"elements":[{"from":[9.031872,5.575,6.631326],"to":[14.031872,9.575,6.631326],"faces":{"south":{"uv":[10.25,6.0,10.875,6.5],"tintindex":0,"rotation":0,"texture":"#0"},"north":{"uv":[10.875,6.0,10.25,6.5],"tintindex":0,"rotation":0,"texture":"#0"}},"rotation":{"origin":[12.331872,7.575,6.731326],"angle":-45.0,"axis":"y"}},{"from":[1.168128,5.7749996,6.731326],"to":[6.168128,9.775,6.731326],"faces":{"south":{"uv":[8.875,6.0,8.25,6.5],"tintindex":0,"rotation":0,"texture":"#0"},"north":{"uv":[8.25,6.0,8.875,6.5],"tintindex":0,"rotation":0,"texture":"#0"}},"rotation":{"origin":[3.668128,7.575,6.731326],"angle":45.0,"axis":"y"}},{"from":[4.1422644,5.8749995,4.175],"to":[12.142264,10.875,12.175],"faces":{"east":{"uv":[5.875,5.875,6.875,6.5],"tintindex":0,"rotation":0,"texture":"#0"},"south":{"uv":[1.0,6.0,2.0,6.625],"tintindex":0,"rotation":0,"texture":"#0"},"north":{"uv":[4.75,5.875,5.75,6.5],"tintindex":0,"rotation":0,"texture":"#0"},"west":{"uv":[2.125,6.0,3.125,6.625],"tintindex":0,"rotation":0,"texture":"#0"},"up":{"uv":[3.5,4.875,2.5,3.875],"tintindex":0,"rotation":0,"texture":"#0"},"down":{"uv":[5.0,0.0,4.0,1.0],"tintindex":0,"rotation":0,"texture":"#0"}},"rotation":{"origin":[8.142264,6.5983825,8.376192],"angle":45.0,"axis":"y"}},{"from":[7.01,9.848626,12.886541],"to":[11.99,12.828626,20.86654],"faces":{"east":{"uv":[7.25,1.0,8.25,1.375],"tintindex":0,"rotation":0,"texture":"#0"},"south":{"uv":[5.875,8.5,6.5,8.875],"tintindex":0,"rotation":0,"texture":"#0"},"north":{"uv":[5.125,8.5,5.75,8.875],"tintindex":0,"rotation":0,"texture":"#0"},"west":{"uv":[7.375,1.5,8.375,1.875],"tintindex":0,"rotation":0,"texture":"#0"},"up":{"uv":[6.75,5.125,6.125,4.125],"tintindex":0,"rotation":0,"texture":"#0"},"down":{"uv":[5.375,6.625,4.75,7.625],"tintindex":0,"rotation":0,"texture":"#0"}},"rotation":{"origin":[8.0,10.338626,15.376541],"angle":-45.0,"axis":"x"}},{"from":[3.8687356,8.886,4.1860003],"to":[15.846736,11.864,8.1640005],"faces":{"east":{"uv":[5.0,9.0,5.5,9.375],"tintindex":0,"rotation":0,"texture":"#0"},"south":{"uv":[0.0,6.75,1.5,7.125],"tintindex":0,"rotation":0,"texture":"#0"},"north":{"uv":[6.375,5.25,7.875,5.625],"tintindex":0,"rotation":0,"texture":"#0"},"west":{"uv":[5.625,9.0,6.125,9.375],"tintindex":0,"rotation":0,"texture":"#0"},"up":{"uv":[7.125,1.5,5.625,1.0],"tintindex":0,"rotation":0,"texture":"#0"},"down":{"uv":[7.25,1.625,5.75,2.125],"tintindex":0,"rotation":0,"texture":"#0"}},"rotation":{"origin":[7.8577356,6.5983825,8.376192],"angle":-45.0,"axis":"y"}},{"from":[4.0,5.8749995,8.775],"to":[12.0,8.875,23.775002],"faces":{"east":{"uv":[5.875,2.25,7.75,2.625],"tintindex":0,"rotation":0,"texture":"#0"},"south":{"uv":[6.875,4.625,7.875,5.0],"tintindex":0,"rotation":0,"texture":"#0"},"north":{"uv":[6.875,4.125,7.875,4.5],"tintindex":0,"rotation":0,"texture":"#0"},"west":{"uv":[5.875,2.75,7.75,3.125],"tintindex":0,"rotation":0,"texture":"#0"},"up":{"uv":[1.0,1.875,0.0,0.0],"tintindex":0,"rotation":0,"texture":"#0"},"down":{"uv":[2.125,0.0,1.125,1.875],"tintindex":0,"rotation":0,"texture":"#0"}},"rotation":{"origin":[8.0,6.5983825,8.376192],"angle":-22.5,"axis":"x"}},{"from":[1.9681282,5.575,6.631326],"to":[6.968128,9.575,6.631326],"faces":{"south":{"uv":[10.875,6.0,10.25,6.5],"tintindex":0,"rotation":0,"texture":"#0"},"north":{"uv":[10.25,6.0,10.875,6.5],"tintindex":0,"rotation":0,"texture":"#0"}},"rotation":{"origin":[3.668128,7.575,6.731326],"angle":45.0,"axis":"y"}},{"from":[4.01,11.848626,10.886541],"to":[7.99,14.828626,18.86654],"faces":{"east":{"uv":[7.0,5.75,8.0,6.125],"tintindex":0,"rotation":0,"texture":"#0"},"south":{"uv":[9.0,6.5,9.5,6.875],"tintindex":0,"rotation":0,"texture":"#0"},"north":{"uv":[9.0,6.0,9.5,6.375],"tintindex":0,"rotation":0,"texture":"#0"},"west":{"uv":[0.0,7.25,1.0,7.625],"tintindex":0,"rotation":0,"texture":"#0"},"up":{"uv":[2.125,7.75,1.625,6.75],"tintindex":0,"rotation":0,"texture":"#0"},"down":{"uv":[2.75,6.75,2.25,7.75],"tintindex":0,"rotation":0,"texture":"#0"}},"rotation":{"origin":[8.0,10.338626,15.376541],"angle":-45.0,"axis":"x"}},{"from":[0.15226437,8.885,4.1850004],"to":[12.132264,11.865,8.165],"faces":{"east":{"uv":[9.0,0.75,9.5,1.125],"tintindex":0,"rotation":0,"texture":"#0"},"south":{"uv":[6.125,0.5,7.625,0.875],"tintindex":0,"rotation":0,"texture":"#0"},"north":{"uv":[6.125,0.0,7.625,0.375],"tintindex":0,"rotation":0,"texture":"#0"},"west":{"uv":[9.0,4.875,9.5,5.25],"tintindex":0,"rotation":0,"texture":"#0"},"up":{"uv":[5.5,1.625,4.0,1.125],"tintindex":0,"rotation":0,"texture":"#0"},"down":{"uv":[6.25,5.25,4.75,5.75],"tintindex":0,"rotation":0,"texture":"#0"}},"rotation":{"origin":[8.142264,6.5983825,8.376192],"angle":45.0,"axis":"y"}},{"from":[9.831872,5.7749996,6.731326],"to":[14.831872,9.775,6.731326],"faces":{"south":{"uv":[8.25,6.0,8.875,6.5],"tintindex":0,"rotation":0,"texture":"#0"},"north":{"uv":[8.875,6.0,8.25,6.5],"tintindex":0,"rotation":0,"texture":"#0"}},"rotation":{"origin":[12.331872,7.575,6.731326],"angle":-45.0,"axis":"y"}}],"display":{"gui":{"rotation":[-150.0,-45.0,180.0]}}}