{"textures":{"0":"modelengine:entity/nocsy_chibi_magma_monster","particle":"#0"},"elements":[{"from":[4.316314,6.2999997,4.5999994],"to":[11.316315,9.299999,11.6],"faces":{"east":{"uv":[8.0,5.0,8.875,5.375],"tintindex":0,"rotation":0,"texture":"#0"},"south":{"uv":[8.125,5.5,9.0,5.875],"tintindex":0,"rotation":0,"texture":"#0"},"north":{"uv":[8.0,4.5,8.875,4.875],"tintindex":0,"rotation":0,"texture":"#0"},"west":{"uv":[7.25,8.125,8.125,8.5],"tintindex":0,"rotation":0,"texture":"#0"},"up":{"uv":[3.375,5.875,2.5,5.0],"tintindex":0,"rotation":0,"texture":"#0"},"down":{"uv":[6.0,0.0,5.125,0.875],"tintindex":0,"rotation":0,"texture":"#0"}},"rotation":{"origin":[7.816314,9.576617,7.8988075],"angle":45.0,"axis":"y"}}],"display":{"gui":{"rotation":[-150.0,-45.0,180.0]}}}