{
	"credit": "Made with Blockbench",
	"parent": "nocsy_magic_cat_icon",
	"texture_size": [64, 64],
	"textures": {
		"3": "modelengine:entity/nocsy/nocsy_magic_cat_icon",
		"particle": "modelengine:entity/nocsy/nocsy_magic_cat_icon"
	},
	"elements": [
		{
			"from": [5, 2.61263, 4.43395],
			"to": [11, 8.61263, 10.43395],
			"rotation": {"angle": 0, "axis": "y", "origin": [8, -6.48737, 13.43395]},
			"faces": {
				"north": {"uv": [5.25, 4, 6.75, 5.5], "texture": "#3"},
				"east": {"uv": [5.25, 5.75, 6.75, 7.25], "texture": "#3"},
				"south": {"uv": [0, 6.5, 1.5, 8], "texture": "#3"},
				"west": {"uv": [1.75, 6.5, 3.25, 8], "texture": "#3"},
				"up": {"uv": [5, 8, 3.5, 6.5], "texture": "#3"},
				"down": {"uv": [8.5, 0, 7, 1.5], "texture": "#3"}
			}
		},
		{
			"from": [5.525, 5.73763, 4.30895],
			"to": [5.925, 6.13763, 4.30895],
			"rotation": {"angle": 0, "axis": "y", "origin": [5.975, 5.58763, 4.33395]},
			"faces": {
				"north": {"uv": [12.75, 4.5, 13, 4.75], "texture": "#3"},
				"east": {"uv": [9.75, 10.25, 9.75, 10.5], "texture": "#3"},
				"south": {"uv": [5.5, 12.75, 5.75, 13], "texture": "#3"},
				"west": {"uv": [1, 10.5, 1, 10.75], "texture": "#3"},
				"up": {"uv": [8.5, 7.25, 8.25, 7.25], "texture": "#3"},
				"down": {"uv": [9, 7.25, 8.75, 7.25], "texture": "#3"}
			}
		},
		{
			"from": [4.975, 4.61263, 4.35895],
			"to": [6.775, 6.41263, 4.35895],
			"rotation": {"angle": 0, "axis": "y", "origin": [8, -6.68737, 13.43395]},
			"faces": {
				"north": {"uv": [5.75, 9.75, 6.25, 10.25], "texture": "#3"},
				"east": {"uv": [8.5, 12.75, 8.5, 13.25], "texture": "#3"},
				"south": {"uv": [12, 1.25, 12.5, 1.75], "texture": "#3"},
				"west": {"uv": [4.25, 13, 4.25, 13.5], "texture": "#3"},
				"up": {"uv": [10.5, 7, 10, 7], "texture": "#3"},
				"down": {"uv": [11.25, 7, 10.75, 7], "texture": "#3"}
			}
		},
		{
			"from": [5.625, 4.73763, 4.33395],
			"to": [6.625, 6.03763, 4.33395],
			"rotation": {"angle": 0, "axis": "y", "origin": [5.975, 5.58763, 4.33395]},
			"faces": {
				"north": {"uv": [6, 12.75, 6.25, 13], "texture": "#3"},
				"east": {"uv": [9.5, 11.25, 9.5, 11.5], "texture": "#3"},
				"south": {"uv": [12.75, 7, 13, 7.25], "texture": "#3"},
				"west": {"uv": [2.5, 13.25, 2.5, 13.5], "texture": "#3"},
				"up": {"uv": [9.75, 5, 9.5, 5], "texture": "#3"},
				"down": {"uv": [5.75, 11, 5.5, 11], "texture": "#3"}
			}
		},
		{
			"from": [4.95, 6.15694, 4.1963],
			"to": [6.875, 7.15694, 4.1963],
			"rotation": {"angle": 22.5, "axis": "x", "origin": [5.9495, 6.45694, 4.6463]},
			"faces": {
				"north": {"uv": [12.25, 9.25, 12.75, 9.5], "texture": "#3"},
				"east": {"uv": [2.75, 13.25, 2.75, 13.5], "texture": "#3"},
				"south": {"uv": [12.25, 9.75, 12.75, 10], "texture": "#3"},
				"west": {"uv": [3, 13.25, 3, 13.5], "texture": "#3"},
				"up": {"uv": [12, 7, 11.5, 7], "texture": "#3"},
				"down": {"uv": [12.75, 10.25, 12.25, 10.25], "texture": "#3"}
			}
		},
		{
			"from": [4.95, 6.15694, 4.1953],
			"to": [4.95, 7.15694, 5.1953],
			"rotation": {"angle": 22.5, "axis": "x", "origin": [5.9495, 6.45694, 4.6463]},
			"faces": {
				"north": {"uv": [3.25, 13.25, 3.25, 13.5], "texture": "#3"},
				"east": {"uv": [7.5, 12.75, 7.75, 13], "texture": "#3"},
				"south": {"uv": [3.5, 13.25, 3.5, 13.5], "texture": "#3"},
				"west": {"uv": [12.75, 7.5, 13, 7.75], "texture": "#3"},
				"up": {"uv": [13.25, 4, 13.25, 3.75], "texture": "#3"},
				"down": {"uv": [13.25, 4.25, 13.25, 4.5], "texture": "#3"}
			}
		},
		{
			"from": [6.874, 6.15694, 4.1963],
			"to": [6.874, 7.15694, 5.1963],
			"rotation": {"angle": 22.5, "axis": "x", "origin": [5.9495, 6.45694, 4.6463]},
			"faces": {
				"north": {"uv": [4.5, 13.25, 4.5, 13.5], "texture": "#3"},
				"east": {"uv": [8, 12.75, 8.25, 13], "texture": "#3"},
				"south": {"uv": [4.75, 13.25, 4.75, 13.5], "texture": "#3"},
				"west": {"uv": [9.25, 12.75, 9.5, 13], "texture": "#3"},
				"up": {"uv": [13.25, 5, 13.25, 4.75], "texture": "#3"},
				"down": {"uv": [13.25, 5.25, 13.25, 5.5], "texture": "#3"}
			}
		},
		{
			"from": [9.125, 6.15694, 4.1963],
			"to": [11.05, 7.15694, 4.1963],
			"rotation": {"angle": 22.5, "axis": "x", "origin": [10.0505, 6.45694, 4.6463]},
			"faces": {
				"north": {"uv": [10.25, 12.25, 10.75, 12.5], "texture": "#3"},
				"east": {"uv": [5.5, 13.25, 5.5, 13.5], "texture": "#3"},
				"south": {"uv": [11, 12.25, 11.5, 12.5], "texture": "#3"},
				"west": {"uv": [5.75, 13.25, 5.75, 13.5], "texture": "#3"},
				"up": {"uv": [13.25, 8, 12.75, 8], "texture": "#3"},
				"down": {"uv": [13.5, 1, 13, 1], "texture": "#3"}
			}
		},
		{
			"from": [9.126, 6.15694, 4.1963],
			"to": [9.126, 7.15694, 5.1963],
			"rotation": {"angle": 22.5, "axis": "x", "origin": [10.0505, 6.45694, 4.6463]},
			"faces": {
				"north": {"uv": [13.25, 5.75, 13.25, 6], "texture": "#3"},
				"east": {"uv": [9.75, 12.75, 10, 13], "texture": "#3"},
				"south": {"uv": [6, 13.25, 6, 13.5], "texture": "#3"},
				"west": {"uv": [10.25, 12.75, 10.5, 13], "texture": "#3"},
				"up": {"uv": [6.25, 13.5, 6.25, 13.25], "texture": "#3"},
				"down": {"uv": [13.25, 7, 13.25, 7.25], "texture": "#3"}
			}
		},
		{
			"from": [4.975, 4.61263, 4.35895],
			"to": [4.975, 6.41263, 4.85895],
			"rotation": {"angle": 0, "axis": "y", "origin": [5, 5.11263, 4.85895]},
			"faces": {
				"north": {"uv": [7.5, 13.25, 7.5, 13.75], "texture": "#3"},
				"east": {"uv": [11.75, 12.5, 12, 13], "texture": "#3"},
				"south": {"uv": [7.75, 13.25, 7.75, 13.75], "texture": "#3"},
				"west": {"uv": [12.25, 12.5, 12.5, 13], "texture": "#3"},
				"up": {"uv": [13.25, 7.75, 13.25, 7.5], "texture": "#3"},
				"down": {"uv": [8, 13.25, 8, 13.5], "texture": "#3"}
			}
		},
		{
			"from": [9.275, 5.73763, 4.30895],
			"to": [9.675, 6.13763, 4.30895],
			"rotation": {"angle": 0, "axis": "y", "origin": [10.025, 5.58763, 4.33395]},
			"faces": {
				"north": {"uv": [10.75, 12.75, 11, 13], "texture": "#3"},
				"east": {"uv": [8.25, 13.25, 8.25, 13.5], "texture": "#3"},
				"south": {"uv": [11.25, 12.75, 11.5, 13], "texture": "#3"},
				"west": {"uv": [13.25, 8.25, 13.25, 8.5], "texture": "#3"},
				"up": {"uv": [6.25, 11, 6, 11], "texture": "#3"},
				"down": {"uv": [5.25, 11.5, 5, 11.5], "texture": "#3"}
			}
		},
		{
			"from": [9.375, 4.73763, 4.33395],
			"to": [10.375, 6.03763, 4.33395],
			"rotation": {"angle": 0, "axis": "y", "origin": [10.025, 5.58763, 4.33395]},
			"faces": {
				"north": {"uv": [12.75, 12.5, 13, 12.75], "texture": "#3"},
				"east": {"uv": [8.75, 13.25, 8.75, 13.5], "texture": "#3"},
				"south": {"uv": [13, 0.5, 13.25, 0.75], "texture": "#3"},
				"west": {"uv": [13.25, 8.75, 13.25, 9], "texture": "#3"},
				"up": {"uv": [12.5, 7, 12.25, 7], "texture": "#3"},
				"down": {"uv": [13.25, 11.25, 13, 11.25], "texture": "#3"}
			}
		},
		{
			"from": [9.225, 4.61263, 4.35895],
			"to": [11.025, 6.41263, 4.35895],
			"rotation": {"angle": 0, "axis": "y", "origin": [8, -6.68737, 13.43395]},
			"faces": {
				"north": {"uv": [1.5, 12, 2, 12.5], "texture": "#3"},
				"east": {"uv": [9, 13.25, 9, 13.75], "texture": "#3"},
				"south": {"uv": [2.25, 12, 2.75, 12.5], "texture": "#3"},
				"west": {"uv": [9.25, 13.25, 9.25, 13.75], "texture": "#3"},
				"up": {"uv": [13.75, 6.25, 13.25, 6.25], "texture": "#3"},
				"down": {"uv": [10, 13.25, 9.5, 13.25], "texture": "#3"}
			}
		},
		{
			"from": [11.025, 4.61263, 4.35895],
			"to": [11.025, 6.41263, 4.85895],
			"rotation": {"angle": 0, "axis": "y", "origin": [11, 5.11263, 4.85895]},
			"faces": {
				"north": {"uv": [10.25, 13.25, 10.25, 13.75], "texture": "#3"},
				"east": {"uv": [0.5, 12.75, 0.75, 13.25], "texture": "#3"},
				"south": {"uv": [10.5, 13.25, 10.5, 13.75], "texture": "#3"},
				"west": {"uv": [1, 12.75, 1.25, 13.25], "texture": "#3"},
				"up": {"uv": [10.75, 13.5, 10.75, 13.25], "texture": "#3"},
				"down": {"uv": [11, 13.25, 11, 13.5], "texture": "#3"}
			}
		},
		{
			"from": [11.05, 6.15694, 4.1953],
			"to": [11.05, 7.15694, 5.1953],
			"rotation": {"angle": 22.5, "axis": "x", "origin": [10.0505, 6.45694, 4.6463]},
			"faces": {
				"north": {"uv": [11.25, 13.25, 11.25, 13.5], "texture": "#3"},
				"east": {"uv": [3.75, 13, 4, 13.25], "texture": "#3"},
				"south": {"uv": [11.5, 13.25, 11.5, 13.5], "texture": "#3"},
				"west": {"uv": [13, 9.25, 13.25, 9.5], "texture": "#3"},
				"up": {"uv": [13.25, 11.75, 13.25, 11.5], "texture": "#3"},
				"down": {"uv": [11.75, 13.25, 11.75, 13.5], "texture": "#3"}
			}
		},
		{
			"from": [1.82975, 1.64334, 4.23395],
			"to": [7.82975, 4.24334, 4.23395],
			"rotation": {"angle": 22.5, "axis": "z", "origin": [4.89889, 3.54089, 4.13395]},
			"faces": {
				"north": {"uv": [0, 8.25, 1.5, 9], "texture": "#3"},
				"east": {"uv": [12, 13.25, 12, 14], "texture": "#3"},
				"south": {"uv": [1.75, 8.25, 3.25, 9], "texture": "#3"},
				"west": {"uv": [13.25, 12, 13.25, 12.75], "texture": "#3"},
				"up": {"uv": [14.75, 13, 13.25, 13], "texture": "#3"},
				"down": {"uv": [14.75, 13.25, 13.25, 13.25], "texture": "#3"}
			}
		},
		{
			"from": [1.47277, 2.92765, 4.03395],
			"to": [7.47277, 5.42765, 4.03395],
			"rotation": {"angle": 0, "axis": "y", "origin": [4.89889, 3.54089, 4.13395]},
			"faces": {
				"north": {"uv": [3.5, 8.25, 5, 9], "texture": "#3"},
				"east": {"uv": [12.25, 13.25, 12.25, 14], "texture": "#3"},
				"south": {"uv": [8.25, 5.25, 9.75, 6], "texture": "#3"},
				"west": {"uv": [12.5, 13.25, 12.5, 14], "texture": "#3"},
				"up": {"uv": [15, 0.5, 13.5, 0.5], "texture": "#3"},
				"down": {"uv": [15, 0.75, 13.5, 0.75], "texture": "#3"}
			}
		},
		{
			"from": [8.52723, 2.92765, 4.03395],
			"to": [14.52723, 5.42765, 4.03395],
			"rotation": {"angle": 0, "axis": "y", "origin": [11.10111, 3.54089, 4.13395]},
			"faces": {
				"north": {"uv": [8.25, 6.25, 9.75, 7], "texture": "#3"},
				"east": {"uv": [0, 13.5, 0, 14.25], "texture": "#3"},
				"south": {"uv": [8.75, 0, 10.25, 0.75], "texture": "#3"},
				"west": {"uv": [0.25, 13.5, 0.25, 14.25], "texture": "#3"},
				"up": {"uv": [15, 1.25, 13.5, 1.25], "texture": "#3"},
				"down": {"uv": [15, 1.5, 13.5, 1.5], "texture": "#3"}
			}
		},
		{
			"from": [8.17025, 1.64334, 4.23395],
			"to": [14.17025, 4.24334, 4.23395],
			"rotation": {"angle": -22.5, "axis": "z", "origin": [11.10111, 3.54089, 4.13395]},
			"faces": {
				"north": {"uv": [8.75, 1, 10.25, 1.75], "texture": "#3"},
				"east": {"uv": [0.5, 13.5, 0.5, 14.25], "texture": "#3"},
				"south": {"uv": [8.75, 2, 10.25, 2.75], "texture": "#3"},
				"west": {"uv": [0.75, 13.5, 0.75, 14.25], "texture": "#3"},
				"up": {"uv": [15, 1.75, 13.5, 1.75], "texture": "#3"},
				"down": {"uv": [15, 2, 13.5, 2], "texture": "#3"}
			}
		},
		{
			"from": [11.46508, 7.34839, 4.95895],
			"to": [13.46508, 8.34839, 10.95895],
			"rotation": {"angle": -22.5, "axis": "z", "origin": [11.46508, 7.34839, 5.93395]},
			"faces": {
				"north": {"uv": [12.75, 1.25, 13.25, 1.5], "texture": "#3"},
				"east": {"uv": [0.5, 11.5, 2, 11.75], "texture": "#3"},
				"south": {"uv": [1.5, 12.75, 2, 13], "texture": "#3"},
				"west": {"uv": [2.25, 11.5, 3.75, 11.75], "texture": "#3"},
				"up": {"uv": [1.75, 10.75, 1.25, 9.25], "texture": "#3"},
				"down": {"uv": [2.5, 9.25, 2, 10.75], "texture": "#3"}
			}
		},
		{
			"from": [2.53492, 7.34839, 4.95895],
			"to": [4.53492, 8.34839, 10.95895],
			"rotation": {"angle": 22.5, "axis": "z", "origin": [4.53492, 7.34839, 5.93395]},
			"faces": {
				"north": {"uv": [12.75, 1.75, 13.25, 2], "texture": "#3"},
				"east": {"uv": [11.5, 5, 13, 5.25], "texture": "#3"},
				"south": {"uv": [2.25, 12.75, 2.75, 13], "texture": "#3"},
				"west": {"uv": [11.5, 5.5, 13, 5.75], "texture": "#3"},
				"up": {"uv": [3.25, 10.75, 2.75, 9.25], "texture": "#3"},
				"down": {"uv": [4, 9.25, 3.5, 10.75], "texture": "#3"}
			}
		},
		{
			"from": [9.84738, 7.24734, 1.93395],
			"to": [16.84738, 7.27234, 13.93395],
			"rotation": {"angle": -22.5, "axis": "z", "origin": [11.84738, 7.27234, 5.93395]},
			"faces": {
				"north": {"uv": [11, 10.5, 12.75, 10.75], "texture": "#3"},
				"east": {"uv": [9.5, 3, 12.5, 3.25], "texture": "#3"},
				"south": {"uv": [11, 11, 12.75, 11.25], "texture": "#3"},
				"west": {"uv": [9.5, 3.5, 12.5, 3.75], "texture": "#3"},
				"up": {"uv": [1.75, 3, 0, 0], "texture": "#3"},
				"down": {"uv": [3.75, 0, 2, 3], "texture": "#3"}
			}
		},
		{
			"from": [9.46508, 7.34839, 3.95895],
			"to": [11.46508, 8.34839, 11.95895],
			"rotation": {"angle": -22.5, "axis": "z", "origin": [11.46508, 7.34839, 4.93395]},
			"faces": {
				"north": {"uv": [12.75, 2.25, 13.25, 2.5], "texture": "#3"},
				"east": {"uv": [10, 6.5, 12, 6.75], "texture": "#3"},
				"south": {"uv": [12.75, 2.75, 13.25, 3], "texture": "#3"},
				"west": {"uv": [10.5, 2, 12.5, 2.25], "texture": "#3"},
				"up": {"uv": [9.25, 5, 8.75, 3], "texture": "#3"},
				"down": {"uv": [7, 9, 6.5, 11], "texture": "#3"}
			}
		},
		{
			"from": [4.53492, 7.34839, 3.95895],
			"to": [6.53492, 8.34839, 11.95895],
			"rotation": {"angle": 22.5, "axis": "z", "origin": [4.53492, 7.34839, 4.93395]},
			"faces": {
				"north": {"uv": [3, 12.75, 3.5, 13], "texture": "#3"},
				"east": {"uv": [10.5, 2.5, 12.5, 2.75], "texture": "#3"},
				"south": {"uv": [12.75, 3.25, 13.25, 3.5], "texture": "#3"},
				"west": {"uv": [4.25, 10.5, 6.25, 10.75], "texture": "#3"},
				"up": {"uv": [7.75, 11, 7.25, 9], "texture": "#3"},
				"down": {"uv": [8.5, 9, 8, 11], "texture": "#3"}
			}
		},
		{
			"from": [-0.84738, 7.24734, 1.93395],
			"to": [6.15262, 7.27234, 13.93395],
			"rotation": {"angle": 22.5, "axis": "z", "origin": [4.15262, 7.27234, 5.93395]},
			"faces": {
				"north": {"uv": [5.5, 11.25, 7.25, 11.5], "texture": "#3"},
				"east": {"uv": [9.5, 4, 12.5, 4.25], "texture": "#3"},
				"south": {"uv": [7.5, 11.25, 9.25, 11.5], "texture": "#3"},
				"west": {"uv": [9.5, 4.5, 12.5, 4.75], "texture": "#3"},
				"up": {"uv": [1.75, 6.25, 0, 3.25], "texture": "#3"},
				"down": {"uv": [3.75, 3.25, 2, 6.25], "texture": "#3"}
			}
		},
		{
			"from": [6, 8.03763, 3.93395],
			"to": [10, 9.03763, 11.93395],
			"rotation": {"angle": 0, "axis": "y", "origin": [8, -3.96237, 12.93395]},
			"faces": {
				"north": {"uv": [12, 11.5, 13, 11.75], "texture": "#3"},
				"east": {"uv": [1, 11, 3, 11.25], "texture": "#3"},
				"south": {"uv": [12, 12, 13, 12.25], "texture": "#3"},
				"west": {"uv": [3.25, 11, 5.25, 11.25], "texture": "#3"},
				"up": {"uv": [8, 7.25, 7, 5.25], "texture": "#3"},
				"down": {"uv": [6.25, 7.5, 5.25, 9.5], "texture": "#3"}
			}
		},
		{
			"from": [5.5, 8.78763, 5.43395],
			"to": [10.5, 10.78763, 10.43395],
			"rotation": {"angle": 0, "axis": "y", "origin": [8, -3.96237, 12.93395]},
			"faces": {
				"north": {"uv": [9.5, 8.25, 10.75, 8.75], "texture": "#3"},
				"east": {"uv": [4.25, 9.75, 5.5, 10.25], "texture": "#3"},
				"south": {"uv": [10, 5, 11.25, 5.5], "texture": "#3"},
				"west": {"uv": [10, 5.75, 11.25, 6.25], "texture": "#3"},
				"up": {"uv": [7.75, 8.75, 6.5, 7.5], "texture": "#3"},
				"down": {"uv": [9.25, 7.5, 8, 8.75], "texture": "#3"}
			}
		},
		{
			"from": [6, 10.03763, 5.68395],
			"to": [10, 12.03763, 9.68395],
			"rotation": {"angle": 22.5, "axis": "x", "origin": [8, 10.53763, 7.43395]},
			"faces": {
				"north": {"uv": [11, 8.25, 12, 8.75], "texture": "#3"},
				"east": {"uv": [11, 9, 12, 9.5], "texture": "#3"},
				"south": {"uv": [9.75, 11, 10.75, 11.5], "texture": "#3"},
				"west": {"uv": [11, 9.75, 12, 10.25], "texture": "#3"},
				"up": {"uv": [9.75, 10, 8.75, 9], "texture": "#3"},
				"down": {"uv": [1, 9.25, 0, 10.25], "texture": "#3"}
			}
		},
		{
			"from": [6.5, 11.03763, 5.68395],
			"to": [9.5, 14.03763, 8.68395],
			"rotation": {"angle": 45, "axis": "x", "origin": [8, 10.53763, 7.43395]},
			"faces": {
				"north": {"uv": [10, 9, 10.75, 9.75], "texture": "#3"},
				"east": {"uv": [10, 10, 10.75, 10.75], "texture": "#3"},
				"south": {"uv": [8.75, 10.25, 9.5, 11], "texture": "#3"},
				"west": {"uv": [0, 10.5, 0.75, 11.25], "texture": "#3"},
				"up": {"uv": [11.25, 0.75, 10.5, 0], "texture": "#3"},
				"down": {"uv": [11.25, 1, 10.5, 1.75], "texture": "#3"}
			}
		},
		{
			"from": [7, 12.03763, 8.93395],
			"to": [9, 14.03763, 11.93395],
			"rotation": {"angle": 0, "axis": "y", "origin": [8, 10.53763, 7.43395]},
			"faces": {
				"north": {"uv": [3, 12, 3.5, 12.5], "texture": "#3"},
				"east": {"uv": [4, 11.5, 4.75, 12], "texture": "#3"},
				"south": {"uv": [3.75, 12.25, 4.25, 12.75], "texture": "#3"},
				"west": {"uv": [11, 11.5, 11.75, 12], "texture": "#3"},
				"up": {"uv": [5.5, 12.5, 5, 11.75], "texture": "#3"},
				"down": {"uv": [6.25, 11.75, 5.75, 12.5], "texture": "#3"}
			}
		},
		{
			"from": [7.5, 15.12342, 9.89841],
			"to": [8.5, 16.12342, 12.89841],
			"rotation": {"angle": 45, "axis": "x", "origin": [8, 12.62342, 8.39841]},
			"faces": {
				"north": {"uv": [13, 9.75, 13.25, 10], "texture": "#3"},
				"east": {"uv": [4.25, 9.25, 5, 9.5], "texture": "#3"},
				"south": {"uv": [13, 10.25, 13.25, 10.5], "texture": "#3"},
				"west": {"uv": [12.25, 8.25, 13, 8.5], "texture": "#3"},
				"up": {"uv": [4.75, 13, 4.5, 12.25], "texture": "#3"},
				"down": {"uv": [9, 12.25, 8.75, 13], "texture": "#3"}
			}
		},
		{
			"from": [6, 8.01263, 1.93395],
			"to": [10, 8.03763, 13.93395],
			"rotation": {"angle": 0, "axis": "y", "origin": [8, -3.96237, 12.93395]},
			"faces": {
				"north": {"uv": [12.25, 6.5, 13.25, 6.75], "texture": "#3"},
				"east": {"uv": [9.5, 7.25, 12.5, 7.5], "texture": "#3"},
				"south": {"uv": [7.5, 12.25, 8.5, 12.5], "texture": "#3"},
				"west": {"uv": [9.5, 7.75, 12.5, 8], "texture": "#3"},
				"up": {"uv": [5, 3, 4, 0], "texture": "#3"},
				"down": {"uv": [5, 3.25, 4, 6.25], "texture": "#3"}
			}
		},
		{
			"from": [2.2677, 6.33723, 6.52095],
			"to": [8.2677, 12.33723, 6.59595],
			"rotation": {"angle": 22.5, "axis": "z", "origin": [4.4677, 9.33723, 6.52095]},
			"faces": {
				"north": {"uv": [7, 1.75, 8.5, 3.25], "texture": "#3"},
				"east": {"uv": [6.5, 11.75, 6.75, 13.25], "texture": "#3"},
				"south": {"uv": [7, 3.5, 8.5, 5], "texture": "#3"},
				"west": {"uv": [7, 11.75, 7.25, 13.25], "texture": "#3"},
				"up": {"uv": [13, 6.25, 11.5, 6], "texture": "#3"},
				"down": {"uv": [9, 11.75, 7.5, 12], "texture": "#3"}
			}
		},
		{
			"from": [7.7323, 6.33723, 6.52095],
			"to": [13.7323, 13.33723, 6.59595],
			"rotation": {"angle": -22.5, "axis": "z", "origin": [11.5323, 9.33723, 6.52095]},
			"faces": {
				"north": {"uv": [5.25, 0, 6.75, 1.75], "texture": "#3"},
				"east": {"uv": [0, 11.5, 0.25, 13.25], "texture": "#3"},
				"south": {"uv": [5.25, 2, 6.75, 3.75], "texture": "#3"},
				"west": {"uv": [11.5, 0, 11.75, 1.75], "texture": "#3"},
				"up": {"uv": [10.75, 12, 9.25, 11.75], "texture": "#3"},
				"down": {"uv": [13.5, 0, 12, 0.25], "texture": "#3"}
			}
		},
		{
			"from": [6.5, 3.11263, 3.43395],
			"to": [9.5, 5.11263, 4.43395],
			"rotation": {"angle": 0, "axis": "y", "origin": [7.5, 4.11263, 3.93395]},
			"faces": {
				"north": {"uv": [0.5, 12, 1.25, 12.5], "texture": "#3"},
				"east": {"uv": [12.75, 3.75, 13, 4.25], "texture": "#3"},
				"south": {"uv": [12, 0.5, 12.75, 1], "texture": "#3"},
				"west": {"uv": [5, 12.75, 5.25, 13.25], "texture": "#3"},
				"up": {"uv": [13, 9, 12.25, 8.75], "texture": "#3"},
				"down": {"uv": [10, 12.25, 9.25, 12.5], "texture": "#3"}
			}
		},
		{
			"from": [7.5, 4.36263, 3.35895],
			"to": [8.5, 5.16263, 3.35895],
			"rotation": {"angle": 0, "axis": "y", "origin": [8, 4.61263, 3.40895]},
			"faces": {
				"north": {"uv": [13, 10.75, 13.25, 11], "texture": "#3"},
				"east": {"uv": [1, 13.5, 1, 13.75], "texture": "#3"},
				"south": {"uv": [12.75, 13, 13, 13.25], "texture": "#3"},
				"west": {"uv": [1.25, 13.5, 1.25, 13.75], "texture": "#3"},
				"up": {"uv": [13.75, 2.25, 13.5, 2.25], "texture": "#3"},
				"down": {"uv": [13.75, 2.5, 13.5, 2.5], "texture": "#3"}
			}
		},
		{
			"from": [7.5, 5.16163, 3.35895],
			"to": [8.5, 5.16163, 3.95895],
			"rotation": {"angle": 0, "axis": "y", "origin": [8, 5.21163, 3.80895]},
			"faces": {
				"north": {"uv": [13.5, 2.75, 13.75, 2.75], "texture": "#3"},
				"east": {"uv": [13.5, 3, 13.75, 3], "texture": "#3"},
				"south": {"uv": [13.5, 3.25, 13.75, 3.25], "texture": "#3"},
				"west": {"uv": [13.5, 3.5, 13.75, 3.5], "texture": "#3"},
				"up": {"uv": [1.75, 13.5, 1.5, 13.25], "texture": "#3"},
				"down": {"uv": [2.25, 13.25, 2, 13.5], "texture": "#3"}
			}
		}
	],
	"gui_light": "front",
	"display": {
		"thirdperson_righthand": {
			"rotation": [49, 0, 0],
			"translation": [0.5, 1.5, -2.5],
			"scale": [0.7, 0.7, 0.7]
		},
		"thirdperson_lefthand": {
			"rotation": [49, 0, 0],
			"translation": [0.5, 1.5, -2.5],
			"scale": [0.7, 0.7, 0.7]
		},
		"ground": {
			"rotation": [42, 0, 0],
			"translation": [0, 2.25, 0],
			"scale": [0.8, 0.8, 0.8]
		},
		"gui": {
			"rotation": [0, 180, 0],
			"translation": [0, -0.25, 0],
			"scale": [1.2, 1.2, 1.2]
		},
		"head": {
			"translation": [0, 5.75, 1.25],
			"scale": [2.5, 2.5, 2.5]
		},
		"fixed": {
			"translation": [0, 0, -5.5],
			"scale": [2, 2, 2]
		}
	},
	"groups": [
		{
			"name": "h_head",
			"origin": [8, 4.86263, 8.68395],
			"color": 0,
			"children": [
				0,
				1,
				2,
				3,
				4,
				5,
				6,
				7,
				8,
				9,
				10,
				11,
				12,
				13,
				14,
				15,
				16,
				17,
				18,
				{
					"name": "h_witch_hat",
					"origin": [8, 9.26614, 7.89101],
					"color": 0,
					"children": [19, 20, 21, 22, 23, 24, 25, 26, 27, 28, 29, 30, 31]
				},
				{
					"name": "h_ears",
					"origin": [7.97203, 7.45098, 6.57046],
					"rotation": [-16.92154, 1.95155, 0],
					"color": 0,
					"children": [32, 33]
				},
				34,
				35,
				36
			]
		}
	]
}