{
	"credit": "Made with Blockbench",
	"texture_size": [32, 32],
	"textures": {
		"2": "modelengine:entity/toffy_yarn"
	},
	"elements": [
		{
			"from": [5.5, 0, 5.5],
			"to": [10.5, 5, 10.5],
			"faces": {
				"north": {"uv": [3.5, 7, 6, 9.5], "texture": "#2"},
				"east": {"uv": [7, 3.5, 9.5, 6], "texture": "#2"},
				"south": {"uv": [6.5, 7, 9, 9.5], "texture": "#2"},
				"west": {"uv": [9.5, 6.5, 12, 9], "texture": "#2"},
				"up": {"uv": [12, 12, 9.5, 9.5], "texture": "#2"},
				"down": {"uv": [6, 10, 3.5, 12.5], "texture": "#2"}
			}
		},
		{
			"from": [3.5, 0.75, 5.225],
			"to": [8.5, 2.75, 5.225],
			"rotation": {"angle": 22.5, "axis": "z", "origin": [8, 2.5, 6.25]},
			"faces": {
				"north": {"uv": [0, 10.5, 2.5, 11.5], "texture": "#2"},
				"east": {"uv": [10.5, 1.5, 12, 2.5], "texture": "#2"},
				"south": {"uv": [10.5, 0, 13, 1], "texture": "#2"},
				"west": {"uv": [0, 12, 1.5, 13], "texture": "#2"},
				"up": {"uv": [12.5, 5, 10, 3.5], "texture": "#2"},
				"down": {"uv": [9, 10, 6.5, 11.5], "texture": "#2"}
			}
		},
		{
			"from": [3.5, 0.75, 5.225],
			"to": [3.5, 2.75, 7.225],
			"rotation": {"angle": 22.5, "axis": "z", "origin": [8, 2.5, 6.25]},
			"faces": {
				"north": {"uv": [0, 10.5, 2.5, 11.5], "texture": "#2"},
				"east": {"uv": [10.5, 1.5, 11.5, 2.5], "texture": "#2"},
				"south": {"uv": [10.5, 0, 13, 1], "texture": "#2"},
				"west": {"uv": [0, 12, 1, 13], "texture": "#2"},
				"up": {"uv": [12.5, 5, 10, 3.5], "texture": "#2"},
				"down": {"uv": [9, 10, 6.5, 11.5], "texture": "#2"}
			}
		},
		{
			"from": [5.25, -0.25, 5.25],
			"to": [10.75, 5.25, 10.75],
			"faces": {
				"north": {"uv": [0, 0, 3, 3], "texture": "#2"},
				"east": {"uv": [0, 3.5, 3, 6.5], "texture": "#2"},
				"south": {"uv": [3.5, 0, 6.5, 3], "texture": "#2"},
				"west": {"uv": [3.5, 3.5, 6.5, 6.5], "texture": "#2"},
				"up": {"uv": [3, 10, 0, 7], "texture": "#2"},
				"down": {"uv": [10, 0, 7, 3], "texture": "#2"}
			}
		}
	],
	"gui_light": "front",
	"display": {
		"thirdperson_righthand": {
			"rotation": [45.5, 0, 0],
			"translation": [-2, 4.5, 4],
			"scale": [0.85, 0.85, 0.85]
		},
		"thirdperson_lefthand": {
			"rotation": [45.5, 0, 0],
			"translation": [-2, 4.5, 4],
			"scale": [0.85, 0.85, 0.85]
		},
		"firstperson_righthand": {
			"rotation": [0, 11.5, -10.75],
			"translation": [0, 5, 0],
			"scale": [0.85, 0.85, 0.85]
		},
		"firstperson_lefthand": {
			"rotation": [0, 11.5, -10.75],
			"translation": [0, 5, 0],
			"scale": [0.85, 0.85, 0.85]
		},
		"ground": {
			"translation": [0, 3, 0],
			"scale": [0.8, 0.8, 0.8]
		},
		"gui": {
			"rotation": [-155.75, -24.25, -180],
			"translation": [0, 6.5, 0],
			"scale": [1.5, 1.5, 1.5]
		},
		"head": {
			"translation": [0, 19.75, 0],
			"scale": [1.7, 1.7, 1.7]
		},
		"fixed": {
			"translation": [0, 7.75, -2.5],
			"scale": [1.5, 1.5, 1.5]
		}
	}
}