{
	"credit": "Made with Blockbench",
	"textures": {
		"0": "modelengine:entity/toffy_dark_mage_lvl2_icon"
	},
	"elements": [
		{
			"from": [4.73463, 3.22996, 0.6081],
			"to": [9.73463, 5.22996, 0.6081],
			"rotation": {"angle": -22.5, "axis": "x", "origin": [8, 9.58277, 8]},
			"faces": {
				"north": {"uv": [7.625, 4.875, 8.25, 5.125], "texture": "#0"},
				"east": {"uv": [3.875, 7.375, 3.875, 7.875], "texture": "#0"},
				"south": {"uv": [9.375, 9.5, 10, 10], "texture": "#0"},
				"west": {"uv": [2.25, 7.875, 2.25, 8.375], "texture": "#0"},
				"up": {"uv": [8.25, 5.5, 7.625, 5.5], "texture": "#0"},
				"down": {"uv": [8.625, 1, 8, 1], "texture": "#0"}
			}
		},
		{
			"from": [9.73463, 3.22996, 0.6081],
			"to": [10.73463, 5.22996, 5.6081],
			"rotation": {"angle": -22.5, "axis": "x", "origin": [8, 9.58277, 8]},
			"faces": {
				"north": {"uv": [9.75, 5.875, 9.875, 6.125], "texture": "#0"},
				"east": {"uv": [9.625, 3.875, 10.25, 4.125], "texture": "#0"},
				"south": {"uv": [7.25, 9.875, 7.375, 10.375], "texture": "#0"},
				"west": {"uv": [9.625, 6.5, 10.25, 7], "texture": "#0"},
				"up": {"uv": [6.375, 10.5, 6.25, 9.875], "texture": "#0"},
				"down": {"uv": [6.625, 9.875, 6.5, 10.5], "texture": "#0"}
			}
		},
		{
			"from": [3.73463, 3.22996, 0.6081],
			"to": [4.73463, 5.22996, 5.6081],
			"rotation": {"angle": -22.5, "axis": "x", "origin": [8, 9.58277, 8]},
			"faces": {
				"north": {"uv": [0, 10, 0.125, 10.25], "texture": "#0"},
				"east": {"uv": [9.625, 7.125, 10.25, 7.625], "texture": "#0"},
				"south": {"uv": [0.25, 10, 0.375, 10.5], "texture": "#0"},
				"west": {"uv": [7.625, 9.625, 8.25, 9.875], "texture": "#0"},
				"up": {"uv": [6.875, 10.5, 6.75, 9.875], "texture": "#0"},
				"down": {"uv": [7.125, 9.875, 7, 10.5], "texture": "#0"}
			}
		},
		{
			"from": [6.23463, 4, 5.68114],
			"to": [8.23463, 6, 7.68114],
			"rotation": {"angle": 0, "axis": "y", "origin": [8, 20.58277, 8]},
			"faces": {
				"north": {"uv": [2.5, 5.75, 2.75, 6], "texture": "#0"},
				"east": {"uv": [7.25, 6.75, 7.5, 7], "texture": "#0"},
				"south": {"uv": [8.875, 7.375, 9.125, 7.625], "texture": "#0"},
				"west": {"uv": [9.25, 7.375, 9.5, 7.625], "texture": "#0"},
				"up": {"uv": [0.75, 10.25, 0.5, 10], "texture": "#0"},
				"down": {"uv": [1.125, 10, 0.875, 10.25], "texture": "#0"}
			}
		},
		{
			"name": "outline",
			"from": [8.35963, 6.15, 7.83114],
			"to": [6.10963, 3.9, 5.58114],
			"rotation": {"angle": 0, "axis": "y", "origin": [8, 20.58277, 8]},
			"faces": {
				"north": {"uv": [11.625, 7.25, 11.875, 7.5], "texture": "#0"},
				"east": {"uv": [11.625, 7.25, 11.875, 7.5], "texture": "#0"},
				"south": {"uv": [11.625, 7.25, 11.875, 7.5], "texture": "#0"},
				"west": {"uv": [11.625, 7.25, 11.875, 7.5], "texture": "#0"},
				"up": {"uv": [11.625, 7.25, 11.875, 7.5], "texture": "#0"},
				"down": {"uv": [11.625, 7.25, 11.875, 7.5], "texture": "#0"}
			}
		},
		{
			"from": [9.23463, 2, 3.68114],
			"to": [10.23463, 8, 9.68114],
			"rotation": {"angle": 0, "axis": "y", "origin": [8, 20.58277, 8]},
			"faces": {
				"north": {"uv": [6, 9.375, 6.125, 10.125], "texture": "#0"},
				"east": {"uv": [2.25, 8.5, 3, 9.25], "texture": "#0"},
				"south": {"uv": [1.375, 9.75, 1.5, 10.5], "texture": "#0"},
				"west": {"uv": [7.625, 8.75, 8.375, 9.5], "texture": "#0"},
				"up": {"uv": [3.625, 10.5, 3.5, 9.75], "texture": "#0"},
				"down": {"uv": [3.875, 9.75, 3.75, 10.5], "texture": "#0"}
			}
		},
		{
			"from": [4.23463, 2, 3.68114],
			"to": [5.23463, 8, 9.68114],
			"rotation": {"angle": 0, "axis": "y", "origin": [8, 20.58277, 8]},
			"faces": {
				"north": {"uv": [4, 9.75, 4.125, 10.5], "texture": "#0"},
				"east": {"uv": [8.75, 7.75, 9.5, 8.5], "texture": "#0"},
				"south": {"uv": [4.25, 9.75, 4.375, 10.5], "texture": "#0"},
				"west": {"uv": [8.5, 8.75, 9.25, 9.5], "texture": "#0"},
				"up": {"uv": [4.625, 10.5, 4.5, 9.75], "texture": "#0"},
				"down": {"uv": [4.875, 9.75, 4.75, 10.5], "texture": "#0"}
			}
		},
		{
			"from": [5.23463, 2, 8.68114],
			"to": [9.23463, 8, 9.68114],
			"rotation": {"angle": 0, "axis": "y", "origin": [8, 20.58277, 8]},
			"faces": {
				"north": {"uv": [7, 9, 7.5, 9.75], "texture": "#0"},
				"east": {"uv": [5, 9.75, 5.125, 10.5], "texture": "#0"},
				"south": {"uv": [9.25, 4.75, 9.75, 5.5], "texture": "#0"},
				"west": {"uv": [9.875, 4.75, 10, 5.5], "texture": "#0"},
				"up": {"uv": [10.5, 6, 10, 5.875], "texture": "#0"},
				"down": {"uv": [10.5, 6.125, 10, 6.25], "texture": "#0"}
			}
		},
		{
			"from": [-3.76537, 7, -4.31886],
			"to": [18.23463, 7, 17.68114],
			"rotation": {"angle": 0, "axis": "y", "origin": [8, 20.58277, 8]},
			"faces": {
				"north": {"uv": [10.25, 7.875, 13, 7.875], "texture": "#0"},
				"east": {"uv": [10.25, 8, 13, 8], "texture": "#0"},
				"south": {"uv": [10.25, 8.125, 13, 8.125], "texture": "#0"},
				"west": {"uv": [10.25, 8.25, 13, 8.25], "texture": "#0"},
				"up": {"uv": [2.75, 2.75, 0, 0], "texture": "#0"},
				"down": {"uv": [2.75, 2.875, 0, 5.625], "texture": "#0"}
			}
		},
		{
			"from": [2.23463, 7, 1.68114],
			"to": [12.23463, 8, 11.68114],
			"rotation": {"angle": 0, "axis": "y", "origin": [8, 20.58277, 8]},
			"faces": {
				"north": {"uv": [9.25, 5.625, 10.5, 5.75], "texture": "#0"},
				"east": {"uv": [9.625, 4.5, 10.875, 4.625], "texture": "#0"},
				"south": {"uv": [9.625, 8.375, 10.875, 8.5], "texture": "#0"},
				"west": {"uv": [0, 9.75, 1.25, 9.875], "texture": "#0"},
				"up": {"uv": [6.625, 3, 5.375, 1.75], "texture": "#0"},
				"down": {"uv": [6.625, 3.125, 5.375, 4.375], "texture": "#0"}
			}
		},
		{
			"from": [4.20963, 8, 3.68114],
			"to": [10.25963, 15, 9.68114],
			"rotation": {"angle": 0, "axis": "y", "origin": [8, 20.58277, 8]},
			"faces": {
				"north": {"uv": [4.5, 1.75, 5.25, 2.625], "texture": "#0"},
				"east": {"uv": [4.5, 8.25, 5.25, 9.125], "texture": "#0"},
				"south": {"uv": [8.375, 4.875, 9.125, 5.75], "texture": "#0"},
				"west": {"uv": [5.375, 8.375, 6.125, 9.25], "texture": "#0"},
				"up": {"uv": [0.75, 9.625, 0, 8.875], "texture": "#0"},
				"down": {"uv": [1.625, 8.875, 0.875, 9.625], "texture": "#0"}
			}
		},
		{
			"from": [5.23463, 14, 4.68114],
			"to": [9.23463, 20, 8.68114],
			"rotation": {"angle": 0, "axis": "y", "origin": [8, 20.58277, 8]},
			"faces": {
				"north": {"uv": [1.75, 9.375, 2.25, 10.125], "texture": "#0"},
				"east": {"uv": [2.375, 9.375, 2.875, 10.125], "texture": "#0"},
				"south": {"uv": [5.375, 9.375, 5.875, 10.125], "texture": "#0"},
				"west": {"uv": [9.375, 8.625, 9.875, 9.375], "texture": "#0"},
				"up": {"uv": [10.125, 8.25, 9.625, 7.75], "texture": "#0"},
				"down": {"uv": [8.875, 9.625, 8.375, 10.125], "texture": "#0"}
			}
		},
		{
			"from": [6.23463, 19.04487, 6.26711],
			"to": [8.23463, 24.04487, 8.26711],
			"rotation": {"angle": 22.5, "axis": "x", "origin": [8, 20.58277, 8]},
			"faces": {
				"north": {"uv": [3.5, 7.375, 3.75, 8], "texture": "#0"},
				"east": {"uv": [3.125, 8.5, 3.375, 9.125], "texture": "#0"},
				"south": {"uv": [9, 9.625, 9.25, 10.25], "texture": "#0"},
				"west": {"uv": [9.75, 0, 10, 0.625], "texture": "#0"},
				"up": {"uv": [10.25, 8.875, 10, 8.625], "texture": "#0"},
				"down": {"uv": [10.25, 9, 10, 9.25], "texture": "#0"}
			}
		},
		{
			"from": [9.42119, 7, 10.40833],
			"to": [9.42119, 15, 18.40833],
			"rotation": {"angle": 22.5, "axis": "y", "origin": [8, 20.58277, 8]},
			"faces": {
				"north": {"uv": [3.25, 10.25, 3.25, 11.25], "texture": "#0"},
				"east": {"uv": [6.5, 7.25, 7.5, 8.25], "texture": "#0"},
				"south": {"uv": [3.375, 10.25, 3.375, 11.25], "texture": "#0"},
				"west": {"uv": [2.375, 7.375, 3.375, 8.375], "texture": "#0"},
				"up": {"uv": [5.375, 11.25, 5.375, 10.25], "texture": "#0"},
				"down": {"uv": [5.5, 10.25, 5.5, 11.25], "texture": "#0"}
			}
		}
	],
	"gui_light": "front",
	"display": {
		"thirdperson_righthand": {
			"rotation": [27.8, 10.7, 4.86],
			"translation": [-2.5, 0.75, 0],
			"scale": [0.5, 0.5, 0.5]
		},
		"thirdperson_lefthand": {
			"rotation": [27.8, 10.7, 4.86],
			"translation": [-2.5, 0.75, 0],
			"scale": [0.5, 0.5, 0.5]
		},
		"firstperson_righthand": {
			"rotation": [145.15, 60.56, -147.64],
			"translation": [0, 2.75, 0],
			"scale": [0.5, 0.5, 0.5]
		},
		"firstperson_lefthand": {
			"rotation": [145.15, 60.56, -147.64],
			"translation": [0, 2.75, 0],
			"scale": [0.5, 0.5, 0.5]
		},
		"ground": {
			"translation": [0, 1.5, 0],
			"scale": [0.5, 0.5, 0.5]
		},
		"gui": {
			"rotation": [8, 153, 9],
			"translation": [0, -2.5, 0],
			"scale": [0.65, 0.65, 0.65]
		},
		"head": {
			"translation": [1.5, 7.25, 2],
			"scale": [1.61, 1.61, 1.61]
		},
		"fixed": {
			"rotation": [-7.75, 38.5, 0],
			"translation": [0, -1.75, -0.5],
			"scale": [0.5, 0.5, 0.5]
		}
	},
	"groups": [
		{
			"name": "body",
			"origin": [0, 17, 0],
			"color": 0,
			"children": [
				0,
				1,
				2,
				{
					"name": "h_head",
					"origin": [0, 23, 0],
					"rotation": [-2.5, 0, 0],
					"color": 0,
					"children": [
						3,
						4,
						5,
						6,
						7,
						{
							"name": "h_hat",
							"origin": [0, 27, 0],
							"rotation": [-2.5, 0, 0],
							"color": 0,
							"children": [8, 9, 10, 11, 12, 13]
						}
					]
				}
			]
		}
	]
}