{"textures":{"0":"modelengine:entity/nocsy_fairy_drakonin_baby","particle":"#0"},"elements":[{"from":[5.5,1.8021894,4.896348],"to":[10.5,6.80219,11.896348],"faces":{"east":{"uv":[6.625,2.25,7.5,2.875],"tintindex":0,"rotation":0,"texture":"#0"},"south":{"uv":[0.0,7.5,0.625,8.125],"tintindex":0,"rotation":0,"texture":"#0"},"north":{"uv":[7.25,7.25,7.875,7.875],"tintindex":0,"rotation":0,"texture":"#0"},"west":{"uv":[6.625,3.0,7.5,3.625],"tintindex":0,"rotation":0,"texture":"#0"},"up":{"uv":[7.625,4.625,7.0,3.75],"tintindex":0,"rotation":0,"texture":"#0"},"down":{"uv":[7.625,6.25,7.0,7.125],"tintindex":0,"rotation":0,"texture":"#0"}}},{"from":[5.49,2.8790329,3.9033358],"to":[10.51,7.8990326,8.923336],"faces":{"east":{"uv":[1.5,7.5,2.125,8.125],"tintindex":0,"rotation":0,"texture":"#0"},"south":{"uv":[2.25,7.5,2.875,8.125],"tintindex":0,"rotation":0,"texture":"#0"},"north":{"uv":[0.75,7.5,1.375,8.125],"tintindex":0,"rotation":0,"texture":"#0"},"west":{"uv":[3.0,7.5,3.625,8.125],"tintindex":0,"rotation":0,"texture":"#0"},"up":{"uv":[8.25,2.875,7.625,2.25],"tintindex":0,"rotation":0,"texture":"#0"},"down":{"uv":[8.25,3.0,7.625,3.625],"tintindex":0,"rotation":0,"texture":"#0"}},"rotation":{"origin":[7.5257998,4.8367167,7.1066704],"angle":-22.5,"axis":"x"}},{"from":[6.0,-0.06681728,10.3214445],"to":[10.0,4.9331822,13.3214445],"faces":{"east":{"uv":[7.25,8.0,7.625,8.625],"tintindex":0,"rotation":0,"texture":"#0"},"south":{"uv":[7.75,1.5,8.25,2.125],"tintindex":0,"rotation":0,"texture":"#0"},"north":{"uv":[7.75,0.75,8.25,1.375],"tintindex":0,"rotation":0,"texture":"#0"},"west":{"uv":[8.0,7.5,8.375,8.125],"tintindex":0,"rotation":0,"texture":"#0"},"up":{"uv":[3.5,8.625,3.0,8.25],"tintindex":0,"rotation":0,"texture":"#0"},"down":{"uv":[8.875,1.5,8.375,1.875],"tintindex":0,"rotation":0,"texture":"#0"}},"rotation":{"origin":[7.16,1.9451518,15.360008],"angle":22.5,"axis":"x"}}],"display":{"gui":{"rotation":[-150.0,-45.0,180.0]}}}