{"textures":{"0":"modelengine:entity/nocsy_fairy_drakonin_baby","particle":"#0"},"elements":[{"from":[6.0,10.56918,5.4534626],"to":[6.8,11.369179,5.4534626],"faces":{"south":{"uv":[8.375,6.625,8.5,6.75],"tintindex":0,"rotation":0,"texture":"#0"},"north":{"uv":[7.75,8.0,7.875,8.125],"tintindex":0,"rotation":0,"texture":"#0"}},"rotation":{"origin":[6.5,11.56918,5.4534626],"angle":22.5,"axis":"x"}},{"from":[10.6064415,11.984934,6.9631295],"to":[10.6064415,18.984934,14.963129],"faces":{"east":{"uv":[5.5,2.0,6.5,2.875],"tintindex":0,"rotation":0,"texture":"#0"},"west":{"uv":[5.5,3.0,6.5,3.875],"tintindex":0,"rotation":0,"texture":"#0"}},"rotation":{"origin":[9.991793,14.184933,11.479697],"angle":22.5,"axis":"y"}},{"from":[5.5,7.3717012,5.1860056],"to":[10.5,12.3717,11.186006],"faces":{"east":{"uv":[4.0,7.125,4.75,7.75],"tintindex":0,"rotation":0,"texture":"#0"},"south":{"uv":[7.75,0.0,8.375,0.625],"tintindex":0,"rotation":0,"texture":"#0"},"north":{"uv":[7.625,5.5,8.25,6.125],"tintindex":0,"rotation":0,"texture":"#0"},"west":{"uv":[4.875,7.125,5.625,7.75],"tintindex":0,"rotation":0,"texture":"#0"},"up":{"uv":[6.375,7.875,5.75,7.125],"tintindex":0,"rotation":0,"texture":"#0"},"down":{"uv":[7.125,7.25,6.5,8.0],"tintindex":0,"rotation":0,"texture":"#0"}},"rotation":{"origin":[8.0,9.871701,7.6860056],"angle":22.5,"axis":"x"}},{"from":[5.3,9.175979,5.0207424],"to":[7.3,11.17598,6.0207424],"faces":{"east":{"uv":[3.75,7.5,3.875,7.75],"tintindex":0,"rotation":0,"texture":"#0"},"south":{"uv":[4.75,10.25,5.0,10.5],"tintindex":0,"rotation":0,"texture":"#0"},"north":{"uv":[10.25,4.375,10.5,4.625],"tintindex":0,"rotation":0,"texture":"#0"},"west":{"uv":[7.75,4.375,7.875,4.625],"tintindex":0,"rotation":0,"texture":"#0"},"up":{"uv":[6.875,3.875,6.625,3.75],"tintindex":0,"rotation":0,"texture":"#0"},"down":{"uv":[9.25,0.5,9.0,0.625],"tintindex":0,"rotation":0,"texture":"#0"}},"rotation":{"origin":[8.0,9.871701,7.6860056],"angle":22.5,"axis":"x"}},{"from":[5.393559,11.984934,6.9631295],"to":[5.393559,18.984934,14.963129],"faces":{"east":{"uv":[5.5,0.0,6.5,0.875],"tintindex":0,"rotation":0,"texture":"#0"},"west":{"uv":[5.5,1.0,6.5,1.875],"tintindex":0,"rotation":0,"texture":"#0"}},"rotation":{"origin":[6.0082073,14.184933,11.479697],"angle":-22.5,"axis":"y"}},{"from":[7.1782227,8.145357,3.2842836],"to":[9.178223,10.145357,6.2842836],"faces":{"east":{"uv":[9.875,0.375,10.25,0.625],"tintindex":0,"rotation":0,"texture":"#0"},"south":{"uv":[6.25,10.25,6.5,10.5],"tintindex":0,"rotation":0,"texture":"#0"},"north":{"uv":[5.875,10.25,6.125,10.5],"tintindex":0,"rotation":0,"texture":"#0"},"west":{"uv":[9.875,0.75,10.25,1.0],"tintindex":0,"rotation":0,"texture":"#0"},"up":{"uv":[10.125,2.25,9.875,1.875],"tintindex":0,"rotation":0,"texture":"#0"},"down":{"uv":[10.125,4.375,9.875,4.75],"tintindex":0,"rotation":0,"texture":"#0"}},"rotation":{"origin":[7.010051,9.377185,3.951271],"angle":45.0,"axis":"z"}},{"from":[8.7,9.175979,5.0207424],"to":[10.7,11.17598,6.0207424],"faces":{"east":{"uv":[7.75,6.875,7.875,7.125],"tintindex":0,"rotation":0,"texture":"#0"},"south":{"uv":[5.5,10.25,5.75,10.5],"tintindex":0,"rotation":0,"texture":"#0"},"north":{"uv":[5.125,10.25,5.375,10.5],"tintindex":0,"rotation":0,"texture":"#0"},"west":{"uv":[8.875,3.5,9.0,3.75],"tintindex":0,"rotation":0,"texture":"#0"},"up":{"uv":[9.25,5.25,9.0,5.125],"tintindex":0,"rotation":0,"texture":"#0"},"down":{"uv":[10.625,5.75,10.375,5.875],"tintindex":0,"rotation":0,"texture":"#0"}},"rotation":{"origin":[8.0,9.871701,7.6860056],"angle":22.5,"axis":"x"}},{"from":[9.2,10.56918,5.4534626],"to":[10.0,11.369179,5.4534626],"faces":{"south":{"uv":[9.125,4.0,9.25,4.125],"tintindex":0,"rotation":0,"texture":"#0"},"north":{"uv":[8.875,6.375,9.0,6.5],"tintindex":0,"rotation":0,"texture":"#0"}},"rotation":{"origin":[9.5,11.56918,5.4534626],"angle":22.5,"axis":"x"}},{"from":[8.6,9.266058,4.230192],"to":[11.1,10.266058,6.230192],"faces":{"east":{"uv":[10.375,6.0,10.625,6.125],"tintindex":0,"rotation":0,"texture":"#0"},"south":{"uv":[6.0,4.75,6.375,4.875],"tintindex":0,"rotation":0,"texture":"#0"},"north":{"uv":[5.5,4.75,5.875,4.875],"tintindex":0,"rotation":0,"texture":"#0"},"west":{"uv":[10.375,6.25,10.625,6.375],"tintindex":0,"rotation":0,"texture":"#0"},"up":{"uv":[10.125,9.25,9.75,9.0],"tintindex":0,"rotation":0,"texture":"#0"},"down":{"uv":[9.5,9.75,9.125,10.0],"tintindex":0,"rotation":0,"texture":"#0"}},"rotation":{"origin":[7.0,9.249022,8.100782],"angle":45.0,"axis":"x"}},{"from":[4.9,9.266058,4.230192],"to":[7.4,10.266058,6.230192],"faces":{"east":{"uv":[10.375,6.5,10.625,6.625],"tintindex":0,"rotation":0,"texture":"#0"},"south":{"uv":[10.375,0.75,10.75,0.875],"tintindex":0,"rotation":0,"texture":"#0"},"north":{"uv":[10.25,9.125,10.625,9.25],"tintindex":0,"rotation":0,"texture":"#0"},"west":{"uv":[6.625,10.375,6.875,10.5],"tintindex":0,"rotation":0,"texture":"#0"},"up":{"uv":[10.0,10.0,9.625,9.75],"tintindex":0,"rotation":0,"texture":"#0"},"down":{"uv":[0.375,9.875,0.0,10.125],"tintindex":0,"rotation":0,"texture":"#0"}},"rotation":{"origin":[9.0,9.249022,8.100782],"angle":45.0,"axis":"x"}},{"from":[7.1,8.38265,3.9051604],"to":[8.9,10.18265,6.7051606],"faces":{"east":{"uv":[9.875,1.125,10.25,1.375],"tintindex":0,"rotation":0,"texture":"#0"},"south":{"uv":[10.25,7.25,10.5,7.5],"tintindex":0,"rotation":0,"texture":"#0"},"north":{"uv":[7.25,10.25,7.5,10.5],"tintindex":0,"rotation":0,"texture":"#0"},"west":{"uv":[9.875,9.375,10.25,9.625],"tintindex":0,"rotation":0,"texture":"#0"},"up":{"uv":[10.25,2.75,10.0,2.375],"tintindex":0,"rotation":0,"texture":"#0"},"down":{"uv":[10.25,2.875,10.0,3.25],"tintindex":0,"rotation":0,"texture":"#0"}},"rotation":{"origin":[8.5,8.951335,4.757228],"angle":22.5,"axis":"x"}}],"display":{"gui":{"rotation":[-150.0,-45.0,180.0]}}}