{"textures":{"0":"modelengine:entity/nocsy_fairy_drakonin_baby","particle":"#0"},"elements":[{"from":[6.484951,5.5785284,5.4676857],"to":[8.484951,8.578528,8.467686],"faces":{"east":{"uv":[8.875,5.875,9.25,6.25],"tintindex":0,"rotation":0,"texture":"#0"},"south":{"uv":[10.0,3.875,10.25,4.25],"tintindex":0,"rotation":0,"texture":"#0"},"north":{"uv":[10.0,3.375,10.25,3.75],"tintindex":0,"rotation":0,"texture":"#0"},"west":{"uv":[0.0,9.0,0.375,9.375],"tintindex":0,"rotation":0,"texture":"#0"},"up":{"uv":[10.25,5.25,10.0,4.875],"tintindex":0,"rotation":0,"texture":"#0"},"down":{"uv":[10.25,5.375,10.0,5.75],"tintindex":0,"rotation":0,"texture":"#0"}},"rotation":{"origin":[10.2549515,7.9785285,7.787686],"angle":-22.5,"axis":"x"}}],"display":{"gui":{"rotation":[-150.0,-45.0,180.0]}}}