{"textures":{"0":"modelengine:entity/nocsy_fairy_drakonin_baby","particle":"#0"},"elements":[{"from":[7.42,4.914614,6.4553328],"to":[9.42,8.914614,8.455333],"faces":{"east":{"uv":[1.0,9.5,1.25,10.0],"tintindex":0,"rotation":0,"texture":"#0"},"south":{"uv":[1.375,9.5,1.625,10.0],"tintindex":0,"rotation":0,"texture":"#0"},"north":{"uv":[0.625,9.5,0.875,10.0],"tintindex":0,"rotation":0,"texture":"#0"},"west":{"uv":[1.75,9.5,2.0,10.0],"tintindex":0,"rotation":0,"texture":"#0"},"up":{"uv":[7.875,10.5,7.625,10.25],"tintindex":0,"rotation":0,"texture":"#0"},"down":{"uv":[10.5,7.625,10.25,7.875],"tintindex":0,"rotation":0,"texture":"#0"}},"rotation":{"origin":[7.71,8.278614,7.467333],"angle":22.5,"axis":"x"}}],"display":{"gui":{"rotation":[-150.0,-45.0,180.0]}}}