{"textures":{"0":"modelengine:entity/nocsy_fairy_drakonin_baby","particle":"#0"},"elements":[{"from":[6.598692,5.1304526,6.5085907],"to":[9.598692,8.130453,9.508591],"faces":{"east":{"uv":[0.5,9.0,0.875,9.375],"tintindex":0,"rotation":0,"texture":"#0"},"south":{"uv":[1.0,9.0,1.375,9.375],"tintindex":0,"rotation":0,"texture":"#0"},"north":{"uv":[9.0,0.0,9.375,0.375],"tintindex":0,"rotation":0,"texture":"#0"},"west":{"uv":[1.5,9.0,1.875,9.375],"tintindex":0,"rotation":0,"texture":"#0"},"up":{"uv":[9.375,1.875,9.0,1.5],"tintindex":0,"rotation":0,"texture":"#0"},"down":{"uv":[2.375,9.0,2.0,9.375],"tintindex":0,"rotation":0,"texture":"#0"}}},{"from":[6.608692,5.148013,5.521421],"to":[9.588692,6.1280127,6.5014205],"faces":{"east":{"uv":[3.25,10.0,3.375,10.125],"tintindex":0,"rotation":0,"texture":"#0"},"south":{"uv":[10.375,1.25,10.75,1.375],"tintindex":0,"rotation":0,"texture":"#0"},"north":{"uv":[10.375,1.0,10.75,1.125],"tintindex":0,"rotation":0,"texture":"#0"},"west":{"uv":[7.25,10.0,7.375,10.125],"tintindex":0,"rotation":0,"texture":"#0"},"up":{"uv":[10.75,1.625,10.375,1.5],"tintindex":0,"rotation":0,"texture":"#0"},"down":{"uv":[10.75,2.25,10.375,2.375],"tintindex":0,"rotation":0,"texture":"#0"}},"rotation":{"origin":[7.090604,5.1376486,6.50088],"angle":45.0,"axis":"x"}}],"display":{"gui":{"rotation":[-150.0,-45.0,180.0]}}}