{"textures":{"0":"modelengine:entity/nocsy_fairy_drakonin_baby","particle":"#0"},"elements":[{"from":[6.484951,5.178529,5.4676857],"to":[8.484951,9.178528,9.467686],"faces":{"east":{"uv":[5.0,7.875,5.5,8.375],"tintindex":0,"rotation":0,"texture":"#0"},"south":{"uv":[3.875,9.625,4.125,10.125],"tintindex":0,"rotation":0,"texture":"#0"},"north":{"uv":[3.5,9.625,3.75,10.125],"tintindex":0,"rotation":0,"texture":"#0"},"west":{"uv":[8.0,4.375,8.5,4.875],"tintindex":0,"rotation":0,"texture":"#0"},"up":{"uv":[4.5,10.125,4.25,9.625],"tintindex":0,"rotation":0,"texture":"#0"},"down":{"uv":[4.875,9.625,4.625,10.125],"tintindex":0,"rotation":0,"texture":"#0"}},"rotation":{"origin":[10.2549515,7.5785284,7.787686],"angle":-22.5,"axis":"x"}}],"display":{"gui":{"rotation":[-150.0,-45.0,180.0]}}}