{"textures":{"0":"modelengine:entity/nocsy_fairy_drakonin_baby","particle":"#0"},"elements":[{"from":[7.42,5.0249443,6.46084],"to":[9.42,9.024944,8.46084],"faces":{"east":{"uv":[5.375,9.625,5.625,10.125],"tintindex":0,"rotation":0,"texture":"#0"},"south":{"uv":[5.75,9.625,6.0,10.125],"tintindex":0,"rotation":0,"texture":"#0"},"north":{"uv":[5.0,9.625,5.25,10.125],"tintindex":0,"rotation":0,"texture":"#0"},"west":{"uv":[6.125,9.625,6.375,10.125],"tintindex":0,"rotation":0,"texture":"#0"},"up":{"uv":[10.5,8.625,10.25,8.375],"tintindex":0,"rotation":0,"texture":"#0"},"down":{"uv":[10.5,8.75,10.25,9.0],"tintindex":0,"rotation":0,"texture":"#0"}},"rotation":{"origin":[7.71,8.388945,7.2728405],"angle":22.5,"axis":"x"}}],"display":{"gui":{"rotation":[-150.0,-45.0,180.0]}}}