{"textures":{"0":"modelengine:entity/nocsy_fairy_drakonin_baby","particle":"#0"},"elements":[{"from":[6.603875,5.2045836,6.0675945],"to":[9.603875,8.204584,9.067595],"faces":{"east":{"uv":[9.125,6.375,9.5,6.75],"tintindex":0,"rotation":0,"texture":"#0"},"south":{"uv":[6.5,9.125,6.875,9.5],"tintindex":0,"rotation":0,"texture":"#0"},"north":{"uv":[6.0,9.125,6.375,9.5],"tintindex":0,"rotation":0,"texture":"#0"},"west":{"uv":[9.125,6.875,9.5,7.25],"tintindex":0,"rotation":0,"texture":"#0"},"up":{"uv":[8.125,9.5,7.75,9.125],"tintindex":0,"rotation":0,"texture":"#0"},"down":{"uv":[8.625,9.125,8.25,9.5],"tintindex":0,"rotation":0,"texture":"#0"}}},{"from":[6.6138754,5.421691,5.5775948],"to":[9.593875,6.4016905,6.5575943],"faces":{"east":{"uv":[10.375,9.375,10.5,9.5],"tintindex":0,"rotation":0,"texture":"#0"},"south":{"uv":[10.375,3.5,10.75,3.625],"tintindex":0,"rotation":0,"texture":"#0"},"north":{"uv":[10.375,3.25,10.75,3.375],"tintindex":0,"rotation":0,"texture":"#0"},"west":{"uv":[10.5,6.75,10.625,6.875],"tintindex":0,"rotation":0,"texture":"#0"},"up":{"uv":[10.75,3.875,10.375,3.75],"tintindex":0,"rotation":0,"texture":"#0"},"down":{"uv":[10.75,4.0,10.375,4.125],"tintindex":0,"rotation":0,"texture":"#0"}},"rotation":{"origin":[8.103875,5.9116907,6.0675945],"angle":45.0,"axis":"x"}}],"display":{"gui":{"rotation":[-150.0,-45.0,180.0]}}}