{"textures":{"0":"modelengine:entity/nocsy_fairy_drakonin_baby","particle":"#0"},"elements":[{"from":[6.4,8.26457,7.290993],"to":[9.6,12.524571,11.970993],"faces":{"east":{"uv":[7.75,3.75,8.25,4.25],"tintindex":0,"rotation":0,"texture":"#0"},"south":{"uv":[8.375,2.625,8.75,3.125],"tintindex":0,"rotation":0,"texture":"#0"},"north":{"uv":[8.375,2.0,8.75,2.5],"tintindex":0,"rotation":0,"texture":"#0"},"west":{"uv":[7.75,6.25,8.25,6.75],"tintindex":0,"rotation":0,"texture":"#0"},"up":{"uv":[8.75,3.75,8.375,3.25],"tintindex":0,"rotation":0,"texture":"#0"},"down":{"uv":[8.75,5.375,8.375,5.875],"tintindex":0,"rotation":0,"texture":"#0"}}},{"from":[6.51,10.685354,7.098831],"to":[9.49,14.665354,11.078831],"faces":{"east":{"uv":[3.75,7.875,4.25,8.375],"tintindex":0,"rotation":0,"texture":"#0"},"south":{"uv":[8.5,0.0,8.875,0.5],"tintindex":0,"rotation":0,"texture":"#0"},"north":{"uv":[8.375,6.0,8.75,6.5],"tintindex":0,"rotation":0,"texture":"#0"},"west":{"uv":[4.375,7.875,4.875,8.375],"tintindex":0,"rotation":0,"texture":"#0"},"up":{"uv":[4.0,9.0,3.625,8.5],"tintindex":0,"rotation":0,"texture":"#0"},"down":{"uv":[4.5,8.5,4.125,9.0],"tintindex":0,"rotation":0,"texture":"#0"}},"rotation":{"origin":[8.2442,12.937626,9.381488],"angle":-22.5,"axis":"x"}}],"display":{"gui":{"rotation":[-150.0,-45.0,180.0]}}}