{"textures":{"0":"modelengine:entity/nocsy_fairy_drakonin_baby","particle":"#0"},"elements":[{"from":[6.58,5.0249443,6.46084],"to":[8.58,9.024944,8.46084],"faces":{"east":{"uv":[2.875,9.75,3.125,10.25],"tintindex":0,"rotation":0,"texture":"#0"},"south":{"uv":[6.875,9.75,7.125,10.25],"tintindex":0,"rotation":0,"texture":"#0"},"north":{"uv":[8.25,9.625,8.5,10.125],"tintindex":0,"rotation":0,"texture":"#0"},"west":{"uv":[9.75,6.875,10.0,7.375],"tintindex":0,"rotation":0,"texture":"#0"},"up":{"uv":[10.625,0.25,10.375,0.0],"tintindex":0,"rotation":0,"texture":"#0"},"down":{"uv":[10.625,0.375,10.375,0.625],"tintindex":0,"rotation":0,"texture":"#0"}},"rotation":{"origin":[8.29,8.388945,7.2728405],"angle":22.5,"axis":"x"}}],"display":{"gui":{"rotation":[-150.0,-45.0,180.0]}}}