{"textures":{"0":"modelengine:entity/nocsy_fairy_drakonin_baby","particle":"#0"},"elements":[{"from":[7.515049,5.178529,5.4676857],"to":[9.515049,9.178528,9.467686],"faces":{"east":{"uv":[5.625,8.0,6.125,8.5],"tintindex":0,"rotation":0,"texture":"#0"},"south":{"uv":[6.5,9.625,6.75,10.125],"tintindex":0,"rotation":0,"texture":"#0"},"north":{"uv":[9.625,6.25,9.875,6.75],"tintindex":0,"rotation":0,"texture":"#0"},"west":{"uv":[8.0,6.875,8.5,7.375],"tintindex":0,"rotation":0,"texture":"#0"},"up":{"uv":[7.75,10.125,7.5,9.625],"tintindex":0,"rotation":0,"texture":"#0"},"down":{"uv":[8.125,9.625,7.875,10.125],"tintindex":0,"rotation":0,"texture":"#0"}},"rotation":{"origin":[5.745049,7.5785284,7.787686],"angle":-22.5,"axis":"x"}}],"display":{"gui":{"rotation":[-150.0,-45.0,180.0]}}}