{"textures":{"0":"modelengine:entity/nocsy_fairy_drakonin_baby","particle":"#0"},"elements":[{"from":[6.401308,5.1304526,6.5085907],"to":[9.401308,8.130453,9.508591],"faces":{"east":{"uv":[9.125,3.5,9.5,3.875],"tintindex":0,"rotation":0,"texture":"#0"},"south":{"uv":[4.0,9.125,4.375,9.5],"tintindex":0,"rotation":0,"texture":"#0"},"north":{"uv":[3.5,9.125,3.875,9.5],"tintindex":0,"rotation":0,"texture":"#0"},"west":{"uv":[4.5,9.125,4.875,9.5],"tintindex":0,"rotation":0,"texture":"#0"},"up":{"uv":[5.375,9.5,5.0,9.125],"tintindex":0,"rotation":0,"texture":"#0"},"down":{"uv":[5.875,9.125,5.5,9.5],"tintindex":0,"rotation":0,"texture":"#0"}}},{"from":[6.4113083,5.148013,5.521421],"to":[9.391308,6.1280127,6.5014205],"faces":{"east":{"uv":[8.375,10.25,8.5,10.375],"tintindex":0,"rotation":0,"texture":"#0"},"south":{"uv":[2.75,10.375,3.125,10.5],"tintindex":0,"rotation":0,"texture":"#0"},"north":{"uv":[10.375,2.5,10.75,2.625],"tintindex":0,"rotation":0,"texture":"#0"},"west":{"uv":[7.0,10.375,7.125,10.5],"tintindex":0,"rotation":0,"texture":"#0"},"up":{"uv":[10.75,2.875,10.375,2.75],"tintindex":0,"rotation":0,"texture":"#0"},"down":{"uv":[10.75,3.0,10.375,3.125],"tintindex":0,"rotation":0,"texture":"#0"}},"rotation":{"origin":[8.909396,5.1376486,6.50088],"angle":45.0,"axis":"x"}}],"display":{"gui":{"rotation":[-150.0,-45.0,180.0]}}}