{"textures":{"0":"modelengine:entity/nocsy_fairy_drakonin_baby","particle":"#0"},"elements":[{"from":[6.58,4.914614,6.4553328],"to":[8.58,8.914614,8.455333],"faces":{"east":{"uv":[2.5,9.5,2.75,10.0],"tintindex":0,"rotation":0,"texture":"#0"},"south":{"uv":[9.5,4.375,9.75,4.875],"tintindex":0,"rotation":0,"texture":"#0"},"north":{"uv":[2.125,9.5,2.375,10.0],"tintindex":0,"rotation":0,"texture":"#0"},"west":{"uv":[9.625,3.25,9.875,3.75],"tintindex":0,"rotation":0,"texture":"#0"},"up":{"uv":[8.25,10.5,8.0,10.25],"tintindex":0,"rotation":0,"texture":"#0"},"down":{"uv":[10.5,8.0,10.25,8.25],"tintindex":0,"rotation":0,"texture":"#0"}},"rotation":{"origin":[8.29,8.278614,7.467333],"angle":22.5,"axis":"x"}}],"display":{"gui":{"rotation":[-150.0,-45.0,180.0]}}}