{"textures":{"0":"modelengine:entity/nocsy_fairy_drakonin_baby","particle":"#0"},"elements":[{"from":[7.515049,5.5785284,5.4676857],"to":[9.515049,8.578528,8.467686],"faces":{"east":{"uv":[2.5,9.0,2.875,9.375],"tintindex":0,"rotation":0,"texture":"#0"},"south":{"uv":[10.0,6.375,10.25,6.75],"tintindex":0,"rotation":0,"texture":"#0"},"north":{"uv":[10.0,5.875,10.25,6.25],"tintindex":0,"rotation":0,"texture":"#0"},"west":{"uv":[9.0,4.625,9.375,5.0],"tintindex":0,"rotation":0,"texture":"#0"},"up":{"uv":[0.75,10.5,0.5,10.125],"tintindex":0,"rotation":0,"texture":"#0"},"down":{"uv":[1.125,10.125,0.875,10.5],"tintindex":0,"rotation":0,"texture":"#0"}},"rotation":{"origin":[5.745049,7.9785285,7.787686],"angle":-22.5,"axis":"x"}}],"display":{"gui":{"rotation":[-150.0,-45.0,180.0]}}}