{"textures":{"0":"modelengine:entity/nocsy_fairy_drakonin_baby","particle":"#0"},"elements":[{"from":[6.396125,5.2045836,6.0675945],"to":[9.396125,8.204584,9.067595],"faces":{"east":{"uv":[7.0,9.25,7.375,9.625],"tintindex":0,"rotation":0,"texture":"#0"},"south":{"uv":[9.25,7.375,9.625,7.75],"tintindex":0,"rotation":0,"texture":"#0"},"north":{"uv":[3.0,9.25,3.375,9.625],"tintindex":0,"rotation":0,"texture":"#0"},"west":{"uv":[9.25,7.875,9.625,8.25],"tintindex":0,"rotation":0,"texture":"#0"},"up":{"uv":[9.625,8.75,9.25,8.375],"tintindex":0,"rotation":0,"texture":"#0"},"down":{"uv":[9.125,9.25,8.75,9.625],"tintindex":0,"rotation":0,"texture":"#0"}}},{"from":[6.406125,5.421691,5.5775948],"to":[9.386125,6.4016905,6.5575943],"faces":{"east":{"uv":[10.5,7.0,10.625,7.125],"tintindex":0,"rotation":0,"texture":"#0"},"south":{"uv":[10.375,5.0,10.75,5.125],"tintindex":0,"rotation":0,"texture":"#0"},"north":{"uv":[10.375,4.75,10.75,4.875],"tintindex":0,"rotation":0,"texture":"#0"},"west":{"uv":[8.375,10.5,8.5,10.625],"tintindex":0,"rotation":0,"texture":"#0"},"up":{"uv":[10.75,5.375,10.375,5.25],"tintindex":0,"rotation":0,"texture":"#0"},"down":{"uv":[10.75,5.5,10.375,5.625],"tintindex":0,"rotation":0,"texture":"#0"}},"rotation":{"origin":[7.896125,5.9116907,6.0675945],"angle":45.0,"axis":"x"}}],"display":{"gui":{"rotation":[-150.0,-45.0,180.0]}}}