{"textures":{"0":"modelengine:entity/nocsy_fairy_drakonin_baby","particle":"#0"},"elements":[{"from":[7.0,4.2002487,9.232946],"to":[9.0,7.2002487,12.232946],"faces":{"east":{"uv":[9.375,1.0,9.75,1.375],"tintindex":0,"rotation":0,"texture":"#0"},"south":{"uv":[1.625,10.125,1.875,10.5],"tintindex":0,"rotation":0,"texture":"#0"},"north":{"uv":[1.25,10.125,1.5,10.5],"tintindex":0,"rotation":0,"texture":"#0"},"west":{"uv":[9.375,2.0,9.75,2.375],"tintindex":0,"rotation":0,"texture":"#0"},"up":{"uv":[2.25,10.5,2.0,10.125],"tintindex":0,"rotation":0,"texture":"#0"},"down":{"uv":[2.625,10.125,2.375,10.5],"tintindex":0,"rotation":0,"texture":"#0"}}},{"from":[8.0,5.9780197,9.979645],"to":[8.0,15.97802,18.979645],"faces":{"east":{"uv":[4.0,5.0,5.125,6.25],"tintindex":0,"rotation":0,"texture":"#0"},"west":{"uv":[5.25,5.0,6.375,6.25],"tintindex":0,"rotation":0,"texture":"#0"}},"rotation":{"origin":[8.0,9.17802,14.679646],"angle":-45.0,"axis":"x"}},{"from":[6.5,3.3836846,6.9222975],"to":[9.5,7.3836846,9.922298],"faces":{"east":{"uv":[5.125,8.5,5.5,9.0],"tintindex":0,"rotation":0,"texture":"#0"},"south":{"uv":[6.25,8.5,6.625,9.0],"tintindex":0,"rotation":0,"texture":"#0"},"north":{"uv":[4.625,8.5,5.0,9.0],"tintindex":0,"rotation":0,"texture":"#0"},"west":{"uv":[6.75,8.5,7.125,9.0],"tintindex":0,"rotation":0,"texture":"#0"},"up":{"uv":[9.625,9.25,9.25,8.875],"tintindex":0,"rotation":0,"texture":"#0"},"down":{"uv":[9.75,0.5,9.375,0.875],"tintindex":0,"rotation":0,"texture":"#0"}},"rotation":{"origin":[7.66,4.6718206,10.50477],"angle":22.5,"axis":"x"}}],"display":{"gui":{"rotation":[-150.0,-45.0,180.0]}}}