{"textures":{"0":"modelengine:entity/toffy_dark_mage_lvl2","particle":"#0"},"elements":[{"from":[3.5,10.802387,4.5338697],"to":[12.5,13.802387,7.5338697],"faces":{"east":{"uv":[1.75,8.875,2.125,9.25],"tintindex":0,"rotation":0,"texture":"#0"},"south":{"uv":[9.125,1.375,10.25,1.75],"tintindex":0,"rotation":0,"texture":"#0"},"north":{"uv":[9.125,0.875,10.25,1.25],"tintindex":0,"rotation":0,"texture":"#0"},"west":{"uv":[3.0,9.75,3.375,10.125],"tintindex":0,"rotation":0,"texture":"#0"},"up":{"uv":[10.25,2.25,9.125,1.875],"tintindex":0,"rotation":0,"texture":"#0"},"down":{"uv":[10.25,2.375,9.125,2.75],"tintindex":0,"rotation":0,"texture":"#0"}},"rotation":{"origin":[8.0,10.802387,7.5338697],"angle":-45.0,"axis":"x"}},{"from":[11.5,11.802387,7.5338697],"to":[12.5,13.802387,10.53387],"faces":{"east":{"uv":[0.0,7.5,0.375,7.75],"tintindex":0,"rotation":0,"texture":"#0"},"south":{"uv":[10.125,5.25,10.25,5.5],"tintindex":0,"rotation":0,"texture":"#0"},"north":{"uv":[10.125,0.5,10.25,0.75],"tintindex":0,"rotation":0,"texture":"#0"},"west":{"uv":[0.5,7.5,0.875,7.75],"tintindex":0,"rotation":0,"texture":"#0"},"up":{"uv":[10.25,0.375,10.125,0.0],"tintindex":0,"rotation":0,"texture":"#0"},"down":{"uv":[10.25,4.75,10.125,5.125],"tintindex":0,"rotation":0,"texture":"#0"}},"rotation":{"origin":[8.0,10.802387,7.5338697],"angle":-45.0,"axis":"x"}},{"from":[4.0,5.0,5.0],"to":[12.0,12.0,11.975],"faces":{"east":{"uv":[8.0,0.0,8.875,0.875],"tintindex":0,"rotation":0,"texture":"#0"},"south":{"uv":[7.625,7.75,8.625,8.625],"tintindex":0,"rotation":0,"texture":"#0"},"north":{"uv":[7.75,2.875,8.75,3.75],"tintindex":0,"rotation":0,"texture":"#0"},"west":{"uv":[3.5,8.25,4.375,9.125],"tintindex":0,"rotation":0,"texture":"#0"},"up":{"uv":[1.0,8.75,0.0,7.875],"tintindex":0,"rotation":0,"texture":"#0"},"down":{"uv":[2.125,7.875,1.125,8.75],"tintindex":0,"rotation":0,"texture":"#0"}}},{"from":[4.5,10.0,4.5],"to":[5.5,14.0,9.5],"faces":{"east":{"uv":[9.625,7.125,10.25,7.625],"tintindex":0,"rotation":0,"texture":"#0"},"south":{"uv":[0.25,10.0,0.375,10.5],"tintindex":0,"rotation":0,"texture":"#0"},"north":{"uv":[0.0,10.0,0.125,10.5],"tintindex":0,"rotation":0,"texture":"#0"},"west":{"uv":[7.625,9.625,8.25,10.125],"tintindex":0,"rotation":0,"texture":"#0"},"up":{"uv":[6.875,10.5,6.75,9.875],"tintindex":0,"rotation":0,"texture":"#0"},"down":{"uv":[7.125,9.875,7.0,10.5],"tintindex":0,"rotation":0,"texture":"#0"}},"rotation":{"origin":[8.0,13.0,5.0],"angle":-22.5,"axis":"x"}},{"from":[3.0,9.78462,6.5267906],"to":[13.0,13.78462,12.526791],"faces":{"east":{"uv":[6.375,5.625,7.125,6.125],"tintindex":0,"rotation":0,"texture":"#0"},"south":{"uv":[6.25,8.375,7.5,8.875],"tintindex":0,"rotation":0,"texture":"#0"},"north":{"uv":[8.375,5.875,9.625,6.375],"tintindex":0,"rotation":0,"texture":"#0"},"west":{"uv":[6.75,3.875,7.5,4.375],"tintindex":0,"rotation":0,"texture":"#0"},"up":{"uv":[9.0,1.875,7.75,1.125],"tintindex":0,"rotation":0,"texture":"#0"},"down":{"uv":[9.0,2.0,7.75,2.75],"tintindex":0,"rotation":0,"texture":"#0"}},"rotation":{"origin":[8.0,9.03462,9.526791],"angle":22.5,"axis":"x"}},{"from":[5.5,10.0,4.5],"to":[10.5,14.0,4.5],"faces":{"south":{"uv":[9.375,9.5,10.0,10.0],"tintindex":0,"rotation":0,"texture":"#0"},"north":{"uv":[7.625,4.875,8.25,5.375],"tintindex":0,"rotation":0,"texture":"#0"}},"rotation":{"origin":[8.0,13.0,5.0],"angle":-22.5,"axis":"x"}},{"from":[2.0,-5.0,4.575],"to":[14.0,5.0,11.425],"faces":{"east":{"uv":[6.75,1.125,7.625,2.375],"tintindex":0,"rotation":0,"texture":"#0"},"south":{"uv":[2.875,1.375,4.375,2.625],"tintindex":0,"rotation":0,"texture":"#0"},"north":{"uv":[2.875,0.0,4.375,1.25],"tintindex":0,"rotation":0,"texture":"#0"},"west":{"uv":[6.75,2.5,7.625,3.75],"tintindex":0,"rotation":0,"texture":"#0"},"up":{"uv":[5.5,7.125,4.0,6.25],"tintindex":0,"rotation":0,"texture":"#0"},"down":{"uv":[7.125,6.25,5.625,7.125],"tintindex":0,"rotation":0,"texture":"#0"}}},{"from":[2.5,8.802387,1.5338697],"to":[13.5,11.802387,9.53387],"faces":{"east":{"uv":[3.125,9.25,4.125,9.625],"tintindex":0,"rotation":0,"texture":"#0"},"south":{"uv":[8.875,3.375,10.25,3.75],"tintindex":0,"rotation":0,"texture":"#0"},"north":{"uv":[8.875,2.875,10.25,3.25],"tintindex":0,"rotation":0,"texture":"#0"},"west":{"uv":[4.25,9.25,5.25,9.625],"tintindex":0,"rotation":0,"texture":"#0"},"up":{"uv":[2.375,6.75,1.0,5.75],"tintindex":0,"rotation":0,"texture":"#0"},"down":{"uv":[3.875,6.25,2.5,7.25],"tintindex":0,"rotation":0,"texture":"#0"}},"rotation":{"origin":[8.0,10.802387,7.5338697],"angle":-45.0,"axis":"x"}},{"from":[3.5,11.802387,7.5338697],"to":[4.5,13.802387,10.53387],"faces":{"east":{"uv":[0.875,7.5,0.5,7.75],"tintindex":0,"rotation":0,"texture":"#0"},"south":{"uv":[10.25,5.25,10.125,5.5],"tintindex":0,"rotation":0,"texture":"#0"},"north":{"uv":[10.25,0.5,10.125,0.75],"tintindex":0,"rotation":0,"texture":"#0"},"west":{"uv":[0.375,7.5,0.0,7.75],"tintindex":0,"rotation":0,"texture":"#0"},"up":{"uv":[10.125,0.375,10.25,0.0],"tintindex":0,"rotation":0,"texture":"#0"},"down":{"uv":[10.125,4.75,10.25,5.125],"tintindex":0,"rotation":0,"texture":"#0"}},"rotation":{"origin":[8.0,10.802387,7.5338697],"angle":-45.0,"axis":"x"}},{"from":[10.5,10.0,4.5],"to":[11.5,14.0,9.5],"faces":{"east":{"uv":[9.625,3.875,10.25,4.375],"tintindex":0,"rotation":0,"texture":"#0"},"south":{"uv":[7.25,9.875,7.375,10.375],"tintindex":0,"rotation":0,"texture":"#0"},"north":{"uv":[9.75,5.875,9.875,6.375],"tintindex":0,"rotation":0,"texture":"#0"},"west":{"uv":[9.625,6.5,10.25,7.0],"tintindex":0,"rotation":0,"texture":"#0"},"up":{"uv":[6.375,10.5,6.25,9.875],"tintindex":0,"rotation":0,"texture":"#0"},"down":{"uv":[6.625,9.875,6.5,10.5],"tintindex":0,"rotation":0,"texture":"#0"}},"rotation":{"origin":[8.0,13.0,5.0],"angle":-22.5,"axis":"x"}}],"display":{"gui":{"rotation":[-150.0,-45.0,180.0]}}}