{"textures":{"0":"modelengine:entity/nocsy_chibi_jackospoon","particle":"#0"},"elements":[{"from":[6.5,5.0,6.8],"to":[9.5,9.0,9.8],"faces":{"east":{"uv":[1.0,10.0,1.75,11.0],"tintindex":0,"rotation":0,"texture":"#0"},"south":{"uv":[2.0,10.0,2.75,11.0],"tintindex":0,"rotation":0,"texture":"#0"},"north":{"uv":[0.0,10.0,0.75,11.0],"tintindex":0,"rotation":0,"texture":"#0"},"west":{"uv":[3.0,10.0,3.75,11.0],"tintindex":0,"rotation":0,"texture":"#0"},"up":{"uv":[11.25,4.75,10.5,4.0],"tintindex":0,"rotation":0,"texture":"#0"},"down":{"uv":[11.25,5.0,10.5,5.75],"tintindex":0,"rotation":0,"texture":"#0"}}}],"display":{"gui":{"rotation":[-150.0,-45.0,180.0]}}}