{"textures":{"0":"modelengine:entity/nocsy_stoned_armadillo","particle":"#0"},"elements":[{"from":[4.58333,7.32845,3.95849],"to":[11.58333,14.32845,11.95849],"faces":{"east":{"uv":[1.25,2.25,2.25,3.125],"tintindex":0,"rotation":0,"texture":"#0"},"south":{"uv":[3.375,2.0,4.25,2.875],"tintindex":0,"rotation":0,"texture":"#0"},"north":{"uv":[3.375,1.0,4.25,1.875],"tintindex":0,"rotation":0,"texture":"#0"},"west":{"uv":[2.375,0.0,3.375,0.875],"tintindex":0,"rotation":0,"texture":"#0"},"up":{"uv":[3.25,2.0,2.375,1.0],"tintindex":0,"rotation":0,"texture":"#0"},"down":{"uv":[3.25,2.125,2.375,3.125],"tintindex":0,"rotation":0,"texture":"#0"}}},{"from":[4.4833302,9.12848,3.8637204],"to":[6.68333,11.328481,5.06372],"faces":{"east":{"uv":[0.875,3.5,1.0,3.75],"tintindex":0,"rotation":0,"texture":"#0"},"south":{"uv":[7.875,4.5,8.125,4.75],"tintindex":0,"rotation":0,"texture":"#0"},"north":{"uv":[5.0,1.625,5.25,1.875],"tintindex":0,"rotation":0,"texture":"#0"},"west":{"uv":[0.875,3.875,1.0,4.125],"tintindex":0,"rotation":0,"texture":"#0"},"up":{"uv":[3.625,3.125,3.375,3.0],"tintindex":0,"rotation":0,"texture":"#0"},"down":{"uv":[4.0,3.0,3.75,3.125],"tintindex":0,"rotation":0,"texture":"#0"}}},{"from":[4.08333,12.92845,3.5584898],"to":[12.08333,15.928451,8.55849],"faces":{"east":{"uv":[6.875,3.125,7.5,3.5],"tintindex":0,"rotation":0,"texture":"#0"},"south":{"uv":[5.625,2.125,6.625,2.5],"tintindex":0,"rotation":0,"texture":"#0"},"north":{"uv":[5.625,1.625,6.625,2.0],"tintindex":0,"rotation":0,"texture":"#0"},"west":{"uv":[6.875,3.625,7.5,4.0],"tintindex":0,"rotation":0,"texture":"#0"},"up":{"uv":[3.875,4.875,2.875,4.25],"tintindex":0,"rotation":0,"texture":"#0"},"down":{"uv":[5.25,3.0,4.25,3.625],"tintindex":0,"rotation":0,"texture":"#0"}},"rotation":{"origin":[9.08333,12.42845,6.55849],"angle":-22.5,"axis":"x"}},{"from":[4.0933304,7.8651905,5.97941],"to":[12.07333,10.84519,11.95941],"faces":{"east":{"uv":[0.0,7.0,0.75,7.375],"tintindex":0,"rotation":0,"texture":"#0"},"south":{"uv":[6.0,2.625,7.0,3.0],"tintindex":0,"rotation":0,"texture":"#0"},"north":{"uv":[1.125,6.0,2.125,6.375],"tintindex":0,"rotation":0,"texture":"#0"},"west":{"uv":[0.75,7.0,1.5,7.375],"tintindex":0,"rotation":0,"texture":"#0"},"up":{"uv":[5.25,4.5,4.25,3.75],"tintindex":0,"rotation":0,"texture":"#0"},"down":{"uv":[5.375,0.0,4.375,0.625],"tintindex":0,"rotation":0,"texture":"#0"}},"rotation":{"origin":[8.08333,8.85519,9.46941],"angle":-22.5,"axis":"x"}},{"from":[9.48333,9.12848,3.8637204],"to":[11.683331,11.328481,5.06372],"faces":{"east":{"uv":[0.625,4.5,0.75,4.75],"tintindex":0,"rotation":0,"texture":"#0"},"south":{"uv":[5.75,7.875,6.0,8.125],"tintindex":0,"rotation":0,"texture":"#0"},"north":{"uv":[7.875,4.875,8.125,5.125],"tintindex":0,"rotation":0,"texture":"#0"},"west":{"uv":[5.375,1.625,5.5,1.875],"tintindex":0,"rotation":0,"texture":"#0"},"up":{"uv":[0.25,5.875,0.0,5.75],"tintindex":0,"rotation":0,"texture":"#0"},"down":{"uv":[3.5,6.375,3.25,6.5],"tintindex":0,"rotation":0,"texture":"#0"}}},{"from":[4.08333,9.88487,11.30253],"to":[12.08333,12.88487,13.30253],"faces":{"east":{"uv":[7.875,2.5,8.125,2.875],"tintindex":0,"rotation":0,"texture":"#0"},"south":{"uv":[0.0,6.0,1.0,6.375],"tintindex":0,"rotation":0,"texture":"#0"},"north":{"uv":[2.5,5.875,3.5,6.25],"tintindex":0,"rotation":0,"texture":"#0"},"west":{"uv":[7.875,4.0,8.125,4.375],"tintindex":0,"rotation":0,"texture":"#0"},"up":{"uv":[7.75,2.375,6.75,2.125],"tintindex":0,"rotation":0,"texture":"#0"},"down":{"uv":[7.875,1.125,6.875,1.375],"tintindex":0,"rotation":0,"texture":"#0"}},"rotation":{"origin":[8.58333,14.38487,8.80253],"angle":22.5,"axis":"x"}},{"from":[5.08333,10.02848,3.76372],"to":[6.08333,11.02848,3.76372],"faces":{"east":{"uv":[0.875,3.5,1.0,3.75],"tintindex":0,"rotation":0,"texture":"#0"},"south":{"uv":[5.125,1.75,5.0,1.875],"tintindex":0,"rotation":0,"texture":"#0"},"north":{"uv":[5.0,1.75,5.125,1.875],"tintindex":0,"rotation":0,"texture":"#0"},"west":{"uv":[0.875,3.875,1.0,4.125],"tintindex":0,"rotation":0,"texture":"#0"},"up":{"uv":[3.625,3.125,3.375,3.0],"tintindex":0,"rotation":0,"texture":"#0"},"down":{"uv":[4.0,3.0,3.75,3.125],"tintindex":0,"rotation":0,"texture":"#0"}}},{"from":[5.38333,9.22848,3.8387203],"to":[6.68333,10.72848,3.8387203],"faces":{"east":{"uv":[0.875,3.5,1.0,3.75],"tintindex":0,"rotation":0,"texture":"#0"},"south":{"uv":[8.625,1.75,8.375,2.0],"tintindex":0,"rotation":0,"texture":"#0"},"north":{"uv":[8.375,1.75,8.625,2.0],"tintindex":0,"rotation":0,"texture":"#0"},"west":{"uv":[0.875,3.875,1.0,4.125],"tintindex":0,"rotation":0,"texture":"#0"},"up":{"uv":[3.625,3.125,3.375,3.0],"tintindex":0,"rotation":0,"texture":"#0"},"down":{"uv":[4.0,3.0,3.75,3.125],"tintindex":0,"rotation":0,"texture":"#0"}}},{"from":[4.0933304,12.594871,6.3125305],"to":[12.07333,15.57487,13.29253],"faces":{"east":{"uv":[2.25,6.375,3.125,6.75],"tintindex":0,"rotation":0,"texture":"#0"},"south":{"uv":[5.75,1.0,6.75,1.375],"tintindex":0,"rotation":0,"texture":"#0"},"north":{"uv":[5.75,0.5,6.75,0.875],"tintindex":0,"rotation":0,"texture":"#0"},"west":{"uv":[6.375,4.375,7.25,4.75],"tintindex":0,"rotation":0,"texture":"#0"},"up":{"uv":[1.0,3.375,0.0,2.5],"tintindex":0,"rotation":0,"texture":"#0"},"down":{"uv":[2.125,3.25,1.125,4.125],"tintindex":0,"rotation":0,"texture":"#0"}},"rotation":{"origin":[8.58333,14.08487,8.80253],"angle":22.5,"axis":"x"}},{"from":[9.08333,10.02848,3.76372],"to":[10.08333,11.02848,3.76372],"faces":{"east":{"uv":[0.875,3.5,1.0,3.75],"tintindex":0,"rotation":0,"texture":"#0"},"south":{"uv":[5.125,1.75,5.0,1.875],"tintindex":0,"rotation":0,"texture":"#0"},"north":{"uv":[5.0,1.75,5.125,1.875],"tintindex":0,"rotation":0,"texture":"#0"},"west":{"uv":[0.875,3.875,1.0,4.125],"tintindex":0,"rotation":0,"texture":"#0"},"up":{"uv":[3.625,3.125,3.375,3.0],"tintindex":0,"rotation":0,"texture":"#0"},"down":{"uv":[4.0,3.0,3.75,3.125],"tintindex":0,"rotation":0,"texture":"#0"}}},{"from":[9.48333,9.22848,3.8387203],"to":[10.78333,10.72848,3.8387203],"faces":{"east":{"uv":[1.0,3.875,0.875,4.125],"tintindex":0,"rotation":0,"texture":"#0"},"south":{"uv":[8.375,1.75,8.625,2.0],"tintindex":0,"rotation":0,"texture":"#0"},"north":{"uv":[8.625,1.75,8.375,2.0],"tintindex":0,"rotation":0,"texture":"#0"},"west":{"uv":[1.0,3.5,0.875,3.75],"tintindex":0,"rotation":0,"texture":"#0"},"up":{"uv":[3.375,3.125,3.625,3.0],"tintindex":0,"rotation":0,"texture":"#0"},"down":{"uv":[3.75,3.0,4.0,3.125],"tintindex":0,"rotation":0,"texture":"#0"}}},{"from":[6.58333,10.51398,2.4474602],"to":[9.58333,14.51398,5.44746],"faces":{"east":{"uv":[7.375,4.875,7.75,5.375],"tintindex":0,"rotation":0,"texture":"#0"},"south":{"uv":[7.5,0.0,7.875,0.5],"tintindex":0,"rotation":0,"texture":"#0"},"north":{"uv":[7.375,1.5,7.75,2.0],"tintindex":0,"rotation":0,"texture":"#0"},"west":{"uv":[0.5,7.5,0.875,8.0],"tintindex":0,"rotation":0,"texture":"#0"},"up":{"uv":[8.0,3.375,7.625,3.0],"tintindex":0,"rotation":0,"texture":"#0"},"down":{"uv":[3.875,7.625,3.5,8.0],"tintindex":0,"rotation":0,"texture":"#0"}}}],"display":{"gui":{"rotation":[-150.0,-45.0,180.0]}}}