{"textures":{"0":"modelengine:entity/nocsy_stoned_armadillo","particle":"#0"},"elements":[{"from":[6.6,7.71911,1.4497701],"to":[9.4,10.51911,8.249769],"faces":{"east":{"uv":[0.0,6.5,0.875,6.875],"tintindex":0,"rotation":0,"texture":"#0"},"south":{"uv":[4.75,7.625,5.125,8.0],"tintindex":0,"rotation":0,"texture":"#0"},"north":{"uv":[7.625,3.5,8.0,3.875],"tintindex":0,"rotation":0,"texture":"#0"},"west":{"uv":[1.0,6.5,1.875,6.875],"tintindex":0,"rotation":0,"texture":"#0"},"up":{"uv":[3.625,7.5,3.25,6.625],"tintindex":0,"rotation":0,"texture":"#0"},"down":{"uv":[4.125,6.625,3.75,7.5],"tintindex":0,"rotation":0,"texture":"#0"}}}],"display":{"gui":{"rotation":[-150.0,-45.0,180.0]}}}