{"textures":{"0":"modelengine:entity/nocsy_stoned_armadillo","particle":"#0"},"elements":[{"from":[6.0,3.5000005,6.5],"to":[9.0,8.5,9.5],"faces":{"east":{"uv":[0.375,7.5,0.0,8.125],"tintindex":0,"rotation":0,"texture":"#0"},"south":{"uv":[7.75,6.0,7.375,6.625],"tintindex":0,"rotation":0,"texture":"#0"},"north":{"uv":[7.625,7.25,7.25,7.875],"tintindex":0,"rotation":0,"texture":"#0"},"west":{"uv":[7.75,4.125,7.375,4.75],"tintindex":0,"rotation":0,"texture":"#0"},"up":{"uv":[7.875,1.875,8.25,1.5],"tintindex":0,"rotation":0,"texture":"#0"},"down":{"uv":[7.875,2.0,8.25,2.375],"tintindex":0,"rotation":0,"texture":"#0"}}}],"display":{"gui":{"rotation":[-150.0,-45.0,180.0]}}}