{"textures":{"0":"modelengine:entity/nocsy_stoned_armadillo","particle":"#0"},"elements":[{"from":[6.5,4.0,6.0],"to":[10.5,10.0,10.0],"faces":{"east":{"uv":[1.25,5.125,1.75,5.875],"tintindex":0,"rotation":0,"texture":"#0"},"south":{"uv":[1.875,5.125,2.375,5.875],"tintindex":0,"rotation":0,"texture":"#0"},"north":{"uv":[0.625,5.125,1.125,5.875],"tintindex":0,"rotation":0,"texture":"#0"},"west":{"uv":[3.625,5.125,4.125,5.875],"tintindex":0,"rotation":0,"texture":"#0"},"up":{"uv":[7.25,2.0,6.75,1.5],"tintindex":0,"rotation":0,"texture":"#0"},"down":{"uv":[7.25,6.625,6.75,7.125],"tintindex":0,"rotation":0,"texture":"#0"}}}],"display":{"gui":{"rotation":[-150.0,-45.0,180.0]}}}