{"textures":{"0":"modelengine:entity/nocsy_stoned_armadillo","particle":"#0"},"elements":[{"from":[5.5,4.0,6.0],"to":[9.5,10.0,10.0],"faces":{"east":{"uv":[4.875,5.125,5.375,5.875],"tintindex":0,"rotation":0,"texture":"#0"},"south":{"uv":[5.375,2.625,5.875,3.375],"tintindex":0,"rotation":0,"texture":"#0"},"north":{"uv":[4.25,5.125,4.75,5.875],"tintindex":0,"rotation":0,"texture":"#0"},"west":{"uv":[5.375,3.5,5.875,4.25],"tintindex":0,"rotation":0,"texture":"#0"},"up":{"uv":[7.375,1.0,6.875,0.5],"tintindex":0,"rotation":0,"texture":"#0"},"down":{"uv":[2.5,6.875,2.0,7.375],"tintindex":0,"rotation":0,"texture":"#0"}}}],"display":{"gui":{"rotation":[-150.0,-45.0,180.0]}}}