{"textures":{"0":"modelengine:entity/nocsy_stoned_armadillo","particle":"#0"},"elements":[{"from":[6.5,6.5,7.6],"to":[9.5,9.5,12.599999],"faces":{"east":{"uv":[7.125,2.5,7.75,2.875],"tintindex":0,"rotation":0,"texture":"#0"},"south":{"uv":[1.375,7.75,1.75,8.125],"tintindex":0,"rotation":0,"texture":"#0"},"north":{"uv":[5.25,7.625,5.625,8.0],"tintindex":0,"rotation":0,"texture":"#0"},"west":{"uv":[5.0,7.125,5.625,7.5],"tintindex":0,"rotation":0,"texture":"#0"},"up":{"uv":[3.0,7.5,2.625,6.875],"tintindex":0,"rotation":0,"texture":"#0"},"down":{"uv":[1.875,7.0,1.5,7.625],"tintindex":0,"rotation":0,"texture":"#0"}}}],"display":{"gui":{"rotation":[-150.0,-45.0,180.0]}}}