{"textures":{"0":"modelengine:entity/nocsy_stoned_armadillo","particle":"#0"},"elements":[{"from":[5.5,6.0,5.0],"to":[10.5,10.0,11.0],"faces":{"east":{"uv":[5.375,6.0,6.125,6.5],"tintindex":0,"rotation":0,"texture":"#0"},"south":{"uv":[6.625,4.875,7.25,5.375],"tintindex":0,"rotation":0,"texture":"#0"},"north":{"uv":[4.25,6.625,4.875,7.125],"tintindex":0,"rotation":0,"texture":"#0"},"west":{"uv":[6.25,6.0,7.0,6.5],"tintindex":0,"rotation":0,"texture":"#0"},"up":{"uv":[5.625,1.5,5.0,0.75],"tintindex":0,"rotation":0,"texture":"#0"},"down":{"uv":[3.5,5.0,2.875,5.75],"tintindex":0,"rotation":0,"texture":"#0"}}}],"display":{"gui":{"rotation":[-150.0,-45.0,180.0]}}}