{"textures":{"0":"modelengine:entity/nocsy_stoned_armadillo","particle":"#0"},"elements":[{"from":[3.5,3.5,11.0],"to":[12.5,12.5,15.0],"faces":{"east":{"uv":[4.375,0.75,4.875,1.875],"tintindex":0,"rotation":0,"texture":"#0"},"south":{"uv":[0.0,1.25,1.125,2.375],"tintindex":0,"rotation":0,"texture":"#0"},"north":{"uv":[0.0,0.0,1.125,1.125],"tintindex":0,"rotation":0,"texture":"#0"},"west":{"uv":[4.875,0.75,4.375,1.875],"tintindex":0,"rotation":0,"texture":"#0"},"up":{"uv":[5.5,2.5,4.375,2.0],"tintindex":0,"rotation":0,"texture":"#0"},"down":{"uv":[5.125,4.5,4.0,5.0],"tintindex":0,"rotation":0,"texture":"#0"}}},{"from":[4.5,4.5,5.0],"to":[11.5,11.5,11.0],"faces":{"east":{"uv":[0.0,3.5,0.75,4.375],"tintindex":0,"rotation":0,"texture":"#0"},"south":{"uv":[3.25,3.25,4.125,4.125],"tintindex":0,"rotation":0,"texture":"#0"},"north":{"uv":[2.25,3.25,3.125,4.125],"tintindex":0,"rotation":0,"texture":"#0"},"west":{"uv":[3.5,0.0,4.25,0.875],"tintindex":0,"rotation":0,"texture":"#0"},"up":{"uv":[1.75,5.0,0.875,4.25],"tintindex":0,"rotation":0,"texture":"#0"},"down":{"uv":[2.75,4.25,1.875,5.0],"tintindex":0,"rotation":0,"texture":"#0"}}},{"from":[3.99,8.49,3.99],"to":[12.01,11.51,12.01],"faces":{"east":{"uv":[5.5,0.0,6.5,0.375],"tintindex":0,"rotation":0,"texture":"#0"},"south":{"uv":[5.5,5.0,6.5,5.375],"tintindex":0,"rotation":0,"texture":"#0"},"north":{"uv":[5.25,4.5,6.25,4.875],"tintindex":0,"rotation":0,"texture":"#0"},"west":{"uv":[5.5,5.5,6.5,5.875],"tintindex":0,"rotation":0,"texture":"#0"},"up":{"uv":[2.25,1.0,1.25,0.0],"tintindex":0,"rotation":0,"texture":"#0"},"down":{"uv":[2.25,1.125,1.25,2.125],"tintindex":0,"rotation":0,"texture":"#0"}}}],"display":{"gui":{"rotation":[-150.0,-45.0,180.0]}}}