{"textures":{"0":"modelengine:entity/toy_bone","particle":"#0"},"elements":[{"from":[6.5,6.2932916,-0.8096981],"to":[8.5,8.293291,8.190302],"faces":{"east":{"uv":[0.0,0.0,4.5,1.0],"tintindex":0,"rotation":0,"texture":"#0"},"south":{"uv":[4.5,6.5,5.5,7.5],"tintindex":0,"rotation":0,"texture":"#0"},"north":{"uv":[3.0,6.5,4.0,7.5],"tintindex":0,"rotation":0,"texture":"#0"},"west":{"uv":[0.0,1.5,4.5,2.5],"tintindex":0,"rotation":0,"texture":"#0"},"up":{"uv":[1.0,7.5,0.0,3.0],"tintindex":0,"rotation":0,"texture":"#0"},"down":{"uv":[2.5,3.0,1.5,7.5],"tintindex":0,"rotation":0,"texture":"#0"}}},{"from":[7.0,6.2932916,-1.8096981],"to":[9.0,8.293291,0.19030094],"faces":{"east":{"uv":[7.0,0.0,8.0,1.0],"tintindex":0,"rotation":0,"texture":"#0"},"south":{"uv":[7.0,1.5,8.0,2.5],"tintindex":0,"rotation":0,"texture":"#0"},"north":{"uv":[6.0,6.5,7.0,7.5],"tintindex":0,"rotation":0,"texture":"#0"},"west":{"uv":[7.0,3.0,8.0,4.0],"tintindex":0,"rotation":0,"texture":"#0"},"up":{"uv":[8.0,5.5,7.0,4.5],"tintindex":0,"rotation":0,"texture":"#0"},"down":{"uv":[8.5,6.0,7.5,7.0],"tintindex":0,"rotation":0,"texture":"#0"}},"rotation":{"origin":[7.5,7.2932916,1.690301],"angle":22.5,"axis":"x"}},{"from":[5.5,7.25,-3.619398],"to":[8.5,9.25,-0.6193981],"faces":{"east":{"uv":[3.0,5.0,4.5,6.0],"tintindex":0,"rotation":0,"texture":"#0"},"south":{"uv":[5.0,3.5,6.5,4.5],"tintindex":0,"rotation":0,"texture":"#0"},"north":{"uv":[5.0,2.0,6.5,3.0],"tintindex":0,"rotation":0,"texture":"#0"},"west":{"uv":[5.0,5.0,6.5,6.0],"tintindex":0,"rotation":0,"texture":"#0"},"up":{"uv":[4.5,4.5,3.0,3.0],"tintindex":0,"rotation":0,"texture":"#0"},"down":{"uv":[6.5,0.0,5.0,1.5],"tintindex":0,"rotation":0,"texture":"#0"}},"rotation":{"origin":[8.0,8.25,-0.6193981],"angle":-45.0,"axis":"x"}},{"from":[5.5,7.0,8.0],"to":[7.5,9.0,10.0],"faces":{"east":{"uv":[0.0,8.0,1.0,9.0],"tintindex":0,"rotation":0,"texture":"#0"},"south":{"uv":[1.5,8.0,2.5,9.0],"tintindex":0,"rotation":0,"texture":"#0"},"north":{"uv":[7.5,7.5,8.5,8.5],"tintindex":0,"rotation":0,"texture":"#0"},"west":{"uv":[3.0,8.0,4.0,9.0],"tintindex":0,"rotation":0,"texture":"#0"},"up":{"uv":[5.5,9.0,4.5,8.0],"tintindex":0,"rotation":0,"texture":"#0"},"down":{"uv":[7.0,8.0,6.0,9.0],"tintindex":0,"rotation":0,"texture":"#0"}},"rotation":{"origin":[8.0,8.0,8.0],"angle":45.0,"axis":"x"}},{"from":[7.0,6.0432916,7.190301],"to":[9.0,8.043291,9.190302],"faces":{"east":{"uv":[8.5,1.5,9.5,2.5],"tintindex":0,"rotation":0,"texture":"#0"},"south":{"uv":[8.5,3.0,9.5,4.0],"tintindex":0,"rotation":0,"texture":"#0"},"north":{"uv":[8.5,0.0,9.5,1.0],"tintindex":0,"rotation":0,"texture":"#0"},"west":{"uv":[8.5,4.5,9.5,5.5],"tintindex":0,"rotation":0,"texture":"#0"},"up":{"uv":[10.0,7.0,9.0,6.0],"tintindex":0,"rotation":0,"texture":"#0"},"down":{"uv":[8.5,9.0,7.5,10.0],"tintindex":0,"rotation":0,"texture":"#0"}},"rotation":{"origin":[7.5,7.0432916,5.690301],"angle":-22.5,"axis":"x"}}],"display":{"gui":{"rotation":[-150.0,-45.0,180.0]}}}