{
	"format_version": "1.21.6",
	"credit": "Made with Blockbench",
	"texture_size": [64, 64],
	"textures": {
		"2": "modelengine:entity/volcano_lizard_chibi_icon",
		"particle": "modelengine:entity/volcano_lizard_chibi_icon"
	},
	"elements": [
		{
			"from": [4, 7, 2],
			"to": [12, 13, 12],
			"rotation": {"angle": 0, "axis": "y", "origin": [8, 7, 7]},
			"faces": {
				"north": {"uv": [5.25, 6.25, 7.25, 7.75], "texture": "#2"},
				"east": {"uv": [4.5, 4.5, 7, 6], "texture": "#2"},
				"south": {"uv": [6.75, 0, 8.75, 1.5], "texture": "#2"},
				"west": {"uv": [0, 5.5, 2.5, 7], "texture": "#2"},
				"up": {"uv": [2, 2.5, 0, 0], "texture": "#2"},
				"down": {"uv": [4.25, 0, 2.25, 2.5], "texture": "#2"}
			}
		},
		{
			"from": [3.5, 4, 9],
			"to": [12.5, 8, 13],
			"rotation": {"angle": 0, "axis": "y", "origin": [8, 1, 8]},
			"faces": {
				"north": {"uv": [0, 7.25, 2.25, 8.25], "texture": "#2"},
				"east": {"uv": [2.75, 9, 3.75, 10], "texture": "#2"},
				"south": {"uv": [7.25, 3.75, 9.5, 4.75], "texture": "#2"},
				"west": {"uv": [9.75, 3.75, 10.75, 4.75], "texture": "#2"},
				"up": {"uv": [9.5, 6, 7.25, 5], "texture": "#2"},
				"down": {"uv": [9.75, 6.25, 7.5, 7.25], "texture": "#2"}
			}
		},
		{
			"name": "upper",
			"from": [4, 4, 2],
			"to": [12, 7, 12],
			"rotation": {"angle": 0, "axis": "y", "origin": [8, 1, 7]},
			"faces": {
				"north": {"uv": [5.25, 8, 7.25, 8.75], "texture": "#2"},
				"east": {"uv": [7.5, 7.5, 10, 8.25], "texture": "#2"},
				"south": {"uv": [7.5, 8.5, 9.5, 9.25], "texture": "#2"},
				"west": {"uv": [0, 8.5, 2.5, 9.25], "texture": "#2"},
				"up": {"uv": [2, 5.25, 0, 2.75], "texture": "#2"},
				"down": {"uv": [4.25, 2.75, 2.25, 5.25], "texture": "#2"}
			}
		},
		{
			"name": "upper inverted",
			"from": [8, 5.5, 7],
			"to": [8, 5.5, 7],
			"rotation": {"angle": 0, "axis": "y", "origin": [8, 1, 7]},
			"faces": {
				"north": {"uv": [7.5, 9.25, 9.5, 8.5], "texture": "#2"},
				"east": {"uv": [0, 9.25, 2.5, 8.5], "texture": "#2"},
				"south": {"uv": [5.25, 8.75, 7.25, 8], "texture": "#2"},
				"west": {"uv": [7.5, 8.25, 10, 7.5], "texture": "#2"},
				"up": {"uv": [4.25, 5.25, 2.25, 2.75], "texture": "#2"},
				"down": {"uv": [2, 5.25, 0, 2.75], "texture": "#2"}
			}
		},
		{
			"from": [4.0125, 4.06543, 2.52643],
			"to": [11.9875, 7.06543, 10.50143],
			"rotation": {"angle": 0, "axis": "y", "origin": [0.0375, -1.93457, 0.50143]},
			"faces": {
				"north": {"uv": [9, 0, 11, 0.75], "texture": "#2"},
				"east": {"uv": [5.25, 9, 7.25, 9.75], "texture": "#2"},
				"south": {"uv": [0, 9.5, 2, 10.25], "texture": "#2"},
				"west": {"uv": [7.5, 9.5, 9.5, 10.25], "texture": "#2"},
				"up": {"uv": [6.5, 2, 4.5, 0], "texture": "#2"},
				"down": {"uv": [6.5, 2.25, 4.5, 4.25], "texture": "#2"}
			}
		},
		{
			"from": [4.25, 11, 11],
			"to": [6.25, 13, 15],
			"rotation": {"angle": -22.5, "axis": "x", "origin": [5, 12, 13]},
			"faces": {
				"north": {"uv": [6, 10, 6.5, 10.5], "texture": "#2"},
				"east": {"uv": [9, 1, 10, 1.5], "texture": "#2"},
				"south": {"uv": [10, 6, 10.5, 6.5], "texture": "#2"},
				"west": {"uv": [9.75, 8.5, 10.75, 9], "texture": "#2"},
				"up": {"uv": [10.25, 10.25, 9.75, 9.25], "texture": "#2"},
				"down": {"uv": [5.75, 10, 5.25, 11], "texture": "#2"}
			}
		},
		{
			"from": [9.75, 11, 11],
			"to": [11.75, 13, 15],
			"rotation": {"angle": -22.5, "axis": "x", "origin": [11, 12, 13]},
			"faces": {
				"north": {"uv": [6.5, 10, 6, 10.5], "texture": "#2"},
				"east": {"uv": [10.75, 8.5, 9.75, 9], "texture": "#2"},
				"south": {"uv": [10.5, 6, 10, 6.5], "texture": "#2"},
				"west": {"uv": [10, 1, 9, 1.5], "texture": "#2"},
				"up": {"uv": [10.25, 9.25, 9.75, 10.25], "texture": "#2"},
				"down": {"uv": [5.75, 10, 5.25, 11], "texture": "#2"}
			}
		},
		{
			"from": [6, 9.78806, 5.80866],
			"to": [10, 12.78806, 18.80866],
			"rotation": {"angle": -22.5, "axis": "x", "origin": [8, 11.75, 7.5]},
			"faces": {
				"north": {"uv": [4, 9.75, 5, 10.5], "texture": "#2"},
				"east": {"uv": [6.75, 1.75, 10, 2.5], "texture": "#2"},
				"south": {"uv": [9.75, 5, 10.75, 5.75], "texture": "#2"},
				"west": {"uv": [6.75, 2.75, 10, 3.5], "texture": "#2"},
				"up": {"uv": [3.75, 8.75, 2.75, 5.5], "texture": "#2"},
				"down": {"uv": [5, 6.25, 4, 9.5], "texture": "#2"}
			}
		}
	],
	"gui_light": "front",
	"display": {
		"gui": {
			"rotation": [20, 125, 0],
			"translation": [-0.5, -1.5, 0],
			"scale": [0.8, 0.8, 0.8]
		}
	},
	"groups": [
		{
			"name": "torso",
			"origin": [0, 8, 0],
			"color": 0,
			"children": [
				{
					"name": "tag_name",
					"origin": [0, 26, 0],
					"color": 0,
					"children": []
				},
				{
					"name": "mount",
					"origin": [0, 12, -1],
					"color": 0,
					"children": []
				},
				{
					"name": "horn_middle5",
					"origin": [1, 11.95, -0.5],
					"rotation": [-32.53734, 16.27048, -8.76569],
					"color": 0,
					"children": []
				},
				{
					"name": "horn_middle4",
					"origin": [-1.66764, 11.38564, 2.81064],
					"rotation": [-33.6724, -5.2763, 8.9107],
					"color": 0,
					"children": []
				},
				{
					"name": "hi_head",
					"origin": [0, 4, 5],
					"color": 0,
					"children": [
						0,
						1,
						2,
						3,
						{
							"name": "jaw",
							"origin": [0, 2.56543, 2.00143],
							"rotation": [2.5, 0, 0],
							"color": 0,
							"children": [4]
						},
						{
							"name": "horn_left",
							"origin": [-3, 9, 5],
							"rotation": [-22.6718, -9.61466, 7.69907],
							"color": 0,
							"children": [5, 6]
						},
						{
							"name": "horn_middle",
							"origin": [0, 8.25, 2],
							"rotation": [-22.5, 0, 0],
							"color": 0,
							"children": [7]
						}
					]
				}
			]
		}
	]
}