{"textures":{"0":"modelengine:entity/nocsy_fall_drakonin_baby_adjusted","particle":"#0"},"elements":[{"from":[5.5,1.8021894,4.896348],"to":[10.5,6.80219,11.896348],"faces":{"east":{"uv":[5.5,4.25,6.375,4.875],"tintindex":0,"rotation":0,"texture":"#0"},"south":{"uv":[0.0,7.5,0.625,8.125],"tintindex":0,"rotation":0,"texture":"#0"},"north":{"uv":[5.5,7.375,6.125,8.0],"tintindex":0,"rotation":0,"texture":"#0"},"west":{"uv":[6.75,1.5,7.625,2.125],"tintindex":0,"rotation":0,"texture":"#0"},"up":{"uv":[7.625,6.625,7.0,5.75],"tintindex":0,"rotation":0,"texture":"#0"},"down":{"uv":[7.625,6.75,7.0,7.625],"tintindex":0,"rotation":0,"texture":"#0"}}},{"from":[5.49,2.8790329,3.9033358],"to":[10.51,7.8990326,8.923336],"faces":{"east":{"uv":[0.75,7.5,1.375,8.125],"tintindex":0,"rotation":0,"texture":"#0"},"south":{"uv":[7.5,0.75,8.125,1.375],"tintindex":0,"rotation":0,"texture":"#0"},"north":{"uv":[7.5,0.0,8.125,0.625],"tintindex":0,"rotation":0,"texture":"#0"},"west":{"uv":[1.5,7.5,2.125,8.125],"tintindex":0,"rotation":0,"texture":"#0"},"up":{"uv":[2.875,8.125,2.25,7.5],"tintindex":0,"rotation":0,"texture":"#0"},"down":{"uv":[3.625,7.5,3.0,8.125],"tintindex":0,"rotation":0,"texture":"#0"}},"rotation":{"origin":[7.5257998,4.8367167,7.1066704],"angle":-22.5,"axis":"x"}},{"from":[6.0,-0.06681728,10.3214445],"to":[10.0,4.9331822,13.3214445],"faces":{"east":{"uv":[8.25,0.625,8.625,1.25],"tintindex":0,"rotation":0,"texture":"#0"},"south":{"uv":[6.25,7.875,6.75,8.5],"tintindex":0,"rotation":0,"texture":"#0"},"north":{"uv":[7.5,7.75,8.0,8.375],"tintindex":0,"rotation":0,"texture":"#0"},"west":{"uv":[1.25,8.25,1.625,8.875],"tintindex":0,"rotation":0,"texture":"#0"},"up":{"uv":[7.125,4.125,6.625,3.75],"tintindex":0,"rotation":0,"texture":"#0"},"down":{"uv":[5.25,8.25,4.75,8.625],"tintindex":0,"rotation":0,"texture":"#0"}},"rotation":{"origin":[7.16,1.9451518,15.360008],"angle":22.5,"axis":"x"}},{"from":[8.0,4.900454,7.216313],"to":[8.0,12.9004545,16.216312],"faces":{"east":{"uv":[5.5,0.0,6.625,1.0],"tintindex":0,"rotation":0,"texture":"#0"},"west":{"uv":[5.5,1.125,6.625,2.125],"tintindex":0,"rotation":0,"texture":"#0"}},"rotation":{"origin":[8.0,10.097744,12.949263],"angle":22.5,"axis":"x"}}],"display":{"gui":{"rotation":[-150.0,-45.0,180.0]}}}