{"textures":{"0":"modelengine:entity/nocsy_fall_drakonin_baby_adjusted","particle":"#0"},"elements":[{"from":[6.0569234,6.938822,7.9466743],"to":[6.0569234,13.938822,15.946674],"faces":{"east":{"uv":[5.5,2.25,6.5,3.125],"tintindex":0,"rotation":0,"texture":"#0"},"west":{"uv":[5.5,3.25,6.5,4.125],"tintindex":0,"rotation":0,"texture":"#0"}},"rotation":{"origin":[7.809699,9.871701,6.1427145],"angle":-22.5,"axis":"y"}},{"from":[9.6,8.545357,3.2842836],"to":[9.6,9.545357,4.2842836],"faces":{"east":{"uv":[11.0,6.875,11.125,7.0],"tintindex":0,"rotation":0,"texture":"#0"},"west":{"uv":[7.125,11.0,7.25,11.125],"tintindex":0,"rotation":0,"texture":"#0"}},"rotation":{"origin":[8.5,8.645357,4.7842836],"angle":22.5,"axis":"x"}},{"from":[8.7,9.29714,5.137409],"to":[10.7,11.29714,6.137409],"faces":{"east":{"uv":[11.0,1.5,11.125,1.75],"tintindex":0,"rotation":0,"texture":"#0"},"south":{"uv":[9.0,10.5,9.25,10.75],"tintindex":0,"rotation":0,"texture":"#0"},"north":{"uv":[8.625,10.5,8.875,10.75],"tintindex":0,"rotation":0,"texture":"#0"},"west":{"uv":[11.0,2.125,11.125,2.375],"tintindex":0,"rotation":0,"texture":"#0"},"up":{"uv":[4.125,11.125,3.875,11.0],"tintindex":0,"rotation":0,"texture":"#0"},"down":{"uv":[11.25,4.0,11.0,4.125],"tintindex":0,"rotation":0,"texture":"#0"}}},{"from":[8.6,10.485553,4.788473],"to":[11.1,11.485552,6.7884736],"faces":{"east":{"uv":[11.0,4.25,11.25,4.375],"tintindex":0,"rotation":0,"texture":"#0"},"south":{"uv":[10.5,1.625,10.875,1.75],"tintindex":0,"rotation":0,"texture":"#0"},"north":{"uv":[8.5,6.25,8.875,6.375],"tintindex":0,"rotation":0,"texture":"#0"},"west":{"uv":[11.0,4.5,11.25,4.625],"tintindex":0,"rotation":0,"texture":"#0"},"up":{"uv":[10.5,6.125,10.125,5.875],"tintindex":0,"rotation":0,"texture":"#0"},"down":{"uv":[6.625,10.125,6.25,10.375],"tintindex":0,"rotation":0,"texture":"#0"}},"rotation":{"origin":[8.0,10.629644,5.5302105],"angle":22.5,"axis":"x"}},{"from":[9.3,9.50677,5.090475],"to":[10.0,10.80677,5.090475],"faces":{"south":{"uv":[11.0,5.875,11.125,6.0],"tintindex":0,"rotation":0,"texture":"#0"},"north":{"uv":[11.0,5.625,11.125,5.75],"tintindex":0,"rotation":0,"texture":"#0"}}},{"from":[6.0,9.50677,5.090475],"to":[6.7,10.80677,5.090475],"faces":{"south":{"uv":[10.125,2.625,10.25,2.75],"tintindex":0,"rotation":0,"texture":"#0"},"north":{"uv":[1.5,9.0,1.625,9.125],"tintindex":0,"rotation":0,"texture":"#0"}}},{"from":[5.5,7.3717012,5.1860056],"to":[10.5,12.3717,11.186006],"faces":{"east":{"uv":[7.375,2.25,8.125,2.875],"tintindex":0,"rotation":0,"texture":"#0"},"south":{"uv":[7.75,5.75,8.375,6.375],"tintindex":0,"rotation":0,"texture":"#0"},"north":{"uv":[7.75,1.5,8.375,2.125],"tintindex":0,"rotation":0,"texture":"#0"},"west":{"uv":[7.375,3.0,8.125,3.625],"tintindex":0,"rotation":0,"texture":"#0"},"up":{"uv":[4.625,8.125,4.0,7.375],"tintindex":0,"rotation":0,"texture":"#0"},"down":{"uv":[5.375,7.375,4.75,8.125],"tintindex":0,"rotation":0,"texture":"#0"}}},{"from":[5.3,9.29714,5.137409],"to":[7.3,11.29714,6.137409],"faces":{"east":{"uv":[4.0,9.25,4.125,9.5],"tintindex":0,"rotation":0,"texture":"#0"},"south":{"uv":[8.25,10.5,8.5,10.75],"tintindex":0,"rotation":0,"texture":"#0"},"north":{"uv":[7.875,10.5,8.125,10.75],"tintindex":0,"rotation":0,"texture":"#0"},"west":{"uv":[3.125,10.5,3.25,10.75],"tintindex":0,"rotation":0,"texture":"#0"},"up":{"uv":[6.0,8.875,5.75,8.75],"tintindex":0,"rotation":0,"texture":"#0"},"down":{"uv":[3.25,10.875,3.0,11.0],"tintindex":0,"rotation":0,"texture":"#0"}}},{"from":[9.943077,6.938822,7.9466743],"to":[9.943077,13.938822,15.946674],"faces":{"east":{"uv":[4.0,6.375,5.0,7.25],"tintindex":0,"rotation":0,"texture":"#0"},"west":{"uv":[5.125,6.375,6.125,7.25],"tintindex":0,"rotation":0,"texture":"#0"}},"rotation":{"origin":[8.190301,9.871701,6.1427145],"angle":22.5,"axis":"y"}},{"from":[5.5,11.945093,8.228132],"to":[10.5,18.945093,8.228132],"faces":{"south":{"uv":[7.25,4.75,7.875,5.625],"tintindex":0,"rotation":0,"texture":"#0"},"north":{"uv":[7.25,3.75,7.875,4.625],"tintindex":0,"rotation":0,"texture":"#0"}},"rotation":{"origin":[8.0,14.846575,7.660879],"angle":45.0,"axis":"x"}},{"from":[6.5,8.145357,3.2842836],"to":[9.5,10.145357,6.2842836],"faces":{"east":{"uv":[10.125,8.875,10.5,9.125],"tintindex":0,"rotation":0,"texture":"#0"},"south":{"uv":[10.25,3.625,10.625,3.875],"tintindex":0,"rotation":0,"texture":"#0"},"north":{"uv":[10.125,7.0,10.5,7.25],"tintindex":0,"rotation":0,"texture":"#0"},"west":{"uv":[3.875,10.25,4.25,10.5],"tintindex":0,"rotation":0,"texture":"#0"},"up":{"uv":[9.375,5.875,9.0,5.5],"tintindex":0,"rotation":0,"texture":"#0"},"down":{"uv":[6.125,9.0,5.75,9.375],"tintindex":0,"rotation":0,"texture":"#0"}}},{"from":[4.9,10.485553,4.788473],"to":[7.4,11.485552,6.7884736],"faces":{"east":{"uv":[11.0,5.125,11.25,5.25],"tintindex":0,"rotation":0,"texture":"#0"},"south":{"uv":[10.75,10.375,11.125,10.5],"tintindex":0,"rotation":0,"texture":"#0"},"north":{"uv":[10.75,0.75,11.125,0.875],"tintindex":0,"rotation":0,"texture":"#0"},"west":{"uv":[11.0,5.375,11.25,5.5],"tintindex":0,"rotation":0,"texture":"#0"},"up":{"uv":[10.5,6.5,10.125,6.25],"tintindex":0,"rotation":0,"texture":"#0"},"down":{"uv":[10.5,6.625,10.125,6.875],"tintindex":0,"rotation":0,"texture":"#0"}},"rotation":{"origin":[8.0,10.629644,5.5302105],"angle":22.5,"axis":"x"}},{"from":[6.4,8.545357,3.2842836],"to":[6.4,9.545357,4.2842836],"faces":{"east":{"uv":[11.0,7.125,11.125,7.25],"tintindex":0,"rotation":0,"texture":"#0"},"west":{"uv":[7.375,11.0,7.5,11.125],"tintindex":0,"rotation":0,"texture":"#0"}},"rotation":{"origin":[7.5,8.645357,4.7842836],"angle":22.5,"axis":"x"}},{"from":[7.1,7.682649,4.10516],"to":[8.9,9.482649,5.9051604],"faces":{"east":{"uv":[10.75,0.375,11.0,0.625],"tintindex":0,"rotation":0,"texture":"#0"},"south":{"uv":[10.75,2.5,11.0,2.75],"tintindex":0,"rotation":0,"texture":"#0"},"north":{"uv":[10.75,0.0,11.0,0.25],"tintindex":0,"rotation":0,"texture":"#0"},"west":{"uv":[10.75,2.875,11.0,3.125],"tintindex":0,"rotation":0,"texture":"#0"},"up":{"uv":[11.0,3.5,10.75,3.25],"tintindex":0,"rotation":0,"texture":"#0"},"down":{"uv":[11.0,3.625,10.75,3.875],"tintindex":0,"rotation":0,"texture":"#0"}},"rotation":{"origin":[8.0,9.28265,5.3051605],"angle":22.5,"axis":"x"}}],"display":{"gui":{"rotation":[-150.0,-45.0,180.0]}}}