{"textures":{"0":"modelengine:entity/nocsy_fall_drakonin_baby_adjusted","particle":"#0"},"elements":[{"from":[5.1825123,7.6242285,9.101866],"to":[6.7825127,9.224229,12.701866],"faces":{"east":{"uv":[7.25,9.625,7.75,9.875],"tintindex":0,"rotation":0,"texture":"#0"},"south":{"uv":[10.625,6.25,10.875,6.5],"tintindex":0,"rotation":0,"texture":"#0"},"north":{"uv":[10.625,5.875,10.875,6.125],"tintindex":0,"rotation":0,"texture":"#0"},"west":{"uv":[9.625,9.375,10.125,9.625],"tintindex":0,"rotation":0,"texture":"#0"},"up":{"uv":[4.625,10.125,4.375,9.625],"tintindex":0,"rotation":0,"texture":"#0"},"down":{"uv":[1.75,9.75,1.5,10.25],"tintindex":0,"rotation":0,"texture":"#0"}},"rotation":{"origin":[5.9825125,8.424229,10.901866],"angle":-22.5,"axis":"y"}},{"from":[6.1145864,8.024229,11.174048],"to":[7.114587,9.024229,16.17405],"faces":{"east":{"uv":[8.5,2.0,9.125,2.125],"tintindex":0,"rotation":0,"texture":"#0"},"south":{"uv":[11.0,6.375,11.125,6.5],"tintindex":0,"rotation":0,"texture":"#0"},"north":{"uv":[11.0,6.125,11.125,6.25],"tintindex":0,"rotation":0,"texture":"#0"},"west":{"uv":[10.25,4.5,10.875,4.625],"tintindex":0,"rotation":0,"texture":"#0"},"up":{"uv":[3.875,8.125,3.75,7.5],"tintindex":0,"rotation":0,"texture":"#0"},"down":{"uv":[9.5,9.875,9.375,10.5],"tintindex":0,"rotation":0,"texture":"#0"}},"rotation":{"origin":[6.4145865,8.424229,13.074048],"angle":45.0,"axis":"y"}},{"from":[4.1145864,8.524229,11.174048],"to":[9.114587,8.524229,22.174047],"faces":{"up":{"uv":[6.875,7.75,6.25,6.375],"tintindex":0,"rotation":0,"texture":"#0"},"down":{"uv":[7.125,4.25,6.5,5.625],"tintindex":0,"rotation":0,"texture":"#0"}},"rotation":{"origin":[6.4145865,8.424229,13.074048],"angle":45.0,"axis":"y"}},{"from":[7.824,7.4242287,6.671423],"to":[9.823999,9.424229,10.671423],"faces":{"east":{"uv":[9.5,9.0,10.0,9.25],"tintindex":0,"rotation":0,"texture":"#0"},"south":{"uv":[0.75,10.625,1.0,10.875],"tintindex":0,"rotation":0,"texture":"#0"},"north":{"uv":[10.375,10.5,10.625,10.75],"tintindex":0,"rotation":0,"texture":"#0"},"west":{"uv":[9.625,3.75,10.125,4.0],"tintindex":0,"rotation":0,"texture":"#0"},"up":{"uv":[6.625,10.0,6.375,9.5],"tintindex":0,"rotation":0,"texture":"#0"},"down":{"uv":[4.25,9.625,4.0,10.125],"tintindex":0,"rotation":0,"texture":"#0"}}},{"from":[5.824,7.4242287,8.671423],"to":[7.824,9.424229,10.671423],"faces":{"east":{"uv":[10.625,2.125,10.875,2.375],"tintindex":0,"rotation":0,"texture":"#0"},"south":{"uv":[3.875,10.625,4.125,10.875],"tintindex":0,"rotation":0,"texture":"#0"},"north":{"uv":[1.125,10.625,1.375,10.875],"tintindex":0,"rotation":0,"texture":"#0"},"west":{"uv":[10.625,4.0,10.875,4.25],"tintindex":0,"rotation":0,"texture":"#0"},"up":{"uv":[10.875,5.375,10.625,5.125],"tintindex":0,"rotation":0,"texture":"#0"},"down":{"uv":[10.875,5.5,10.625,5.75],"tintindex":0,"rotation":0,"texture":"#0"}}}],"display":{"gui":{"rotation":[-150.0,-45.0,180.0]}}}