{"textures":{"0":"modelengine:entity/nocsy_fall_drakonin_baby_adjusted","particle":"#0"},"elements":[{"from":[6.8854136,8.524229,11.174048],"to":[11.885414,8.524229,22.174047],"faces":{"up":{"uv":[7.25,3.625,6.625,2.25],"tintindex":0,"rotation":0,"texture":"#0"},"down":{"uv":[7.375,0.0,6.75,1.375],"tintindex":0,"rotation":0,"texture":"#0"}},"rotation":{"origin":[9.585413,8.424229,13.074048],"angle":-45.0,"axis":"y"}},{"from":[8.885413,8.024229,11.174048],"to":[9.885414,9.024229,16.17405],"faces":{"east":{"uv":[10.375,1.0,11.0,1.125],"tintindex":0,"rotation":0,"texture":"#0"},"south":{"uv":[6.875,11.0,7.0,11.125],"tintindex":0,"rotation":0,"texture":"#0"},"north":{"uv":[11.0,6.625,11.125,6.75],"tintindex":0,"rotation":0,"texture":"#0"},"west":{"uv":[10.375,1.875,11.0,2.0],"tintindex":0,"rotation":0,"texture":"#0"},"up":{"uv":[3.5,11.0,3.375,10.375],"tintindex":0,"rotation":0,"texture":"#0"},"down":{"uv":[3.75,10.375,3.625,11.0],"tintindex":0,"rotation":0,"texture":"#0"}},"rotation":{"origin":[9.585413,8.424229,13.074048],"angle":-45.0,"axis":"y"}},{"from":[9.217487,7.6242285,9.101866],"to":[10.817488,9.224229,12.701866],"faces":{"east":{"uv":[2.875,9.75,3.375,10.0],"tintindex":0,"rotation":0,"texture":"#0"},"south":{"uv":[10.625,9.25,10.875,9.5],"tintindex":0,"rotation":0,"texture":"#0"},"north":{"uv":[10.625,8.875,10.875,9.125],"tintindex":0,"rotation":0,"texture":"#0"},"west":{"uv":[9.75,2.875,10.25,3.125],"tintindex":0,"rotation":0,"texture":"#0"},"up":{"uv":[3.75,10.25,3.5,9.75],"tintindex":0,"rotation":0,"texture":"#0"},"down":{"uv":[5.0,9.75,4.75,10.25],"tintindex":0,"rotation":0,"texture":"#0"}},"rotation":{"origin":[10.017488,8.424229,10.901866],"angle":22.5,"axis":"y"}},{"from":[8.176001,7.4242287,8.671423],"to":[10.176001,9.424229,10.671423],"faces":{"east":{"uv":[7.375,10.625,7.625,10.875],"tintindex":0,"rotation":0,"texture":"#0"},"south":{"uv":[10.625,7.375,10.875,7.625],"tintindex":0,"rotation":0,"texture":"#0"},"north":{"uv":[10.625,7.0,10.875,7.25],"tintindex":0,"rotation":0,"texture":"#0"},"west":{"uv":[10.625,7.75,10.875,8.0],"tintindex":0,"rotation":0,"texture":"#0"},"up":{"uv":[10.875,8.375,10.625,8.125],"tintindex":0,"rotation":0,"texture":"#0"},"down":{"uv":[10.875,8.5,10.625,8.75],"tintindex":0,"rotation":0,"texture":"#0"}}},{"from":[6.176,7.4242287,6.671423],"to":[8.176001,9.424229,10.671423],"faces":{"east":{"uv":[1.875,9.75,2.375,10.0],"tintindex":0,"rotation":0,"texture":"#0"},"south":{"uv":[7.0,10.625,7.25,10.875],"tintindex":0,"rotation":0,"texture":"#0"},"north":{"uv":[10.625,6.625,10.875,6.875],"tintindex":0,"rotation":0,"texture":"#0"},"west":{"uv":[9.75,1.875,10.25,2.125],"tintindex":0,"rotation":0,"texture":"#0"},"up":{"uv":[10.0,2.75,9.75,2.25],"tintindex":0,"rotation":0,"texture":"#0"},"down":{"uv":[2.75,9.75,2.5,10.25],"tintindex":0,"rotation":0,"texture":"#0"}}}],"display":{"gui":{"rotation":[-150.0,-45.0,180.0]}}}