{"textures":{"0":"modelengine:entity/nocsy_fall_drakonin_baby_adjusted","particle":"#0"},"elements":[{"from":[6.598692,5.1304526,6.5085907],"to":[9.598692,8.130453,9.508591],"faces":{"east":{"uv":[9.0,9.0,9.375,9.375],"tintindex":0,"rotation":0,"texture":"#0"},"south":{"uv":[9.125,3.75,9.5,4.125],"tintindex":0,"rotation":0,"texture":"#0"},"north":{"uv":[8.5,9.0,8.875,9.375],"tintindex":0,"rotation":0,"texture":"#0"},"west":{"uv":[4.25,9.125,4.625,9.5],"tintindex":0,"rotation":0,"texture":"#0"},"up":{"uv":[7.75,9.5,7.375,9.125],"tintindex":0,"rotation":0,"texture":"#0"},"down":{"uv":[1.875,9.25,1.5,9.625],"tintindex":0,"rotation":0,"texture":"#0"}}},{"from":[6.608692,5.148013,5.521421],"to":[9.588692,6.1280127,6.5014205],"faces":{"east":{"uv":[11.0,7.375,11.125,7.5],"tintindex":0,"rotation":0,"texture":"#0"},"south":{"uv":[0.0,10.875,0.375,11.0],"tintindex":0,"rotation":0,"texture":"#0"},"north":{"uv":[10.75,10.625,11.125,10.75],"tintindex":0,"rotation":0,"texture":"#0"},"west":{"uv":[11.0,7.625,11.125,7.75],"tintindex":0,"rotation":0,"texture":"#0"},"up":{"uv":[11.25,1.375,10.875,1.25],"tintindex":0,"rotation":0,"texture":"#0"},"down":{"uv":[1.875,10.875,1.5,11.0],"tintindex":0,"rotation":0,"texture":"#0"}},"rotation":{"origin":[7.090604,5.1376486,6.50088],"angle":45.0,"axis":"x"}}],"display":{"gui":{"rotation":[-150.0,-45.0,180.0]}}}