{"textures":{"0":"modelengine:entity/nocsy_fall_drakonin_baby_adjusted","particle":"#0"},"elements":[{"from":[0.94554806,8.034433,5.9143143],"to":[7.945548,8.034433,24.914314],"faces":{"up":{"uv":[2.875,7.375,2.0,5.0],"tintindex":0,"rotation":0,"texture":"#0"},"down":{"uv":[3.875,5.0,3.0,7.375],"tintindex":0,"rotation":0,"texture":"#0"}}},{"from":[-0.26488996,7.044434,5.8115225],"to":[4.715111,9.024433,7.791522],"faces":{"east":{"uv":[5.5,10.5,5.75,10.75],"tintindex":0,"rotation":0,"texture":"#0"},"south":{"uv":[8.625,8.625,9.25,8.875],"tintindex":0,"rotation":0,"texture":"#0"},"north":{"uv":[8.625,8.25,9.25,8.5],"tintindex":0,"rotation":0,"texture":"#0"},"west":{"uv":[5.875,10.5,6.125,10.75],"tintindex":0,"rotation":0,"texture":"#0"},"up":{"uv":[9.375,0.875,8.75,0.625],"tintindex":0,"rotation":0,"texture":"#0"},"down":{"uv":[9.375,1.0,8.75,1.25],"tintindex":0,"rotation":0,"texture":"#0"}},"rotation":{"origin":[2.725111,8.034433,6.8015223],"angle":-45.0,"axis":"y"}},{"from":[5.8322177,6.834434,6.6400003],"to":[9.232217,9.234433,9.04],"faces":{"east":{"uv":[0.375,10.5,0.625,10.75],"tintindex":0,"rotation":0,"texture":"#0"},"south":{"uv":[2.875,10.125,3.25,10.375],"tintindex":0,"rotation":0,"texture":"#0"},"north":{"uv":[10.125,2.25,10.5,2.5],"tintindex":0,"rotation":0,"texture":"#0"},"west":{"uv":[10.5,1.25,10.75,1.5],"tintindex":0,"rotation":0,"texture":"#0"},"up":{"uv":[10.5,5.375,10.125,5.125],"tintindex":0,"rotation":0,"texture":"#0"},"down":{"uv":[10.5,5.5,10.125,5.75],"tintindex":0,"rotation":0,"texture":"#0"}}},{"from":[3.4322176,7.034434,6.9228425],"to":[7.4322176,9.034433,8.922842],"faces":{"east":{"uv":[1.875,10.5,2.125,10.75],"tintindex":0,"rotation":0,"texture":"#0"},"south":{"uv":[9.5,6.0,10.0,6.25],"tintindex":0,"rotation":0,"texture":"#0"},"north":{"uv":[5.75,9.5,6.25,9.75],"tintindex":0,"rotation":0,"texture":"#0"},"west":{"uv":[2.75,10.5,3.0,10.75],"tintindex":0,"rotation":0,"texture":"#0"},"up":{"uv":[8.875,9.75,8.375,9.5],"tintindex":0,"rotation":0,"texture":"#0"},"down":{"uv":[9.5,9.5,9.0,9.75],"tintindex":0,"rotation":0,"texture":"#0"}}}],"display":{"gui":{"rotation":[-150.0,-45.0,180.0]}}}