{"textures":{"0":"modelengine:entity/nocsy_fall_drakonin_baby_adjusted","particle":"#0"},"elements":[{"from":[7.42,4.914614,6.4553328],"to":[9.42,8.914614,8.455333],"faces":{"east":{"uv":[9.75,6.375,10.0,6.875],"tintindex":0,"rotation":0,"texture":"#0"},"south":{"uv":[9.75,7.0,10.0,7.5],"tintindex":0,"rotation":0,"texture":"#0"},"north":{"uv":[5.125,9.75,5.375,10.25],"tintindex":0,"rotation":0,"texture":"#0"},"west":{"uv":[9.625,9.75,9.875,10.25],"tintindex":0,"rotation":0,"texture":"#0"},"up":{"uv":[4.5,11.0,4.25,10.75],"tintindex":0,"rotation":0,"texture":"#0"},"down":{"uv":[4.875,10.75,4.625,11.0],"tintindex":0,"rotation":0,"texture":"#0"}},"rotation":{"origin":[7.71,8.278614,7.467333],"angle":22.5,"axis":"x"}}],"display":{"gui":{"rotation":[-150.0,-45.0,180.0]}}}