{"textures":{"0":"modelengine:entity/nocsy_fall_drakonin_baby_adjusted","particle":"#0"},"elements":[{"from":[6.484951,5.178529,5.4676857],"to":[8.484951,9.178528,9.467686],"faces":{"east":{"uv":[8.125,7.625,8.625,8.125],"tintindex":0,"rotation":0,"texture":"#0"},"south":{"uv":[6.75,9.875,7.0,10.375],"tintindex":0,"rotation":0,"texture":"#0"},"north":{"uv":[5.875,9.875,6.125,10.375],"tintindex":0,"rotation":0,"texture":"#0"},"west":{"uv":[0.0,8.25,0.5,8.75],"tintindex":0,"rotation":0,"texture":"#0"},"up":{"uv":[10.125,8.125,9.875,7.625],"tintindex":0,"rotation":0,"texture":"#0"},"down":{"uv":[8.125,9.875,7.875,10.375],"tintindex":0,"rotation":0,"texture":"#0"}},"rotation":{"origin":[10.2549515,7.5785284,7.787686],"angle":-22.5,"axis":"x"}}],"display":{"gui":{"rotation":[-150.0,-45.0,180.0]}}}