{"textures":{"0":"modelengine:entity/nocsy_fall_drakonin_baby_adjusted","particle":"#0"},"elements":[{"from":[7.42,5.0249443,6.46084],"to":[9.42,9.024944,8.46084],"faces":{"east":{"uv":[9.875,8.25,10.125,8.75],"tintindex":0,"rotation":0,"texture":"#0"},"south":{"uv":[8.625,9.875,8.875,10.375],"tintindex":0,"rotation":0,"texture":"#0"},"north":{"uv":[8.25,9.875,8.5,10.375],"tintindex":0,"rotation":0,"texture":"#0"},"west":{"uv":[9.0,9.875,9.25,10.375],"tintindex":0,"rotation":0,"texture":"#0"},"up":{"uv":[9.625,11.0,9.375,10.75],"tintindex":0,"rotation":0,"texture":"#0"},"down":{"uv":[11.0,9.625,10.75,9.875],"tintindex":0,"rotation":0,"texture":"#0"}},"rotation":{"origin":[7.71,8.388945,7.2728405],"angle":22.5,"axis":"x"}}],"display":{"gui":{"rotation":[-150.0,-45.0,180.0]}}}