{"textures":{"0":"modelengine:entity/nocsy_fall_drakonin_baby_adjusted","particle":"#0"},"elements":[{"from":[6.603875,5.2045836,6.0675945],"to":[9.603875,8.204584,9.067595],"faces":{"east":{"uv":[9.25,6.5,9.625,6.875],"tintindex":0,"rotation":0,"texture":"#0"},"south":{"uv":[9.25,7.0,9.625,7.375],"tintindex":0,"rotation":0,"texture":"#0"},"north":{"uv":[5.25,9.25,5.625,9.625],"tintindex":0,"rotation":0,"texture":"#0"},"west":{"uv":[9.25,7.5,9.625,7.875],"tintindex":0,"rotation":0,"texture":"#0"},"up":{"uv":[0.375,9.75,0.0,9.375],"tintindex":0,"rotation":0,"texture":"#0"},"down":{"uv":[9.75,0.0,9.375,0.375],"tintindex":0,"rotation":0,"texture":"#0"}}},{"from":[6.6138754,5.421691,5.5775948],"to":[9.593875,6.4016905,6.5575943],"faces":{"east":{"uv":[11.0,8.375,11.125,8.5],"tintindex":0,"rotation":0,"texture":"#0"},"south":{"uv":[7.75,10.875,8.125,11.0],"tintindex":0,"rotation":0,"texture":"#0"},"north":{"uv":[6.375,10.875,6.75,11.0],"tintindex":0,"rotation":0,"texture":"#0"},"west":{"uv":[11.0,8.625,11.125,8.75],"tintindex":0,"rotation":0,"texture":"#0"},"up":{"uv":[8.625,11.0,8.25,10.875],"tintindex":0,"rotation":0,"texture":"#0"},"down":{"uv":[9.125,10.875,8.75,11.0],"tintindex":0,"rotation":0,"texture":"#0"}},"rotation":{"origin":[8.103875,5.9116907,6.0675945],"angle":45.0,"axis":"x"}}],"display":{"gui":{"rotation":[-150.0,-45.0,180.0]}}}