{"textures":{"0":"modelengine:entity/nocsy_fall_drakonin_baby_adjusted","particle":"#0"},"elements":[{"from":[6.484951,5.5785284,5.4676857],"to":[8.484951,8.578528,8.467686],"faces":{"east":{"uv":[9.0,6.0,9.375,6.375],"tintindex":0,"rotation":0,"texture":"#0"},"south":{"uv":[4.375,10.25,4.625,10.625],"tintindex":0,"rotation":0,"texture":"#0"},"north":{"uv":[10.25,4.0,10.5,4.375],"tintindex":0,"rotation":0,"texture":"#0"},"west":{"uv":[6.25,9.0,6.625,9.375],"tintindex":0,"rotation":0,"texture":"#0"},"up":{"uv":[10.5,7.75,10.25,7.375],"tintindex":0,"rotation":0,"texture":"#0"},"down":{"uv":[10.5,7.875,10.25,8.25],"tintindex":0,"rotation":0,"texture":"#0"}},"rotation":{"origin":[10.2549515,7.9785285,7.787686],"angle":-22.5,"axis":"x"}}],"display":{"gui":{"rotation":[-150.0,-45.0,180.0]}}}