{"textures":{"0":"modelengine:entity/nocsy_fall_drakonin_baby_adjusted","particle":"#0"},"elements":[{"from":[6.4,8.26457,7.290993],"to":[9.6,12.524571,11.970993],"faces":{"east":{"uv":[8.0,3.75,8.5,4.25],"tintindex":0,"rotation":0,"texture":"#0"},"south":{"uv":[8.25,6.875,8.625,7.375],"tintindex":0,"rotation":0,"texture":"#0"},"north":{"uv":[6.5,5.75,6.875,6.25],"tintindex":0,"rotation":0,"texture":"#0"},"west":{"uv":[8.0,4.375,8.5,4.875],"tintindex":0,"rotation":0,"texture":"#0"},"up":{"uv":[8.5,8.75,8.125,8.25],"tintindex":0,"rotation":0,"texture":"#0"},"down":{"uv":[8.875,1.375,8.5,1.875],"tintindex":0,"rotation":0,"texture":"#0"}}},{"from":[6.51,10.685354,7.098831],"to":[9.49,14.665354,11.078831],"faces":{"east":{"uv":[8.0,5.0,8.5,5.5],"tintindex":0,"rotation":0,"texture":"#0"},"south":{"uv":[7.5,8.5,7.875,9.0],"tintindex":0,"rotation":0,"texture":"#0"},"north":{"uv":[8.5,5.625,8.875,6.125],"tintindex":0,"rotation":0,"texture":"#0"},"west":{"uv":[5.5,8.125,6.0,8.625],"tintindex":0,"rotation":0,"texture":"#0"},"up":{"uv":[2.125,9.125,1.75,8.625],"tintindex":0,"rotation":0,"texture":"#0"},"down":{"uv":[2.625,8.625,2.25,9.125],"tintindex":0,"rotation":0,"texture":"#0"}},"rotation":{"origin":[8.2442,12.937626,9.381488],"angle":-22.5,"axis":"x"}}],"display":{"gui":{"rotation":[-150.0,-45.0,180.0]}}}