{"textures":{"0":"modelengine:entity/nocsy_fall_drakonin_baby_adjusted","particle":"#0"},"elements":[{"from":[6.58,4.914614,6.4553328],"to":[8.58,8.914614,8.455333],"faces":{"east":{"uv":[0.375,9.875,0.625,10.375],"tintindex":0,"rotation":0,"texture":"#0"},"south":{"uv":[9.875,4.125,10.125,4.625],"tintindex":0,"rotation":0,"texture":"#0"},"north":{"uv":[0.0,9.875,0.25,10.375],"tintindex":0,"rotation":0,"texture":"#0"},"west":{"uv":[5.5,9.875,5.75,10.375],"tintindex":0,"rotation":0,"texture":"#0"},"up":{"uv":[11.0,5.0,10.75,4.75],"tintindex":0,"rotation":0,"texture":"#0"},"down":{"uv":[5.25,10.75,5.0,11.0],"tintindex":0,"rotation":0,"texture":"#0"}},"rotation":{"origin":[8.29,8.278614,7.467333],"angle":22.5,"axis":"x"}}],"display":{"gui":{"rotation":[-150.0,-45.0,180.0]}}}