{"textures":{"0":"modelengine:entity/nocsy_fall_drakonin_baby_adjusted","particle":"#0"},"elements":[{"from":[6.401308,5.1304526,6.5085907],"to":[9.401308,8.130453,9.508591],"faces":{"east":{"uv":[2.5,9.25,2.875,9.625],"tintindex":0,"rotation":0,"texture":"#0"},"south":{"uv":[9.25,2.875,9.625,3.25],"tintindex":0,"rotation":0,"texture":"#0"},"north":{"uv":[9.25,2.375,9.625,2.75],"tintindex":0,"rotation":0,"texture":"#0"},"west":{"uv":[3.0,9.25,3.375,9.625],"tintindex":0,"rotation":0,"texture":"#0"},"up":{"uv":[3.875,9.625,3.5,9.25],"tintindex":0,"rotation":0,"texture":"#0"},"down":{"uv":[5.125,9.25,4.75,9.625],"tintindex":0,"rotation":0,"texture":"#0"}}},{"from":[6.4113083,5.148013,5.521421],"to":[9.391308,6.1280127,6.5014205],"faces":{"east":{"uv":[11.0,7.875,11.125,8.0],"tintindex":0,"rotation":0,"texture":"#0"},"south":{"uv":[2.5,10.875,2.875,11.0],"tintindex":0,"rotation":0,"texture":"#0"},"north":{"uv":[2.0,10.875,2.375,11.0],"tintindex":0,"rotation":0,"texture":"#0"},"west":{"uv":[11.0,8.125,11.125,8.25],"tintindex":0,"rotation":0,"texture":"#0"},"up":{"uv":[5.75,11.0,5.375,10.875],"tintindex":0,"rotation":0,"texture":"#0"},"down":{"uv":[6.25,10.875,5.875,11.0],"tintindex":0,"rotation":0,"texture":"#0"}},"rotation":{"origin":[8.909396,5.1376486,6.50088],"angle":45.0,"axis":"x"}}],"display":{"gui":{"rotation":[-150.0,-45.0,180.0]}}}