{"textures":{"0":"modelengine:entity/nocsy_fall_drakonin_baby_adjusted","particle":"#0"},"elements":[{"from":[6.58,5.0249443,6.46084],"to":[8.58,9.024944,8.46084],"faces":{"east":{"uv":[7.5,10.0,7.75,10.5],"tintindex":0,"rotation":0,"texture":"#0"},"south":{"uv":[10.0,9.75,10.25,10.25],"tintindex":0,"rotation":0,"texture":"#0"},"north":{"uv":[7.125,10.0,7.375,10.5],"tintindex":0,"rotation":0,"texture":"#0"},"west":{"uv":[10.125,1.25,10.375,1.75],"tintindex":0,"rotation":0,"texture":"#0"},"up":{"uv":[10.0,11.0,9.75,10.75],"tintindex":0,"rotation":0,"texture":"#0"},"down":{"uv":[11.0,10.0,10.75,10.25],"tintindex":0,"rotation":0,"texture":"#0"}},"rotation":{"origin":[8.29,8.388945,7.2728405],"angle":22.5,"axis":"x"}}],"display":{"gui":{"rotation":[-150.0,-45.0,180.0]}}}