{"textures":{"0":"modelengine:entity/nocsy_fall_drakonin_baby_adjusted","particle":"#0"},"elements":[{"from":[7.515049,5.5785284,5.4676857],"to":[9.515049,8.578528,8.467686],"faces":{"east":{"uv":[9.25,1.875,9.625,2.25],"tintindex":0,"rotation":0,"texture":"#0"},"south":{"uv":[10.25,9.25,10.5,9.625],"tintindex":0,"rotation":0,"texture":"#0"},"north":{"uv":[10.25,8.375,10.5,8.75],"tintindex":0,"rotation":0,"texture":"#0"},"west":{"uv":[2.0,9.25,2.375,9.625],"tintindex":0,"rotation":0,"texture":"#0"},"up":{"uv":[10.625,0.375,10.375,0.0],"tintindex":0,"rotation":0,"texture":"#0"},"down":{"uv":[10.625,0.5,10.375,0.875],"tintindex":0,"rotation":0,"texture":"#0"}},"rotation":{"origin":[5.745049,7.9785285,7.787686],"angle":-22.5,"axis":"x"}}],"display":{"gui":{"rotation":[-150.0,-45.0,180.0]}}}