{"textures":{"0":"modelengine:entity/nocsy_fall_drakonin_baby_adjusted","particle":"#0"},"elements":[{"from":[6.396125,5.2045836,6.0675945],"to":[9.396125,8.204584,9.067595],"faces":{"east":{"uv":[9.375,4.25,9.75,4.625],"tintindex":0,"rotation":0,"texture":"#0"},"south":{"uv":[9.375,4.75,9.75,5.125],"tintindex":0,"rotation":0,"texture":"#0"},"north":{"uv":[0.5,9.375,0.875,9.75],"tintindex":0,"rotation":0,"texture":"#0"},"west":{"uv":[6.75,9.375,7.125,9.75],"tintindex":0,"rotation":0,"texture":"#0"},"up":{"uv":[8.25,9.75,7.875,9.375],"tintindex":0,"rotation":0,"texture":"#0"},"down":{"uv":[9.75,8.0,9.375,8.375],"tintindex":0,"rotation":0,"texture":"#0"}}},{"from":[6.406125,5.421691,5.5775948],"to":[9.386125,6.4016905,6.5575943],"faces":{"east":{"uv":[11.0,8.875,11.125,9.0],"tintindex":0,"rotation":0,"texture":"#0"},"south":{"uv":[10.625,10.875,11.0,11.0],"tintindex":0,"rotation":0,"texture":"#0"},"north":{"uv":[10.125,10.875,10.5,11.0],"tintindex":0,"rotation":0,"texture":"#0"},"west":{"uv":[11.0,9.125,11.125,9.25],"tintindex":0,"rotation":0,"texture":"#0"},"up":{"uv":[0.875,11.125,0.5,11.0],"tintindex":0,"rotation":0,"texture":"#0"},"down":{"uv":[1.375,11.0,1.0,11.125],"tintindex":0,"rotation":0,"texture":"#0"}},"rotation":{"origin":[7.896125,5.9116907,6.0675945],"angle":45.0,"axis":"x"}}],"display":{"gui":{"rotation":[-150.0,-45.0,180.0]}}}