{"textures":{"0":"modelengine:entity/nocsy_fall_drakonin_baby_adjusted","particle":"#0"},"elements":[{"from":[7.515049,5.178529,5.4676857],"to":[9.515049,9.178528,9.467686],"faces":{"east":{"uv":[8.25,0.0,8.75,0.5],"tintindex":0,"rotation":0,"texture":"#0"},"south":{"uv":[10.0,0.625,10.25,1.125],"tintindex":0,"rotation":0,"texture":"#0"},"north":{"uv":[10.0,0.0,10.25,0.5],"tintindex":0,"rotation":0,"texture":"#0"},"west":{"uv":[0.625,8.25,1.125,8.75],"tintindex":0,"rotation":0,"texture":"#0"},"up":{"uv":[1.0,10.5,0.75,10.0],"tintindex":0,"rotation":0,"texture":"#0"},"down":{"uv":[1.375,10.0,1.125,10.5],"tintindex":0,"rotation":0,"texture":"#0"}},"rotation":{"origin":[5.745049,7.5785284,7.787686],"angle":-22.5,"axis":"x"}}],"display":{"gui":{"rotation":[-150.0,-45.0,180.0]}}}