{"textures":{"0":"modelengine:entity/nocsy_fall_drakonin_baby_adjusted","particle":"#0"},"elements":[{"from":[7.0,4.2002487,9.232946],"to":[9.0,7.2002487,12.232946],"faces":{"east":{"uv":[1.0,9.5,1.375,9.875],"tintindex":0,"rotation":0,"texture":"#0"},"south":{"uv":[2.375,10.375,2.625,10.75],"tintindex":0,"rotation":0,"texture":"#0"},"north":{"uv":[1.5,10.375,1.75,10.75],"tintindex":0,"rotation":0,"texture":"#0"},"west":{"uv":[9.5,1.0,9.875,1.375],"tintindex":0,"rotation":0,"texture":"#0"},"up":{"uv":[10.625,3.0,10.375,2.625],"tintindex":0,"rotation":0,"texture":"#0"},"down":{"uv":[10.625,3.125,10.375,3.5],"tintindex":0,"rotation":0,"texture":"#0"}}},{"from":[8.0,8.099059,10.344997],"to":[8.0,16.09906,13.344997],"faces":{"east":{"uv":[7.75,6.5,8.125,7.5],"tintindex":0,"rotation":0,"texture":"#0"},"west":{"uv":[7.0,7.75,7.375,8.75],"tintindex":0,"rotation":0,"texture":"#0"}},"rotation":{"origin":[8.0,13.338768,6.784793],"angle":22.5,"axis":"x"}},{"from":[8.0,5.9780197,9.979645],"to":[8.0,15.97802,18.979645],"faces":{"east":{"uv":[4.0,5.0,5.125,6.25],"tintindex":0,"rotation":0,"texture":"#0"},"west":{"uv":[5.25,5.0,6.375,6.25],"tintindex":0,"rotation":0,"texture":"#0"}},"rotation":{"origin":[8.0,9.17802,14.679646],"angle":-45.0,"axis":"x"}},{"from":[6.5,3.3836846,6.9222975],"to":[9.5,7.3836846,9.922298],"faces":{"east":{"uv":[3.25,8.625,3.625,9.125],"tintindex":0,"rotation":0,"texture":"#0"},"south":{"uv":[3.75,8.625,4.125,9.125],"tintindex":0,"rotation":0,"texture":"#0"},"north":{"uv":[2.75,8.625,3.125,9.125],"tintindex":0,"rotation":0,"texture":"#0"},"west":{"uv":[8.625,3.75,9.0,4.25],"tintindex":0,"rotation":0,"texture":"#0"},"up":{"uv":[9.75,8.875,9.375,8.5],"tintindex":0,"rotation":0,"texture":"#0"},"down":{"uv":[9.875,0.5,9.5,0.875],"tintindex":0,"rotation":0,"texture":"#0"}},"rotation":{"origin":[7.66,4.6718206,10.50477],"angle":22.5,"axis":"x"}}],"display":{"gui":{"rotation":[-150.0,-45.0,180.0]}}}