{"textures":{"0":"modelengine:entity/nocsy_chibi_australian_shepherd","particle":"#0"},"elements":[{"from":[7.3,7.70341,6.60406],"to":[8.7,8.60341,9.00406],"faces":{"east":{"uv":[7.75,2.0,8.25,2.25],"tintindex":0,"rotation":0,"texture":"#0"},"south":{"uv":[10.0,0.5,10.25,0.75],"tintindex":0,"rotation":0,"texture":"#0"},"north":{"uv":[10.0,0.0,10.25,0.25],"tintindex":0,"rotation":0,"texture":"#0"},"west":{"uv":[9.75,3.5,10.25,3.75],"tintindex":0,"rotation":0,"texture":"#0"},"up":{"uv":[3.25,1.75,3.0,1.25],"tintindex":0,"rotation":0,"texture":"#0"},"down":{"uv":[4.75,5.75,4.5,6.25],"tintindex":0,"rotation":0,"texture":"#0"}}}],"display":{"gui":{"rotation":[-150.0,-45.0,180.0]}}}