{"textures":{"0":"modelengine:entity/nocsy_chibi_australian_shepherd","particle":"#0"},"elements":[{"from":[6.7,5.5,6.0],"to":[9.7,9.5,9.0],"faces":{"east":{"uv":[7.5,1.25,6.75,2.25],"tintindex":0,"rotation":0,"texture":"#0"},"south":{"uv":[7.0,6.5,6.25,7.5],"tintindex":0,"rotation":0,"texture":"#0"},"north":{"uv":[7.25,2.75,6.5,3.75],"tintindex":0,"rotation":0,"texture":"#0"},"west":{"uv":[7.25,4.0,6.5,5.0],"tintindex":0,"rotation":0,"texture":"#0"},"up":{"uv":[7.25,7.0,8.0,6.25],"tintindex":0,"rotation":0,"texture":"#0"},"down":{"uv":[7.25,7.25,8.0,8.0],"tintindex":0,"rotation":0,"texture":"#0"}}},{"from":[7.01,3.51,7.01],"to":[8.99,6.49,8.99],"faces":{"east":{"uv":[1.25,8.5,0.75,9.25],"tintindex":0,"rotation":0,"texture":"#0"},"south":{"uv":[9.0,0.0,8.5,0.75],"tintindex":0,"rotation":0,"texture":"#0"},"north":{"uv":[8.5,8.25,8.0,9.0],"tintindex":0,"rotation":0,"texture":"#0"},"west":{"uv":[0.5,8.5,0.0,9.25],"tintindex":0,"rotation":0,"texture":"#0"},"up":{"uv":[9.0,7.25,9.5,6.75],"tintindex":0,"rotation":0,"texture":"#0"},"down":{"uv":[9.0,7.5,9.5,8.0],"tintindex":0,"rotation":0,"texture":"#0"}}}],"display":{"gui":{"rotation":[-150.0,-45.0,180.0]}}}