{"textures":{"0":"modelengine:entity/nocsy_chibi_australian_shepherd","particle":"#0"},"elements":[{"from":[6.97926,6.38478,6.9],"to":[7.97926,8.38478,8.9],"faces":{"east":{"uv":[2.0,9.5,1.5,10.0],"tintindex":0,"rotation":0,"texture":"#0"},"south":{"uv":[8.5,9.25,8.25,9.75],"tintindex":0,"rotation":0,"texture":"#0"},"north":{"uv":[7.0,8.5,6.75,9.0],"tintindex":0,"rotation":0,"texture":"#0"},"west":{"uv":[1.25,9.5,0.75,10.0],"tintindex":0,"rotation":0,"texture":"#0"},"up":{"uv":[3.75,10.25,4.0,9.75],"tintindex":0,"rotation":0,"texture":"#0"},"down":{"uv":[4.25,9.75,4.5,10.25],"tintindex":0,"rotation":0,"texture":"#0"}},"rotation":{"origin":[7.47926,7.38478,8.4],"angle":-22.5,"axis":"z"}},{"from":[7.3999996,7.5,6.5],"to":[11.4,8.5,9.5],"faces":{"east":{"uv":[10.25,8.75,9.5,9.0],"tintindex":0,"rotation":0,"texture":"#0"},"south":{"uv":[9.5,5.5,8.5,5.75],"tintindex":0,"rotation":0,"texture":"#0"},"north":{"uv":[9.5,3.0,8.5,3.25],"tintindex":0,"rotation":0,"texture":"#0"},"west":{"uv":[8.25,4.75,7.5,5.0],"tintindex":0,"rotation":0,"texture":"#0"},"up":{"uv":[0.0,7.0,1.0,6.25],"tintindex":0,"rotation":0,"texture":"#0"},"down":{"uv":[1.25,6.25,2.25,7.0],"tintindex":0,"rotation":0,"texture":"#0"}}}],"display":{"gui":{"rotation":[-150.0,-45.0,180.0]}}}