{"textures":{"0":"modelengine:entity/nocsy_chibi_australian_shepherd","particle":"#0"},"elements":[{"from":[5.0,5.0,3.5],"to":[11.0,10.0,7.5],"faces":{"east":{"uv":[5.0,5.25,6.0,6.5],"tintindex":0,"rotation":0,"texture":"#0"},"south":{"uv":[1.75,2.0,3.25,3.25],"tintindex":0,"rotation":0,"texture":"#0"},"north":{"uv":[0.0,2.0,1.5,3.25],"tintindex":0,"rotation":0,"texture":"#0"},"west":{"uv":[3.25,5.75,4.25,7.0],"tintindex":0,"rotation":0,"texture":"#0"},"up":{"uv":[3.0,6.0,1.5,5.0],"tintindex":0,"rotation":0,"texture":"#0"},"down":{"uv":[6.5,1.5,5.0,2.5],"tintindex":0,"rotation":0,"texture":"#0"}}},{"from":[5.49,5.99,4.49],"to":[10.51,10.01,11.51],"faces":{"east":{"uv":[3.0,0.0,4.75,1.0],"tintindex":0,"rotation":0,"texture":"#0"},"south":{"uv":[5.0,4.0,6.25,5.0],"tintindex":0,"rotation":0,"texture":"#0"},"north":{"uv":[5.0,2.75,6.25,3.75],"tintindex":0,"rotation":0,"texture":"#0"},"west":{"uv":[0.0,3.5,1.75,4.5],"tintindex":0,"rotation":0,"texture":"#0"},"up":{"uv":[1.25,1.75,0.0,0.0],"tintindex":0,"rotation":0,"texture":"#0"},"down":{"uv":[2.75,0.0,1.5,1.75],"tintindex":0,"rotation":0,"texture":"#0"}}}],"display":{"gui":{"rotation":[-150.0,-45.0,180.0]}}}