{"textures":{"0":"modelengine:entity/nocsy_chibi_shroombie","particle":"#0"},"elements":[{"from":[2.7071066,6.5,3.7071066],"to":[9.707107,9.5,3.7071066],"faces":{"south":{"uv":[3.5,7.75,5.25,8.5],"tintindex":0,"rotation":0,"texture":"#0"},"north":{"uv":[1.5,7.75,3.25,8.5],"tintindex":0,"rotation":0,"texture":"#0"}},"rotation":{"origin":[6.2071066,8.0,6.2071066],"angle":45.0,"axis":"x"}},{"from":[10.5,6.5,5.0],"to":[10.5,9.5,12.0],"faces":{"east":{"uv":[5.5,7.75,7.25,8.5],"tintindex":0,"rotation":0,"texture":"#0"},"west":{"uv":[7.5,8.0,9.25,8.75],"tintindex":0,"rotation":0,"texture":"#0"}},"rotation":{"origin":[8.0,8.0,8.5],"angle":45.0,"axis":"z"}},{"from":[1.9142132,6.5,5.0],"to":[1.9142132,9.5,12.0],"faces":{"east":{"uv":[5.5,7.75,7.25,8.5],"tintindex":0,"rotation":0,"texture":"#0"},"west":{"uv":[7.5,8.0,9.25,8.75],"tintindex":0,"rotation":0,"texture":"#0"}},"rotation":{"origin":[4.4142137,8.0,8.5],"angle":-45.0,"axis":"z"}},{"from":[2.7071066,6.5,12.292893],"to":[9.707107,9.5,12.292893],"faces":{"south":{"uv":[7.5,7.0,9.25,7.75],"tintindex":0,"rotation":0,"texture":"#0"},"north":{"uv":[7.5,6.0,9.25,6.75],"tintindex":0,"rotation":0,"texture":"#0"}},"rotation":{"origin":[6.2071066,8.0,9.792893],"angle":-45.0,"axis":"x"}}],"display":{"gui":{"rotation":[-150.0,-45.0,180.0]}}}