{"textures":{"0":"modelengine:entity/nocsy_chibi_shroombie","particle":"#0"},"elements":[{"from":[2.5,7.0,2.2373996],"to":[13.5,9.0,13.2374],"faces":{"east":{"uv":[7.5,1.5,10.25,2.0],"tintindex":0,"rotation":0,"texture":"#0"},"south":{"uv":[7.5,2.25,10.25,2.75],"tintindex":0,"rotation":0,"texture":"#0"},"north":{"uv":[6.5,5.25,9.25,5.75],"tintindex":0,"rotation":0,"texture":"#0"},"west":{"uv":[7.5,3.0,10.25,3.5],"tintindex":0,"rotation":0,"texture":"#0"},"up":{"uv":[2.75,2.75,0.0,0.0],"tintindex":0,"rotation":0,"texture":"#0"},"down":{"uv":[2.75,3.0,0.0,5.75],"tintindex":0,"rotation":0,"texture":"#0"}}},{"from":[4.0,9.0,4.0],"to":[12.0,13.0,12.0],"faces":{"east":{"uv":[5.25,1.25,7.25,2.25],"tintindex":0,"rotation":0,"texture":"#0"},"south":{"uv":[5.25,2.5,7.25,3.5],"tintindex":0,"rotation":0,"texture":"#0"},"north":{"uv":[5.25,0.0,7.25,1.0],"tintindex":0,"rotation":0,"texture":"#0"},"west":{"uv":[0.0,6.0,2.0,7.0],"tintindex":0,"rotation":0,"texture":"#0"},"up":{"uv":[5.0,2.0,3.0,0.0],"tintindex":0,"rotation":0,"texture":"#0"},"down":{"uv":[5.0,2.25,3.0,4.25],"tintindex":0,"rotation":0,"texture":"#0"}}}],"display":{"gui":{"rotation":[-150.0,-45.0,180.0]}}}