{"textures":{"0":"modelengine:entity/nocsy_chibi_shroombie","particle":"#0"},"elements":[{"from":[5.952092,6.899584,4.5],"to":[6.9520926,7.899584,4.5],"faces":{"south":{"uv":[1.75,7.25,1.5,7.5],"tintindex":0,"rotation":0,"texture":"#0"},"north":{"uv":[6.25,3.75,6.0,4.0],"tintindex":0,"rotation":0,"texture":"#0"}}},{"from":[5.0,6.0,4.7],"to":[11.0,11.0,10.7],"faces":{"east":{"uv":[4.0,6.25,5.5,7.5],"tintindex":0,"rotation":0,"texture":"#0"},"south":{"uv":[5.75,6.25,7.25,7.5],"tintindex":0,"rotation":0,"texture":"#0"},"north":{"uv":[2.25,6.25,3.75,7.5],"tintindex":0,"rotation":0,"texture":"#0"},"west":{"uv":[6.5,3.75,8.0,5.0],"tintindex":0,"rotation":0,"texture":"#0"},"up":{"uv":[4.5,6.0,3.0,4.5],"tintindex":0,"rotation":0,"texture":"#0"},"down":{"uv":[6.25,4.5,4.75,6.0],"tintindex":0,"rotation":0,"texture":"#0"}}},{"from":[9.047908,6.899584,4.5],"to":[10.047908,7.899584,4.5],"faces":{"south":{"uv":[1.5,7.25,1.75,7.5],"tintindex":0,"rotation":0,"texture":"#0"},"north":{"uv":[6.0,3.75,6.25,4.0],"tintindex":0,"rotation":0,"texture":"#0"}}},{"from":[8.6,6.5,4.6000004],"to":[10.8,8.7,4.6000004],"faces":{"south":{"uv":[9.5,5.5,10.0,6.0],"tintindex":0,"rotation":0,"texture":"#0"},"north":{"uv":[9.5,5.5,10.0,6.0],"tintindex":0,"rotation":0,"texture":"#0"}}},{"from":[8.7,6.6,4.55],"to":[10.7,8.6,4.55],"faces":{"south":{"uv":[9.5,4.75,10.0,5.25],"tintindex":0,"rotation":0,"texture":"#0"},"north":{"uv":[5.25,3.75,5.75,4.25],"tintindex":0,"rotation":0,"texture":"#0"}}},{"from":[5.3,6.6,4.55],"to":[7.3,8.6,4.55],"faces":{"south":{"uv":[10.0,4.75,9.5,5.25],"tintindex":0,"rotation":0,"texture":"#0"},"north":{"uv":[5.75,3.75,5.25,4.25],"tintindex":0,"rotation":0,"texture":"#0"}}},{"from":[5.2,6.5,4.6000004],"to":[7.4,8.7,4.6000004],"faces":{"south":{"uv":[10.0,5.5,9.5,6.0],"tintindex":0,"rotation":0,"texture":"#0"},"north":{"uv":[10.0,5.5,9.5,6.0],"tintindex":0,"rotation":0,"texture":"#0"}}}],"display":{"gui":{"rotation":[-150.0,-45.0,180.0]}}}