{"textures":{"0":"modelengine:entity/nocsy_chibi_shroombie","particle":"#0"},"elements":[{"from":[7.0,7.0,6.9],"to":[9.0,9.0,8.9],"faces":{"east":{"uv":[6.5,9.75,6.0,10.25],"tintindex":0,"rotation":0,"texture":"#0"},"south":{"uv":[5.75,9.75,5.25,10.25],"tintindex":0,"rotation":0,"texture":"#0"},"north":{"uv":[10.25,3.75,9.75,4.25],"tintindex":0,"rotation":0,"texture":"#0"},"west":{"uv":[5.0,9.75,4.5,10.25],"tintindex":0,"rotation":0,"texture":"#0"},"up":{"uv":[6.75,10.25,7.25,9.75],"tintindex":0,"rotation":0,"texture":"#0"},"down":{"uv":[9.75,8.5,10.25,9.0],"tintindex":0,"rotation":0,"texture":"#0"}}}],"display":{"gui":{"rotation":[-150.0,-45.0,180.0]}}}