{"textures":{"0":"modelengine:entity/nocsy_chibi_shroombie","particle":"#0"},"elements":[{"from":[6.719152,5.6264234,7.2],"to":[8.319152,8.226424,8.8],"faces":{"east":{"uv":[9.5,9.0,9.0,9.75],"tintindex":0,"rotation":0,"texture":"#0"},"south":{"uv":[8.75,9.0,8.25,9.75],"tintindex":0,"rotation":0,"texture":"#0"},"north":{"uv":[9.5,0.0,9.0,0.75],"tintindex":0,"rotation":0,"texture":"#0"},"west":{"uv":[8.0,9.0,7.5,9.75],"tintindex":0,"rotation":0,"texture":"#0"},"up":{"uv":[0.0,10.25,0.5,9.75],"tintindex":0,"rotation":0,"texture":"#0"},"down":{"uv":[9.75,0.0,10.25,0.5],"tintindex":0,"rotation":0,"texture":"#0"}}}],"display":{"gui":{"rotation":[-150.0,-45.0,180.0]}}}