{"textures":{"0":"modelengine:entity/nocsy_chibi_shroombie","particle":"#0"},"elements":[{"from":[5.5,6.5,5.5],"to":[10.5,9.5,10.5],"faces":{"east":{"uv":[0.0,8.75,1.25,9.5],"tintindex":0,"rotation":0,"texture":"#0"},"south":{"uv":[1.5,8.75,2.75,9.5],"tintindex":0,"rotation":0,"texture":"#0"},"north":{"uv":[8.25,3.75,9.5,4.5],"tintindex":0,"rotation":0,"texture":"#0"},"west":{"uv":[3.0,8.75,4.25,9.5],"tintindex":0,"rotation":0,"texture":"#0"},"up":{"uv":[1.25,8.5,0.0,7.25],"tintindex":0,"rotation":0,"texture":"#0"},"down":{"uv":[8.75,0.0,7.5,1.25],"tintindex":0,"rotation":0,"texture":"#0"}}}],"display":{"gui":{"rotation":[-150.0,-45.0,180.0]}}}