{"textures":{"0":"modelengine:entity/hoppy_ascendant","particle":"#0"},"elements":[{"from":[7.0,2.0,7.0],"to":[9.0,9.0,9.0],"faces":{"east":{"uv":[7.375,8.0,7.625,8.875],"tintindex":0,"rotation":0,"texture":"#0"},"south":{"uv":[8.125,3.0,8.375,3.875],"tintindex":0,"rotation":0,"texture":"#0"},"north":{"uv":[7.0,7.375,7.25,8.25],"tintindex":0,"rotation":0,"texture":"#0"},"west":{"uv":[8.25,1.5,8.5,2.375],"tintindex":0,"rotation":0,"texture":"#0"},"up":{"uv":[4.875,4.125,4.625,3.875],"tintindex":0,"rotation":0,"texture":"#0"},"down":{"uv":[5.0,7.5,4.75,7.75],"tintindex":0,"rotation":0,"texture":"#0"}}}],"display":{"gui":{"rotation":[-150.0,-45.0,180.0]}}}