{"textures":{"0":"modelengine:entity/hoppy_ascendant","particle":"#0"},"elements":[{"from":[3.5,5.0,-1.0],"to":[12.5,12.0,10.0],"faces":{"east":{"uv":[3.625,1.5,5.0,2.375],"tintindex":0,"rotation":0,"texture":"#0"},"south":{"uv":[5.75,5.25,6.875,6.125],"tintindex":0,"rotation":0,"texture":"#0"},"north":{"uv":[2.125,5.75,3.25,6.625],"tintindex":0,"rotation":0,"texture":"#0"},"west":{"uv":[3.5,4.25,4.875,5.125],"tintindex":0,"rotation":0,"texture":"#0"},"up":{"uv":[3.375,4.125,2.25,2.75],"tintindex":0,"rotation":0,"texture":"#0"},"down":{"uv":[1.125,3.25,0.0,4.625],"tintindex":0,"rotation":0,"texture":"#0"}}},{"from":[4.5,12.0,2.0],"to":[11.5,22.0,12.0],"faces":{"east":{"uv":[2.25,0.0,3.5,1.25],"tintindex":0,"rotation":0,"texture":"#0"},"south":{"uv":[0.0,4.75,0.875,6.0],"tintindex":0,"rotation":0,"texture":"#0"},"north":{"uv":[10.25,0.125,9.375,1.375],"tintindex":0,"rotation":0,"texture":"#0"},"west":{"uv":[2.25,1.375,3.5,2.625],"tintindex":0,"rotation":0,"texture":"#0"},"up":{"uv":[5.625,1.25,4.75,0.0],"tintindex":0,"rotation":0,"texture":"#0"},"down":{"uv":[5.875,3.875,5.0,5.125],"tintindex":0,"rotation":0,"texture":"#0"}}}],"display":{"gui":{"rotation":[-150.0,-45.0,180.0]}}}