{"textures":{"0":"modelengine:entity/hoppy_ascendant","particle":"#0"},"elements":[{"from":[4.0,8.0,8.0],"to":[8.0,11.0,8.0],"faces":{"south":{"uv":[8.625,4.0,8.125,4.375],"tintindex":0,"rotation":0,"texture":"#0"},"north":{"uv":[8.125,4.0,8.625,4.375],"tintindex":0,"rotation":0,"texture":"#0"}}},{"from":[2.0,11.0,8.0],"to":[10.0,22.0,8.0],"faces":{"south":{"uv":[4.5,2.75,3.5,4.125],"tintindex":0,"rotation":0,"texture":"#0"},"north":{"uv":[3.5,2.75,4.5,4.125],"tintindex":0,"rotation":0,"texture":"#0"}},"rotation":{"origin":[6.0,11.0,8.0],"angle":22.5,"axis":"x"}}],"display":{"gui":{"rotation":[-150.0,-45.0,180.0]}}}