{"textures":{"0":"modelengine:entity/hoppy_ascendant","particle":"#0"},"elements":[{"from":[6.0,11.0,8.0],"to":[14.0,22.0,8.0],"faces":{"south":{"uv":[2.25,4.25,1.25,5.625],"tintindex":0,"rotation":0,"texture":"#0"},"north":{"uv":[1.25,4.25,2.25,5.625],"tintindex":0,"rotation":0,"texture":"#0"}},"rotation":{"origin":[10.0,11.0,8.0],"angle":22.5,"axis":"x"}},{"from":[8.0,8.0,8.0],"to":[12.0,11.0,8.0],"faces":{"south":{"uv":[2.375,8.25,1.875,8.625],"tintindex":0,"rotation":0,"texture":"#0"},"north":{"uv":[1.875,8.25,2.375,8.625],"tintindex":0,"rotation":0,"texture":"#0"}}}],"display":{"head":{"rotation":[0.0,0.0,0.0]},"firstperson_righthand":{"rotation":[0.0,0.0,0.0]},"thirdperson_lefthand":{"rotation":[0.0,-0.0,-0.0]},"firstperson_lefthand":{"rotation":[0.0,-0.0,-0.0]},"fixed":{"rotation":[0.0,0.0,0.0]},"ground":{"rotation":[0.0,0.0,0.0]},"thirdperson_righthand":{"rotation":[0.0,0.0,0.0]},"gui":{"rotation":[-150.0,-45.0,180.0]}}}