{"textures":{"0":"modelengine:entity/hoppy_ascendant","particle":"#0"},"elements":[{"from":[5.5,7.0,-0.5],"to":[9.5,9.0,10.5],"faces":{"east":{"uv":[7.5,0.75,8.875,1.0],"tintindex":0,"rotation":0,"texture":"#0"},"south":{"uv":[8.5,3.0,9.0,3.25],"tintindex":0,"rotation":0,"texture":"#0"},"north":{"uv":[8.25,5.0,8.75,5.25],"tintindex":0,"rotation":0,"texture":"#0"},"west":{"uv":[7.625,5.375,9.0,5.625],"tintindex":0,"rotation":0,"texture":"#0"},"up":{"uv":[5.625,7.75,5.125,6.375],"tintindex":0,"rotation":0,"texture":"#0"},"down":{"uv":[2.625,6.75,2.125,8.125],"tintindex":0,"rotation":0,"texture":"#0"}}}],"display":{"gui":{"rotation":[-150.0,-45.0,180.0]}}}