{"textures":{"0":"modelengine:entity/hoppy_ascendant","particle":"#0"},"elements":[{"from":[6.5,7.0,-0.5],"to":[10.5,9.0,10.5],"faces":{"east":{"uv":[7.625,5.75,9.0,6.0],"tintindex":0,"rotation":0,"texture":"#0"},"south":{"uv":[5.75,8.5,6.25,8.75],"tintindex":0,"rotation":0,"texture":"#0"},"north":{"uv":[8.5,3.375,9.0,3.625],"tintindex":0,"rotation":0,"texture":"#0"},"west":{"uv":[7.75,1.125,9.125,1.375],"tintindex":0,"rotation":0,"texture":"#0"},"up":{"uv":[3.25,8.125,2.75,6.75],"tintindex":0,"rotation":0,"texture":"#0"},"down":{"uv":[1.25,6.875,0.75,8.25],"tintindex":0,"rotation":0,"texture":"#0"}}}],"display":{"gui":{"rotation":[-150.0,-45.0,180.0]}}}