{"textures":{"0":"modelengine:entity/hoppy_ascendant","particle":"#0"},"elements":[{"from":[5.0,6.0,2.0],"to":[13.0,14.0,10.0],"faces":{"east":{"uv":[3.5,5.25,4.5,6.25],"tintindex":0,"rotation":0,"texture":"#0"},"south":{"uv":[4.625,5.25,5.625,6.25],"tintindex":0,"rotation":0,"texture":"#0"},"north":{"uv":[5.125,1.375,6.125,2.375],"tintindex":0,"rotation":0,"texture":"#0"},"west":{"uv":[5.625,2.5,6.625,3.5],"tintindex":0,"rotation":0,"texture":"#0"},"up":{"uv":[6.75,1.0,5.75,0.0],"tintindex":0,"rotation":0,"texture":"#0"},"down":{"uv":[2.0,5.75,1.0,6.75],"tintindex":0,"rotation":0,"texture":"#0"}}},{"from":[7.5,6.0,-1.0],"to":[10.5,9.0,2.0],"faces":{"east":{"uv":[8.25,4.5,8.625,4.875],"tintindex":0,"rotation":0,"texture":"#0"},"south":{"uv":[7.75,8.25,8.125,8.625],"tintindex":0,"rotation":0,"texture":"#0"},"north":{"uv":[3.625,8.25,4.0,8.625],"tintindex":0,"rotation":0,"texture":"#0"},"west":{"uv":[8.25,8.25,8.625,8.625],"tintindex":0,"rotation":0,"texture":"#0"},"up":{"uv":[1.0,8.75,0.625,8.375],"tintindex":0,"rotation":0,"texture":"#0"},"down":{"uv":[4.5,8.375,4.125,8.75],"tintindex":0,"rotation":0,"texture":"#0"}}},{"from":[13.0,7.0,8.5],"to":[13.0,13.0,15.5],"faces":{"east":{"uv":[7.625,2.25,6.75,3.0],"tintindex":0,"rotation":0,"texture":"#0"},"west":{"uv":[6.75,2.25,7.625,3.0],"tintindex":0,"rotation":0,"texture":"#0"}},"rotation":{"origin":[13.0,9.5,8.5],"angle":45.0,"axis":"y"}},{"from":[5.0,7.0,8.5],"to":[5.0,13.0,15.5],"faces":{"east":{"uv":[7.625,2.25,6.75,3.0],"tintindex":0,"rotation":0,"texture":"#0"},"west":{"uv":[6.75,2.25,7.625,3.0],"tintindex":0,"rotation":0,"texture":"#0"}},"rotation":{"origin":[5.0,9.5,8.5],"angle":-45.0,"axis":"y"}}],"display":{"head":{"rotation":[0.0,0.0,0.0]},"firstperson_righthand":{"rotation":[0.0,0.0,0.0]},"thirdperson_lefthand":{"rotation":[0.0,-0.0,-0.0]},"firstperson_lefthand":{"rotation":[0.0,-0.0,-0.0]},"fixed":{"rotation":[0.0,0.0,0.0]},"ground":{"rotation":[0.0,0.0,0.0]},"thirdperson_righthand":{"rotation":[0.0,0.0,0.0]},"gui":{"rotation":[-150.0,-45.0,180.0]}}}