{"textures":{"0":"modelengine:entity/hoppy_ascendant","particle":"#0"},"elements":[{"from":[6.0,-1.0,9.0],"to":[9.0,4.0,12.0],"faces":{"east":{"uv":[7.75,2.25,8.125,2.875],"tintindex":0,"rotation":0,"texture":"#0"},"south":{"uv":[5.75,7.75,6.125,8.375],"tintindex":0,"rotation":0,"texture":"#0"},"north":{"uv":[7.75,1.5,8.125,2.125],"tintindex":0,"rotation":0,"texture":"#0"},"west":{"uv":[4.75,7.875,5.125,8.5],"tintindex":0,"rotation":0,"texture":"#0"},"up":{"uv":[8.75,7.125,8.375,6.75],"tintindex":0,"rotation":0,"texture":"#0"},"down":{"uv":[8.75,7.25,8.375,7.625],"tintindex":0,"rotation":0,"texture":"#0"}}},{"from":[5.5,3.0,9.0],"to":[9.5,11.0,15.0],"faces":{"east":{"uv":[6.25,1.125,7.0,2.125],"tintindex":0,"rotation":0,"texture":"#0"},"south":{"uv":[1.375,6.875,1.875,7.875],"tintindex":0,"rotation":0,"texture":"#0"},"north":{"uv":[6.875,0.0,7.375,1.0],"tintindex":0,"rotation":0,"texture":"#0"},"west":{"uv":[3.375,6.375,4.125,7.375],"tintindex":0,"rotation":0,"texture":"#0"},"up":{"uv":[8.0,4.375,7.5,3.625],"tintindex":0,"rotation":0,"texture":"#0"},"down":{"uv":[4.625,7.5,4.125,8.25],"tintindex":0,"rotation":0,"texture":"#0"}},"rotation":{"origin":[8.0,3.5,10.5],"angle":-45.0,"axis":"x"}}],"display":{"head":{"rotation":[0.0,0.0,0.0]},"firstperson_righthand":{"rotation":[0.0,0.0,0.0]},"thirdperson_lefthand":{"rotation":[0.0,-0.0,-0.0]},"firstperson_lefthand":{"rotation":[0.0,-0.0,-0.0]},"fixed":{"rotation":[0.0,0.0,0.0]},"ground":{"rotation":[0.0,0.0,0.0]},"thirdperson_righthand":{"rotation":[0.0,0.0,0.0]},"gui":{"rotation":[-150.0,-45.0,180.0]}}}