{"textures":{"0":"modelengine:entity/hoppy_ascendant","particle":"#0"},"elements":[{"from":[6.5,3.0,9.0],"to":[10.5,11.0,15.0],"faces":{"east":{"uv":[4.25,6.375,5.0,7.375],"tintindex":0,"rotation":0,"texture":"#0"},"south":{"uv":[7.125,1.125,7.625,2.125],"tintindex":0,"rotation":0,"texture":"#0"},"north":{"uv":[7.0,5.125,7.5,6.125],"tintindex":0,"rotation":0,"texture":"#0"},"west":{"uv":[6.5,6.25,7.25,7.25],"tintindex":0,"rotation":0,"texture":"#0"},"up":{"uv":[0.5,8.375,0.0,7.625],"tintindex":0,"rotation":0,"texture":"#0"},"down":{"uv":[8.125,4.5,7.625,5.25],"tintindex":0,"rotation":0,"texture":"#0"}},"rotation":{"origin":[8.0,3.5,10.5],"angle":-45.0,"axis":"x"}},{"from":[7.0,-1.0,9.0],"to":[10.0,4.0,12.0],"faces":{"east":{"uv":[7.875,6.75,8.25,7.375],"tintindex":0,"rotation":0,"texture":"#0"},"south":{"uv":[7.875,7.5,8.25,8.125],"tintindex":0,"rotation":0,"texture":"#0"},"north":{"uv":[5.25,7.875,5.625,8.5],"tintindex":0,"rotation":0,"texture":"#0"},"west":{"uv":[1.375,8.0,1.75,8.625],"tintindex":0,"rotation":0,"texture":"#0"},"up":{"uv":[8.75,8.125,8.375,7.75],"tintindex":0,"rotation":0,"texture":"#0"},"down":{"uv":[0.375,8.5,0.0,8.875],"tintindex":0,"rotation":0,"texture":"#0"}}}],"display":{"gui":{"rotation":[-150.0,-45.0,180.0]}}}