{"textures":{"0":"modelengine:entity/hoppy_ascendant","particle":"#0"},"elements":[{"from":[5.5,5.5,7.0],"to":[10.5,10.5,18.0],"faces":{"east":{"uv":[6.0,3.625,7.375,4.25],"tintindex":0,"rotation":0,"texture":"#0"},"south":{"uv":[3.375,7.5,4.0,8.125],"tintindex":0,"rotation":0,"texture":"#0"},"north":{"uv":[7.5,0.0,8.125,0.625],"tintindex":0,"rotation":0,"texture":"#0"},"west":{"uv":[6.0,4.375,7.375,5.0],"tintindex":0,"rotation":0,"texture":"#0"},"up":{"uv":[0.625,7.5,0.0,6.125],"tintindex":0,"rotation":0,"texture":"#0"},"down":{"uv":[6.375,6.25,5.75,7.625],"tintindex":0,"rotation":0,"texture":"#0"}}}],"display":{"head":{"rotation":[0.0,0.0,0.0]},"firstperson_righthand":{"rotation":[0.0,0.0,0.0]},"thirdperson_lefthand":{"rotation":[0.0,-0.0,-0.0]},"firstperson_lefthand":{"rotation":[0.0,-0.0,-0.0]},"fixed":{"rotation":[0.0,0.0,0.0]},"ground":{"rotation":[0.0,0.0,0.0]},"thirdperson_righthand":{"rotation":[0.0,0.0,0.0]},"gui":{"rotation":[-150.0,-45.0,180.0]}}}