{"textures":{"0":"modelengine:entity/hoppy_ascendant","particle":"#0"},"elements":[{"from":[8.0,2.0,13.0],"to":[8.0,14.0,30.0],"faces":{"east":{"uv":[0.0,0.0,2.125,1.5],"tintindex":0,"rotation":0,"texture":"#0"},"west":{"uv":[0.0,1.625,2.125,3.125],"tintindex":0,"rotation":0,"texture":"#0"}}},{"from":[6.5,6.5,7.0],"to":[9.5,9.5,16.0],"faces":{"east":{"uv":[6.75,3.125,7.875,3.5],"tintindex":0,"rotation":0,"texture":"#0"},"south":{"uv":[3.125,8.25,3.5,8.625],"tintindex":0,"rotation":0,"texture":"#0"},"north":{"uv":[8.25,2.5,8.625,2.875],"tintindex":0,"rotation":0,"texture":"#0"},"west":{"uv":[7.375,6.25,8.5,6.625],"tintindex":0,"rotation":0,"texture":"#0"},"up":{"uv":[6.875,8.5,6.5,7.375],"tintindex":0,"rotation":0,"texture":"#0"},"down":{"uv":[7.75,6.75,7.375,7.875],"tintindex":0,"rotation":0,"texture":"#0"}}}],"display":{"gui":{"rotation":[-150.0,-45.0,180.0]}}}