{
	"credit": "Made with Blockbench",
	"texture_size": [32, 32],
	"textures": {
		"1": "modelengine:entity/nocsy/nocsy_chibi_salamander_icon",
		"particle": "modelengine:entity/nocsy/nocsy_chibi_salamander_icon"
	},
	"elements": [
		{
			"from": [5.5, 4.22555, 3.84063],
			"to": [10.5, 8.22555, 8.84063],
			"rotation": {"angle": 0, "axis": "y", "origin": [7.5, 2.77099, 7.69272]},
			"faces": {
				"north": {"uv": [10, 4, 12.5, 6], "texture": "#1"},
				"east": {"uv": [10, 6.5, 12.5, 8.5], "texture": "#1"},
				"south": {"uv": [10.5, 9, 13, 11], "texture": "#1"},
				"west": {"uv": [10.5, 11.5, 13, 13.5], "texture": "#1"},
				"up": {"uv": [7, 11.5, 4.5, 9], "texture": "#1"},
				"down": {"uv": [10, 9, 7.5, 11.5], "texture": "#1"}
			}
		},
		{
			"from": [4, 3.71285, 5.9875],
			"to": [12, 10.71285, 14.9875],
			"rotation": {"angle": 0, "axis": "y", "origin": [7.75, 6.46285, 12.4875]},
			"faces": {
				"north": {"uv": [0, 9, 4, 12.5], "texture": "#1"},
				"east": {"uv": [0, 5, 4.5, 8.5], "texture": "#1"},
				"south": {"uv": [9, 0, 13, 3.5], "texture": "#1"},
				"west": {"uv": [5, 5, 9.5, 8.5], "texture": "#1"},
				"up": {"uv": [4, 4.5, 0, 0], "texture": "#1"},
				"down": {"uv": [8.5, 0, 4.5, 4.5], "texture": "#1"}
			}
		},
		{
			"from": [9.4, 5.71285, 5.5875],
			"to": [12.4, 8.71285, 7.5875],
			"rotation": {"angle": 0, "axis": "y", "origin": [10.9, 7.21285, 7.0875]},
			"faces": {
				"north": {"uv": [0, 13, 1.5, 14.5], "texture": "#1"},
				"east": {"uv": [13.5, 11, 14.5, 12.5], "texture": "#1"},
				"south": {"uv": [2, 13, 3.5, 14.5], "texture": "#1"},
				"west": {"uv": [13.5, 13, 14.5, 14.5], "texture": "#1"},
				"up": {"uv": [11, 15, 9.5, 14], "texture": "#1"},
				"down": {"uv": [13, 14, 11.5, 15], "texture": "#1"}
			}
		},
		{
			"from": [10.7, 6.41285, 5.5125],
			"to": [11.5, 7.71285, 5.5125],
			"rotation": {"angle": 0, "axis": "y", "origin": [7.75, 6.46285, 12.4875]},
			"faces": {
				"north": {"uv": [9.5, 12, 9.875, 12.625], "texture": "#1"},
				"east": {"uv": [4, 13, 4, 13.625], "texture": "#1"},
				"south": {"uv": [2, 15, 2.375, 15.625], "texture": "#1"},
				"west": {"uv": [9, 14.5, 9, 15.125], "texture": "#1"},
				"up": {"uv": [9.875, 13.5, 9.5, 13.5], "texture": "#1"},
				"down": {"uv": [15.375, 6.5, 15, 6.5], "texture": "#1"}
			}
		},
		{
			"from": [4.5, 6.41285, 5.5125],
			"to": [5.3, 7.71285, 5.5125],
			"rotation": {"angle": 0, "axis": "y", "origin": [4.9, 7.06285, 5.5125]},
			"faces": {
				"north": {"uv": [3, 15, 3.375, 15.625], "texture": "#1"},
				"east": {"uv": [15, 11, 15, 11.625], "texture": "#1"},
				"south": {"uv": [15, 3, 15.375, 3.625], "texture": "#1"},
				"west": {"uv": [15, 12.5, 15, 13.125], "texture": "#1"},
				"up": {"uv": [15.375, 7, 15, 7], "texture": "#1"},
				"down": {"uv": [15.375, 7.5, 15, 7.5], "texture": "#1"}
			}
		},
		{
			"from": [3.6, 5.71285, 5.5875],
			"to": [6.6, 8.71285, 7.5875],
			"rotation": {"angle": 0, "axis": "y", "origin": [8.25, 6.46285, 12.4875]},
			"faces": {
				"north": {"uv": [13, 4, 14.5, 5.5], "texture": "#1"},
				"east": {"uv": [4, 14.5, 5, 16], "texture": "#1"},
				"south": {"uv": [13, 6, 14.5, 7.5], "texture": "#1"},
				"west": {"uv": [5.5, 14.5, 6.5, 16], "texture": "#1"},
				"up": {"uv": [8.5, 15.5, 7, 14.5], "texture": "#1"},
				"down": {"uv": [1.5, 15, 0, 16], "texture": "#1"}
			}
		},
		{
			"from": [5.7125, 6.86285, 5.9125],
			"to": [5.7125, 7.51285, 6.2125],
			"rotation": {"angle": 0, "axis": "y", "origin": [8, 6.46285, 12.4875]},
			"faces": {
				"north": {"uv": [13, 8, 13, 8.3125], "texture": "#1"},
				"east": {"uv": [9, 4, 9.125, 4.3125], "texture": "#1"},
				"south": {"uv": [14.5, 3, 14.5, 3.3125], "texture": "#1"},
				"west": {"uv": [13.5, 3, 13.625, 3.3125], "texture": "#1"},
				"up": {"uv": [13.5, 15.125, 13.5, 15], "texture": "#1"},
				"down": {"uv": [14, 15, 14, 15.125], "texture": "#1"}
			}
		},
		{
			"from": [10.2875, 6.86285, 6.0375],
			"to": [10.2875, 7.51285, 6.3375],
			"rotation": {"angle": 0, "axis": "y", "origin": [8, 6.46285, 12.4875]},
			"faces": {
				"north": {"uv": [15, 14, 15, 14.3125], "texture": "#1"},
				"east": {"uv": [15, 4.5, 15.125, 4.8125], "texture": "#1"},
				"south": {"uv": [14.5, 15, 14.5, 15.3125], "texture": "#1"},
				"west": {"uv": [15, 5.5, 15.125, 5.8125], "texture": "#1"},
				"up": {"uv": [15, 15.125, 15, 15], "texture": "#1"},
				"down": {"uv": [9.5, 15.5, 9.5, 15.625], "texture": "#1"}
			}
		},
		{
			"from": [6, 3.32242, 4.67527],
			"to": [10, 5.32242, 8.67527],
			"rotation": {"angle": -22.5, "axis": "x", "origin": [7.5, 4.62242, 5.57527]},
			"faces": {
				"north": {"uv": [13.5, 0, 15.5, 1], "texture": "#1"},
				"east": {"uv": [13.5, 1.5, 15.5, 2.5], "texture": "#1"},
				"south": {"uv": [13.5, 8, 15.5, 9], "texture": "#1"},
				"west": {"uv": [13.5, 9.5, 15.5, 10.5], "texture": "#1"},
				"up": {"uv": [6.5, 14, 4.5, 12], "texture": "#1"},
				"down": {"uv": [9, 12, 7, 14], "texture": "#1"}
			}
		}
	],
	"gui_light": "front",
	"display": {
		"gui": {
			"rotation": [-165.91, 28.15, 177.56],
			"translation": [-1.75, 0.25, 0],
			"scale": [1.2, 1.2, 1.2]
		}
	},
	"groups": [
		{
			"name": "h_head",
			"origin": [-8, 7.51905, 11.0558],
			"rotation": [35, 0, 0],
			"color": 0,
			"children": [
				{
					"name": "h_nose",
					"origin": [-8, 7.52099, 5.29272],
					"rotation": [-10, 0, 0],
					"color": 0,
					"children": [0]
				},
				1,
				2,
				3,
				4,
				5,
				6,
				7,
				8
			]
		}
	]
}