{
	"credit": "Made with Blockbench",
	"texture_size": [64, 64],
	"textures": {
		"3": "modelengine:entity/nocsy/nocsy_chibi_shroombie_icon"
	},
	"elements": [
		{
			"from": [5, 4, 6.4725],
			"to": [11, 9, 12.4725],
			"rotation": {"angle": 0, "axis": "y", "origin": [10, 4, 11.4725]},
			"faces": {
				"north": {"uv": [2.25, 6.25, 3.75, 7.5], "texture": "#3"},
				"east": {"uv": [4, 6.25, 5.5, 7.5], "texture": "#3"},
				"south": {"uv": [5.75, 6.25, 7.25, 7.5], "texture": "#3"},
				"west": {"uv": [6.5, 3.75, 8, 5], "texture": "#3"},
				"up": {"uv": [4.5, 6, 3, 4.5], "texture": "#3"},
				"down": {"uv": [6.25, 4.5, 4.75, 6], "texture": "#3"}
			}
		},
		{
			"from": [8.7, 4.6, 6.3225],
			"to": [10.7, 6.6, 6.3225],
			"rotation": {"angle": 0, "axis": "y", "origin": [6, 4, 11.4225]},
			"faces": {
				"north": {"uv": [5.25, 3.75, 5.75, 4.25], "texture": "#3"},
				"east": {"uv": [7.5, 7.5, 7.5, 8], "texture": "#3"},
				"south": {"uv": [0, 7.25, 0.5, 7.75], "texture": "#3"},
				"west": {"uv": [2.25, 7.75, 2.25, 8.25], "texture": "#3"},
				"up": {"uv": [2.75, 6, 2.25, 6], "texture": "#3"},
				"down": {"uv": [7, 6, 6.5, 6], "texture": "#3"}
			}
		},
		{
			"from": [9.04791, 4.89958, 6.2725],
			"to": [10.04791, 5.89958, 6.2725],
			"rotation": {"angle": 0, "axis": "y", "origin": [9.44791, 5.09958, 6.2725]},
			"faces": {
				"north": {"uv": [6, 3.75, 6.25, 4], "texture": "#3"},
				"east": {"uv": [2.5, 7.75, 2.5, 8], "texture": "#3"},
				"south": {"uv": [7.5, 6, 7.75, 6.25], "texture": "#3"},
				"west": {"uv": [2.75, 7.75, 2.75, 8], "texture": "#3"},
				"up": {"uv": [6.25, 4.25, 6, 4.25], "texture": "#3"},
				"down": {"uv": [3.25, 7.75, 3, 7.75], "texture": "#3"}
			}
		},
		{
			"from": [8.6, 4.5, 6.3725],
			"to": [10.8, 6.7, 6.3725],
			"rotation": {"angle": 0, "axis": "y", "origin": [12.1, 6, 6.3725]},
			"faces": {
				"north": {"uv": [0.75, 7.25, 1.25, 7.75], "texture": "#3"},
				"east": {"uv": [3.5, 7.75, 3.5, 8.25], "texture": "#3"},
				"south": {"uv": [0.75, 7.25, 1.25, 7.75], "texture": "#3"},
				"west": {"uv": [3.75, 7.75, 3.75, 8.25], "texture": "#3"},
				"up": {"uv": [4.5, 7.75, 4, 7.75], "texture": "#3"},
				"down": {"uv": [5.25, 7.75, 4.75, 7.75], "texture": "#3"}
			}
		},
		{
			"from": [5.95209, 4.89958, 6.2725],
			"to": [6.95209, 5.89958, 6.2725],
			"rotation": {"angle": 0, "axis": "y", "origin": [6.55209, 5.09958, 6.2725]},
			"faces": {
				"north": {"uv": [7.5, 6.5, 7.75, 6.75], "texture": "#3"},
				"east": {"uv": [2.75, 7.75, 2.75, 8], "texture": "#3"},
				"south": {"uv": [7.5, 7, 7.75, 7.25], "texture": "#3"},
				"west": {"uv": [2.5, 7.75, 2.5, 8], "texture": "#3"},
				"up": {"uv": [5.75, 7.75, 5.5, 7.75], "texture": "#3"},
				"down": {"uv": [6.25, 7.75, 6, 7.75], "texture": "#3"}
			}
		},
		{
			"from": [5.3, 4.6, 6.3225],
			"to": [7.3, 6.6, 6.3225],
			"rotation": {"angle": 0, "axis": "y", "origin": [10, 4, 11.4225]},
			"faces": {
				"north": {"uv": [1.5, 7.25, 2, 7.75], "texture": "#3"},
				"east": {"uv": [2.25, 7.75, 2.25, 8.25], "texture": "#3"},
				"south": {"uv": [7.5, 2.25, 8, 2.75], "texture": "#3"},
				"west": {"uv": [7.5, 7.5, 7.5, 8], "texture": "#3"},
				"up": {"uv": [7, 7.75, 6.5, 7.75], "texture": "#3"},
				"down": {"uv": [8.25, 7.5, 7.75, 7.5], "texture": "#3"}
			}
		},
		{
			"from": [5.2, 4.5, 6.3725],
			"to": [7.4, 6.7, 6.3725],
			"rotation": {"angle": 0, "axis": "y", "origin": [3.9, 6, 6.3725]},
			"faces": {
				"north": {"uv": [7.5, 3, 8, 3.5], "texture": "#3"},
				"east": {"uv": [3.75, 7.75, 3.75, 8.25], "texture": "#3"},
				"south": {"uv": [7.5, 3, 8, 3.5], "texture": "#3"},
				"west": {"uv": [3.5, 7.75, 3.5, 8.25], "texture": "#3"},
				"up": {"uv": [8.25, 7.75, 7.75, 7.75], "texture": "#3"},
				"down": {"uv": [0.5, 8, 0, 8], "texture": "#3"}
			}
		},
		{
			"from": [2.3, 6.94269, 3.9649],
			"to": [13.3, 8.94269, 14.9649],
			"rotation": {"angle": 0, "axis": "y", "origin": [10.3, 6.44269, 11.9649]},
			"faces": {
				"north": {"uv": [6.5, 5.25, 9.25, 5.75], "texture": "#3"},
				"east": {"uv": [7.5, 0, 10.25, 0.5], "texture": "#3"},
				"south": {"uv": [7.5, 0.75, 10.25, 1.25], "texture": "#3"},
				"west": {"uv": [7.5, 1.5, 10.25, 2], "texture": "#3"},
				"up": {"uv": [2.75, 2.75, 0, 0], "texture": "#3"},
				"down": {"uv": [2.75, 3, 0, 5.75], "texture": "#3"}
			}
		},
		{
			"from": [3.8, 8.94269, 5.7275],
			"to": [11.8, 12.94269, 13.7275],
			"rotation": {"angle": 0, "axis": "y", "origin": [7.8, 9.94269, 9.7275]},
			"faces": {
				"north": {"uv": [5.25, 0, 7.25, 1], "texture": "#3"},
				"east": {"uv": [5.25, 1.25, 7.25, 2.25], "texture": "#3"},
				"south": {"uv": [5.25, 2.5, 7.25, 3.5], "texture": "#3"},
				"west": {"uv": [0, 6, 2, 7], "texture": "#3"},
				"up": {"uv": [5, 2, 3, 0], "texture": "#3"},
				"down": {"uv": [5, 2.25, 3, 4.25], "texture": "#3"}
			}
		}
	],
	"display": {
		"gui": {
			"rotation": [-169.5, 27.25, -180],
			"translation": [-1, -0.75, 0]
		}
	},
	"groups": [
		{
			"name": "h_head",
			"origin": [8, 6, 9.7725],
			"color": 0,
			"children": [
				0,
				1,
				2,
				3,
				4,
				5,
				6,
				{
					"name": "h_hat",
					"origin": [7.8, 7.44269, 9.7275],
					"rotation": [8.18065, -6.75021, -5.97555],
					"color": 0,
					"children": [7, 8]
				}
			]
		}
	]
}