{
	"credit": "Made with Blockbench",
	"texture_size": [32, 32],
	"textures": {
		"2": "modelengine:entity/nocsy/nocsy_chibi_jackoassassin_icon",
		"particle": "modelengine:entity/nocsy/nocsy_chibi_jackoassassin_icon"
	},
	"elements": [
		{
			"from": [3.54807, 3.45605, 5.8125],
			"to": [12.54807, 10.45605, 14.8125],
			"rotation": {"angle": 0, "axis": "y", "origin": [8.04807, 6.95605, 10.3125]},
			"faces": {
				"north": {"uv": [5, 0, 9.5, 3.5], "texture": "#2"},
				"east": {"uv": [5, 4, 9.5, 7.5], "texture": "#2"},
				"south": {"uv": [5, 8, 9.5, 11.5], "texture": "#2"},
				"west": {"uv": [0, 10, 4.5, 13.5], "texture": "#2"},
				"up": {"uv": [4.5, 4.5, 0, 0], "texture": "#2"},
				"down": {"uv": [4.5, 5, 0, 9.5], "texture": "#2"}
			}
		},
		{
			"from": [4.04807, 4.65605, 5.6875],
			"to": [7.04807, 7.65605, 5.6875],
			"rotation": {"angle": 0, "axis": "y", "origin": [10.74807, 2.45605, 6.8125]},
			"faces": {
				"north": {"uv": [11.5, 7, 13, 8.5], "texture": "#2"},
				"east": {"uv": [6, 13, 6, 14.5], "texture": "#2"},
				"south": {"uv": [11.5, 9, 13, 10.5], "texture": "#2"},
				"west": {"uv": [6.5, 13, 6.5, 14.5], "texture": "#2"},
				"up": {"uv": [13, 13, 11.5, 13], "texture": "#2"},
				"down": {"uv": [15, 2, 13.5, 2], "texture": "#2"}
			}
		},
		{
			"from": [9.04807, 4.65605, 5.6875],
			"to": [12.04807, 7.65605, 5.6875],
			"rotation": {"angle": 0, "axis": "y", "origin": [10.54807, 6.15605, 5.6875]},
			"faces": {
				"north": {"uv": [11.5, 11, 13, 12.5], "texture": "#2"},
				"east": {"uv": [9, 13, 9, 14.5], "texture": "#2"},
				"south": {"uv": [12, 0, 13.5, 1.5], "texture": "#2"},
				"west": {"uv": [9.5, 13, 9.5, 14.5], "texture": "#2"},
				"up": {"uv": [15, 2.5, 13.5, 2.5], "texture": "#2"},
				"down": {"uv": [15, 3, 13.5, 3], "texture": "#2"}
			}
		},
		{
			"from": [7.78923, 7.80724, 8.57853],
			"to": [9.78923, 13.80724, 11.57853],
			"rotation": {"angle": 22.5, "axis": "z", "origin": [8.28923, 8.30724, 10.07853]},
			"faces": {
				"north": {"uv": [10, 7, 11, 10], "texture": "#2"},
				"east": {"uv": [10, 0, 11.5, 3], "texture": "#2"},
				"south": {"uv": [10, 10.5, 11, 13.5], "texture": "#2"},
				"west": {"uv": [10, 3.5, 11.5, 6.5], "texture": "#2"},
				"up": {"uv": [13, 3.5, 12, 2], "texture": "#2"},
				"down": {"uv": [13, 4, 12, 5.5], "texture": "#2"}
			}
		},
		{
			"from": [6.78923, 12.80724, 8.57853],
			"to": [7.78923, 13.80724, 11.57853],
			"rotation": {"angle": 22.5, "axis": "z", "origin": [8.28923, 8.30724, 10.07853]},
			"faces": {
				"north": {"uv": [9, 12, 9.5, 12.5], "texture": "#2"},
				"east": {"uv": [5, 12, 6.5, 12.5], "texture": "#2"},
				"south": {"uv": [5, 13, 5.5, 13.5], "texture": "#2"},
				"west": {"uv": [12, 6, 13.5, 6.5], "texture": "#2"},
				"up": {"uv": [7.5, 13.5, 7, 12], "texture": "#2"},
				"down": {"uv": [8.5, 12, 8, 13.5], "texture": "#2"}
			}
		}
	],
	"gui_light": "front",
	"display": {
		"gui": {
			"rotation": [-163.1, 27.85, 179.32],
			"translation": [-1.25, 0, 0],
			"scale": [1.2, 1.2, 1.2]
		}
	},
	"groups": [
		{
			"name": "h_head",
			"origin": [8.04807, 5.68105, 8],
			"color": 0,
			"children": [
				0,
				1,
				2,
				{
					"name": "h_hair",
					"origin": [8.42223, 9.67611, 9.9625],
					"rotation": [0, 22.5, 0],
					"color": 0,
					"children": [3, 4]
				}
			]
		}
	]
}