{
	"credit": "Made with Blockbench",
	"texture_size": [64, 64],
	"textures": {
		"2": "modelengine:entity/nocsy/nocsy_chibi_longear_rabbit_icon"
	},
	"elements": [
		{
			"from": [5, 5.57612, 6.63326],
			"to": [11, 11.57612, 12.63326],
			"rotation": {"angle": 0, "axis": "y", "origin": [8, 5.57612, 11.63326]},
			"faces": {
				"north": {"uv": [0, 3.5, 1.5, 5], "texture": "#2"},
				"east": {"uv": [1.75, 3.5, 3.25, 5], "texture": "#2"},
				"south": {"uv": [3.5, 3.5, 5, 5], "texture": "#2"},
				"west": {"uv": [4, 0, 5.5, 1.5], "texture": "#2"},
				"up": {"uv": [5.5, 3.25, 4, 1.75], "texture": "#2"},
				"down": {"uv": [1.5, 5.25, 0, 6.75], "texture": "#2"}
			}
		},
		{
			"from": [9.4, 7.97612, 6.53326],
			"to": [10.4, 8.97612, 6.53326],
			"rotation": {"angle": 0, "axis": "y", "origin": [9.9, 8.47612, 6.53326]},
			"faces": {
				"north": {"uv": [8.5, 0, 8.75, 0.25], "texture": "#2"},
				"east": {"uv": [1.5, 7, 1.5, 7.25], "texture": "#2"},
				"south": {"uv": [8.5, 0.5, 8.75, 0.75], "texture": "#2"},
				"west": {"uv": [1.5, 7.5, 1.5, 7.75], "texture": "#2"},
				"up": {"uv": [9, 4.25, 8.75, 4.25], "texture": "#2"},
				"down": {"uv": [9, 4.5, 8.75, 4.5], "texture": "#2"}
			}
		},
		{
			"from": [5.6, 7.97612, 6.53326],
			"to": [6.6, 8.97612, 6.53326],
			"rotation": {"angle": 0, "axis": "y", "origin": [6.1, 8.47612, 6.53326]},
			"faces": {
				"north": {"uv": [8.5, 0.5, 8.75, 0.75], "texture": "#2"},
				"east": {"uv": [1.5, 7.5, 1.5, 7.75], "texture": "#2"},
				"south": {"uv": [8.5, 0, 8.75, 0.25], "texture": "#2"},
				"west": {"uv": [1.5, 7, 1.5, 7.25], "texture": "#2"},
				"up": {"uv": [9, 4.75, 8.75, 4.75], "texture": "#2"},
				"down": {"uv": [9, 5, 8.75, 5], "texture": "#2"}
			}
		},
		{
			"from": [3.53532, 10.31401, 9.5],
			"to": [6.53532, 11.31401, 12.5],
			"rotation": {"angle": -22.5, "axis": "z", "origin": [7.30069, 9.46625, 11.5]},
			"faces": {
				"north": {"uv": [7.75, 3.75, 8.5, 4], "texture": "#2"},
				"east": {"uv": [7.75, 4.25, 8.5, 4.5], "texture": "#2"},
				"south": {"uv": [7.75, 4.75, 8.5, 5], "texture": "#2"},
				"west": {"uv": [7.75, 5.25, 8.5, 5.5], "texture": "#2"},
				"up": {"uv": [7.5, 1.75, 6.75, 1], "texture": "#2"},
				"down": {"uv": [7.5, 2, 6.75, 2.75], "texture": "#2"}
			}
		},
		{
			"from": [2.53532, -0.68599, 8.5],
			"to": [3.53532, 11.31401, 9.5],
			"rotation": {"angle": -22.5, "axis": "z", "origin": [7.30069, 9.46625, 11.5]},
			"faces": {
				"north": {"uv": [5.25, 3.5, 5.5, 6.5], "texture": "#2"},
				"east": {"uv": [3.75, 5.25, 4, 8.25], "texture": "#2"},
				"south": {"uv": [4.25, 5.25, 4.5, 8.25], "texture": "#2"},
				"west": {"uv": [4.75, 5.25, 5, 8.25], "texture": "#2"},
				"up": {"uv": [8.75, 2, 8.5, 1.75], "texture": "#2"},
				"down": {"uv": [8.75, 2.25, 8.5, 2.5], "texture": "#2"}
			}
		},
		{
			"from": [2.53532, -1.68599, 9.5],
			"to": [3.53532, 11.31401, 12.5],
			"rotation": {"angle": -22.5, "axis": "z", "origin": [7.30069, 9.46625, 11.5]},
			"faces": {
				"north": {"uv": [1.75, 5.25, 2, 8.5], "texture": "#2"},
				"east": {"uv": [0, 0, 0.75, 3.25], "texture": "#2"},
				"south": {"uv": [2.25, 5.25, 2.5, 8.5], "texture": "#2"},
				"west": {"uv": [1, 0, 1.75, 3.25], "texture": "#2"},
				"up": {"uv": [8.25, 0.75, 8, 0], "texture": "#2"},
				"down": {"uv": [8.25, 5.75, 8, 6.5], "texture": "#2"}
			}
		},
		{
			"from": [2.53532, 2.31401, 12.5],
			"to": [3.53532, 11.31401, 13.5],
			"rotation": {"angle": -22.5, "axis": "z", "origin": [7.30069, 9.46625, 11.5]},
			"faces": {
				"north": {"uv": [6.75, 3, 7, 5.25], "texture": "#2"},
				"east": {"uv": [5.25, 6.75, 5.5, 9], "texture": "#2"},
				"south": {"uv": [0, 7, 0.25, 9.25], "texture": "#2"},
				"west": {"uv": [0.5, 7, 0.75, 9.25], "texture": "#2"},
				"up": {"uv": [8.75, 3, 8.5, 2.75], "texture": "#2"},
				"down": {"uv": [8.75, 3.25, 8.5, 3.5], "texture": "#2"}
			}
		},
		{
			"from": [9.46468, 10.31401, 9.5],
			"to": [12.46468, 11.31401, 12.5],
			"rotation": {"angle": 22.5, "axis": "z", "origin": [8.69931, 9.46625, 11.5]},
			"faces": {
				"north": {"uv": [8, 6.75, 8.75, 7], "texture": "#2"},
				"east": {"uv": [8, 7.25, 8.75, 7.5], "texture": "#2"},
				"south": {"uv": [8, 7.75, 8.75, 8], "texture": "#2"},
				"west": {"uv": [6.75, 8.25, 7.5, 8.5], "texture": "#2"},
				"up": {"uv": [7.5, 6.25, 6.75, 5.5], "texture": "#2"},
				"down": {"uv": [7.75, 6.5, 7, 7.25], "texture": "#2"}
			}
		},
		{
			"from": [12.46468, -0.68599, 8.5],
			"to": [13.46468, 11.31401, 9.5],
			"rotation": {"angle": 22.5, "axis": "z", "origin": [8.69931, 9.46625, 11.5]},
			"faces": {
				"north": {"uv": [5.75, 0, 6, 3], "texture": "#2"},
				"east": {"uv": [5.75, 3.25, 6, 6.25], "texture": "#2"},
				"south": {"uv": [6.25, 0, 6.5, 3], "texture": "#2"},
				"west": {"uv": [6.25, 3.25, 6.5, 6.25], "texture": "#2"},
				"up": {"uv": [4, 8.75, 3.75, 8.5], "texture": "#2"},
				"down": {"uv": [4.5, 8.5, 4.25, 8.75], "texture": "#2"}
			}
		},
		{
			"from": [12.46468, -1.68599, 9.5],
			"to": [13.46468, 11.31401, 12.5],
			"rotation": {"angle": 22.5, "axis": "z", "origin": [8.69931, 9.46625, 11.5]},
			"faces": {
				"north": {"uv": [2.75, 5.25, 3, 8.5], "texture": "#2"},
				"east": {"uv": [2, 0, 2.75, 3.25], "texture": "#2"},
				"south": {"uv": [3.25, 5.25, 3.5, 8.5], "texture": "#2"},
				"west": {"uv": [3, 0, 3.75, 3.25], "texture": "#2"},
				"up": {"uv": [8, 9, 7.75, 8.25], "texture": "#2"},
				"down": {"uv": [8.5, 8.25, 8.25, 9], "texture": "#2"}
			}
		},
		{
			"from": [12.46468, 2.31401, 12.5],
			"to": [13.46468, 11.31401, 13.5],
			"rotation": {"angle": 22.5, "axis": "z", "origin": [8.69931, 9.46625, 11.5]},
			"faces": {
				"north": {"uv": [1, 7, 1.25, 9.25], "texture": "#2"},
				"east": {"uv": [7.25, 3, 7.5, 5.25], "texture": "#2"},
				"south": {"uv": [5.75, 7.5, 6, 9.75], "texture": "#2"},
				"west": {"uv": [6.25, 7.5, 6.5, 9.75], "texture": "#2"},
				"up": {"uv": [5, 8.75, 4.75, 8.5], "texture": "#2"},
				"down": {"uv": [8.75, 5.75, 8.5, 6], "texture": "#2"}
			}
		},
		{
			"from": [6.01, 5.58612, 5.24326],
			"to": [9.99, 8.56612, 7.22326],
			"rotation": {"angle": 0, "axis": "y", "origin": [8, 5.57612, 12.23326]},
			"faces": {
				"north": {"uv": [5.75, 6.5, 6.75, 7.25], "texture": "#2"},
				"east": {"uv": [7.75, 1.75, 8.25, 2.5], "texture": "#2"},
				"south": {"uv": [6.75, 0, 7.75, 0.75], "texture": "#2"},
				"west": {"uv": [7.75, 2.75, 8.25, 3.5], "texture": "#2"},
				"up": {"uv": [7.75, 8, 6.75, 7.5], "texture": "#2"},
				"down": {"uv": [8.75, 1, 7.75, 1.5], "texture": "#2"}
			}
		},
		{
			"from": [7.5, 7.67612, 5.13326],
			"to": [8.5, 8.67612, 6.13326],
			"rotation": {"angle": 0, "axis": "y", "origin": [8, 8.17612, 5.63326]},
			"faces": {
				"north": {"uv": [8.5, 6.25, 8.75, 6.5], "texture": "#2"},
				"east": {"uv": [1.5, 8.75, 1.75, 9], "texture": "#2"},
				"south": {"uv": [2, 8.75, 2.25, 9], "texture": "#2"},
				"west": {"uv": [2.5, 8.75, 2.75, 9], "texture": "#2"},
				"up": {"uv": [3.25, 9, 3, 8.75], "texture": "#2"},
				"down": {"uv": [9, 3.75, 8.75, 4], "texture": "#2"}
			}
		}
	],
	"gui_light": "front",
	"display": {
		"gui": {
			"rotation": [-162, -31.5, 180],
			"translation": [1.25, 0.25, 0],
			"scale": [0.9, 0.9, 0.9]
		}
	},
	"groups": [
		{
			"name": "h_head",
			"origin": [8, 7.5, 12.01594],
			"rotation": [-22.5, 0, 0],
			"color": 0,
			"children": [
				0,
				1,
				2,
				{
					"name": "h_hear_left",
					"origin": [5.5, 11.07612, 10.83326],
					"rotation": [-40.66521, 75.65523, 10.33047],
					"color": 0,
					"children": [
						3,
						{
							"name": "h_hear_left_long",
							"origin": [5.80069, 12.96625, 11.13333],
							"color": 0,
							"children": [4, 5, 6]
						}
					]
				},
				{
					"name": "h_hear_left",
					"origin": [5.5, 11.07612, 10.83326],
					"rotation": [-40.66521, 75.65523, 10.33047],
					"color": 0,
					"children": [
						7,
						{
							"name": "h_hear_left_long",
							"origin": [5.80069, 12.96625, 11.13333],
							"color": 0,
							"children": [8, 9, 10]
						}
					]
				},
				11,
				12
			]
		}
	]
}