{
	"format_version": "1.21.6",
	"credit": "Made with Blockbench",
	"texture_size": [128, 128],
	"textures": {
		"1": "modelengine:entity/nocsy/nocsy_chibi_oven_icon",
		"particle": "modelengine:entity/nocsy/nocsy_chibi_oven_icon"
	},
	"elements": [
		{
			"from": [4, 0.8805, 4.85],
			"to": [12, 8.8805, 12.85],
			"rotation": {"angle": 0, "axis": "y", "origin": [6, 0.8805, 5.85]},
			"faces": {
				"north": {"uv": [4.125, 4.125, 5.125, 5.125], "texture": "#1"},
				"east": {"uv": [0, 4.375, 1, 5.375], "texture": "#1"},
				"south": {"uv": [4.375, 0, 5.375, 1], "texture": "#1"},
				"west": {"uv": [1.125, 4.375, 2.125, 5.375], "texture": "#1"},
				"up": {"uv": [5.375, 2.125, 4.375, 1.125], "texture": "#1"},
				"down": {"uv": [3.25, 4.375, 2.25, 5.375], "texture": "#1"}
			}
		},
		{
			"from": [3, 0.2805, 3.85],
			"to": [3, 10.2805, 13.85],
			"rotation": {"angle": 0, "axis": "y", "origin": [6, 1.2805, 5.85]},
			"faces": {
				"north": {"uv": [6.5, 6.75, 6.5, 8], "texture": "#1"},
				"east": {"uv": [0, 3, 1.25, 4.25], "texture": "#1"},
				"south": {"uv": [3.625, 7, 3.625, 8.25], "texture": "#1"},
				"west": {"uv": [0, 3, 1.25, 4.25], "texture": "#1"},
				"up": {"uv": [3.75, 8.25, 3.75, 7], "texture": "#1"},
				"down": {"uv": [3.875, 7, 3.875, 8.25], "texture": "#1"}
			}
		},
		{
			"from": [10.85594, -0.19831, 7.76367],
			"to": [13.85594, 6.80169, 12.76367],
			"rotation": {"angle": 0, "axis": "y", "origin": [7.85594, -0.19831, 9.76367]},
			"faces": {
				"north": {"uv": [1.25, 6.125, 1.625, 7], "texture": "#1"},
				"east": {"uv": [4.5, 5.875, 5.125, 6.75], "texture": "#1"},
				"south": {"uv": [1.75, 6.125, 2.125, 7], "texture": "#1"},
				"west": {"uv": [5.25, 5.875, 5.875, 6.75], "texture": "#1"},
				"up": {"uv": [2.625, 7.25, 2.25, 6.625], "texture": "#1"},
				"down": {"uv": [3.125, 6.625, 2.75, 7.25], "texture": "#1"}
			}
		},
		{
			"from": [2.14406, -0.19831, 7.76367],
			"to": [5.14406, 6.80169, 12.76367],
			"rotation": {"angle": 0, "axis": "y", "origin": [8.14406, -0.19831, 9.76367]},
			"faces": {
				"north": {"uv": [1.625, 6.125, 1.25, 7], "texture": "#1"},
				"east": {"uv": [5.875, 5.875, 5.25, 6.75], "texture": "#1"},
				"south": {"uv": [2.125, 6.125, 1.75, 7], "texture": "#1"},
				"west": {"uv": [5.125, 5.875, 4.5, 6.75], "texture": "#1"},
				"up": {"uv": [2.25, 7.25, 2.625, 6.625], "texture": "#1"},
				"down": {"uv": [2.75, 6.625, 3.125, 7.25], "texture": "#1"}
			}
		},
		{
			"from": [13, 0.2805, 3.85],
			"to": [13, 10.2805, 13.85],
			"rotation": {"angle": 0, "axis": "y", "origin": [6, 1.2805, 5.85]},
			"faces": {
				"north": {"uv": [4, 7, 4, 8.25], "texture": "#1"},
				"east": {"uv": [3, 0, 4.25, 1.25], "texture": "#1"},
				"south": {"uv": [4.125, 7, 4.125, 8.25], "texture": "#1"},
				"west": {"uv": [4.25, 0, 3, 1.25], "texture": "#1"},
				"up": {"uv": [4.25, 8.25, 4.25, 7], "texture": "#1"},
				"down": {"uv": [4.375, 7, 4.375, 8.25], "texture": "#1"}
			}
		},
		{
			"from": [3, 0.2805, 3.85],
			"to": [13, 0.2805, 13.85],
			"rotation": {"angle": 0, "axis": "y", "origin": [6, 0.2805, 5.85]},
			"faces": {
				"north": {"uv": [6.75, 4.5, 8, 4.5], "texture": "#1"},
				"east": {"uv": [6.75, 4.625, 8, 4.625], "texture": "#1"},
				"south": {"uv": [7, 2.375, 8.25, 2.375], "texture": "#1"},
				"west": {"uv": [7, 2.5, 8.25, 2.5], "texture": "#1"},
				"up": {"uv": [2.625, 4.25, 1.375, 3], "texture": "#1"},
				"down": {"uv": [2.625, 3, 1.375, 4.25], "texture": "#1"}
			}
		},
		{
			"from": [3, 10.2805, 3.85],
			"to": [13, 10.2805, 13.85],
			"rotation": {"angle": 0, "axis": "y", "origin": [6, 1.2805, 5.85]},
			"faces": {
				"north": {"uv": [7, 2.625, 8.25, 2.625], "texture": "#1"},
				"east": {"uv": [7, 2.75, 8.25, 2.75], "texture": "#1"},
				"south": {"uv": [7, 2.875, 8.25, 2.875], "texture": "#1"},
				"west": {"uv": [6.625, 7, 7.875, 7], "texture": "#1"},
				"up": {"uv": [4.25, 2.625, 3, 1.375], "texture": "#1"},
				"down": {"uv": [4.25, 1.375, 3, 2.625], "texture": "#1"}
			}
		},
		{
			"from": [2.5, 7.2805, 3.35],
			"to": [13.5, 11.2805, 14.35],
			"rotation": {"angle": 0, "axis": "y", "origin": [6.5, 1.2805, 5.35]},
			"faces": {
				"north": {"uv": [5.25, 4.125, 6.625, 4.625], "texture": "#1"},
				"east": {"uv": [4.5, 5.25, 5.875, 5.75], "texture": "#1"},
				"south": {"uv": [0, 5.5, 1.375, 6], "texture": "#1"},
				"west": {"uv": [5.5, 0, 6.875, 0.5], "texture": "#1"},
				"up": {"uv": [1.375, 1.375, 0, 0], "texture": "#1"},
				"down": {"uv": [1.375, 1.5, 0, 2.875], "texture": "#1"}
			}
		},
		{
			"from": [2.5, -0.7195, 3.35],
			"to": [13.5, 3.2805, 14.35],
			"rotation": {"angle": 0, "axis": "y", "origin": [6.5, -6.7195, 5.35]},
			"faces": {
				"north": {"uv": [5.5, 0.625, 6.875, 1.125], "texture": "#1"},
				"east": {"uv": [5.5, 1.25, 6.875, 1.75], "texture": "#1"},
				"south": {"uv": [1.5, 5.5, 2.875, 6], "texture": "#1"},
				"west": {"uv": [5.5, 1.25, 6.875, 1.75], "texture": "#1"},
				"up": {"uv": [2.875, 1.375, 1.5, 0], "texture": "#1"},
				"down": {"uv": [2.875, 1.5, 1.5, 2.875], "texture": "#1"}
			}
		},
		{
			"from": [5.5, 3.2805, 13.35],
			"to": [10.5, 5.2805, 14.35],
			"rotation": {"angle": 0, "axis": "y", "origin": [6.5, -6.7195, 5.35]},
			"faces": {
				"north": {"uv": [5.25, 4.75, 5.875, 5], "texture": "#1"},
				"east": {"uv": [7, 1.125, 7.125, 1.375], "texture": "#1"},
				"south": {"uv": [6.375, 3.75, 7, 4], "texture": "#1"},
				"west": {"uv": [7, 1.5, 7.125, 1.75], "texture": "#1"},
				"up": {"uv": [3.625, 2.875, 3, 2.75], "texture": "#1"},
				"down": {"uv": [4, 5, 3.375, 5.125], "texture": "#1"}
			}
		},
		{
			"from": [2.5, 5.2805, 2.65],
			"to": [5.5, 7.2805, 4.65],
			"rotation": {"angle": 22.5, "axis": "y", "origin": [4, 4.7805, 3.65]},
			"faces": {
				"north": {"uv": [3.625, 6.625, 4, 6.875], "texture": "#1"},
				"east": {"uv": [3, 5.5, 3.25, 5.75], "texture": "#1"},
				"south": {"uv": [6.625, 6.25, 7, 6.5], "texture": "#1"},
				"west": {"uv": [7, 0, 7.25, 0.25], "texture": "#1"},
				"up": {"uv": [7, 6.875, 6.625, 6.625], "texture": "#1"},
				"down": {"uv": [7.125, 4.125, 6.75, 4.375], "texture": "#1"}
			}
		},
		{
			"from": [2.5, 2.2805, 2.65],
			"to": [5.5, 4.2805, 4.65],
			"rotation": {"angle": 22.5, "axis": "y", "origin": [4, 1.7805, 3.65]},
			"faces": {
				"north": {"uv": [6, 6.75, 6.375, 7], "texture": "#1"},
				"east": {"uv": [7, 0.375, 7.25, 0.625], "texture": "#1"},
				"south": {"uv": [4.5, 6.875, 4.875, 7.125], "texture": "#1"},
				"west": {"uv": [7, 0.75, 7.25, 1], "texture": "#1"},
				"up": {"uv": [5.375, 7.125, 5, 6.875], "texture": "#1"},
				"down": {"uv": [5.875, 6.875, 5.5, 7.125], "texture": "#1"}
			}
		},
		{
			"from": [6.20391, 9.5195, 7.88892],
			"to": [10.20391, 16.5195, 11.88892],
			"rotation": {"angle": 0, "axis": "z", "origin": [8.25877, 13.49824, 9.86946]},
			"faces": {
				"north": {"uv": [6, 4.75, 6.5, 5.625], "texture": "#1"},
				"east": {"uv": [6, 5.75, 6.5, 6.625], "texture": "#1"},
				"south": {"uv": [0, 6.125, 0.5, 7], "texture": "#1"},
				"west": {"uv": [0.625, 6.125, 1.125, 7], "texture": "#1"},
				"up": {"uv": [3.875, 4.875, 3.375, 4.375], "texture": "#1"},
				"down": {"uv": [6.875, 2.375, 6.375, 2.875], "texture": "#1"}
			}
		},
		{
			"from": [5.95391, 14.4695, 7.63892],
			"to": [10.45391, 16.9695, 12.13892],
			"rotation": {"angle": 0, "axis": "z", "origin": [8.25877, 13.49824, 9.86946]},
			"faces": {
				"north": {"uv": [6.625, 4.75, 7.125, 5], "texture": "#1"},
				"east": {"uv": [6.625, 5.125, 7.125, 5.375], "texture": "#1"},
				"south": {"uv": [6.625, 5.5, 7.125, 5.75], "texture": "#1"},
				"west": {"uv": [6.625, 5.875, 7.125, 6.125], "texture": "#1"},
				"up": {"uv": [3.875, 4.875, 3.375, 4.375], "texture": "#1"},
				"down": {"uv": [6.875, 2.375, 6.375, 2.875], "texture": "#1"}
			}
		},
		{
			"from": [4.45941, 9.92506, 6.35],
			"to": [10.45941, 12.92506, 13.35],
			"rotation": {"angle": 22.5, "axis": "z", "origin": [8.25877, 13.49824, 9.86946]},
			"faces": {
				"north": {"uv": [3.25, 6.125, 4, 6.5], "texture": "#1"},
				"east": {"uv": [4.375, 2.25, 5.25, 2.625], "texture": "#1"},
				"south": {"uv": [6.375, 1.875, 7.125, 2.25], "texture": "#1"},
				"west": {"uv": [2.25, 6.125, 3.125, 6.5], "texture": "#1"},
				"up": {"uv": [6.25, 2.75, 5.5, 1.875], "texture": "#1"},
				"down": {"uv": [6.25, 2.875, 5.5, 3.75], "texture": "#1"}
			}
		},
		{
			"from": [3, 0.2805, 3.85],
			"to": [13, 10.2805, 3.85],
			"rotation": {"angle": 0, "axis": "y", "origin": [6, 1.2805, 5.85]},
			"faces": {
				"north": {"uv": [2.75, 3, 4, 4.25], "texture": "#1"},
				"east": {"uv": [0, 7.125, 0, 8.375], "texture": "#1"},
				"south": {"uv": [4, 3, 2.75, 4.25], "texture": "#1"},
				"west": {"uv": [0.125, 7.125, 0.125, 8.375], "texture": "#1"},
				"up": {"uv": [1.5, 7.125, 0.25, 7.125], "texture": "#1"},
				"down": {"uv": [8.375, 3.75, 7.125, 3.75], "texture": "#1"}
			}
		},
		{
			"from": [4, 1.8805, 2.15],
			"to": [12, 1.8805, 4.15],
			"rotation": {"angle": 0, "axis": "y", "origin": [6, 0.8805, 6.15]},
			"faces": {
				"north": {"uv": [7.125, 3.875, 8.125, 3.875], "texture": "#1"},
				"east": {"uv": [3.75, 2.75, 4, 2.75], "texture": "#1"},
				"south": {"uv": [7.125, 4, 8.125, 4], "texture": "#1"},
				"west": {"uv": [3.75, 2.875, 4, 2.875], "texture": "#1"},
				"up": {"uv": [7.375, 3.25, 6.375, 3], "texture": "#1"},
				"down": {"uv": [7.375, 3, 6.375, 3.25], "texture": "#1"}
			}
		},
		{
			"from": [12, 1.8805, 2.15],
			"to": [12, 7.8805, 4.15],
			"rotation": {"angle": 0, "axis": "y", "origin": [6, 0.8805, 6.15]},
			"faces": {
				"north": {"uv": [1.625, 7.125, 1.625, 7.875], "texture": "#1"},
				"east": {"uv": [4.125, 6.125, 4.375, 6.875], "texture": "#1"},
				"south": {"uv": [1.75, 7.125, 1.75, 7.875], "texture": "#1"},
				"west": {"uv": [4.375, 6.125, 4.125, 6.875], "texture": "#1"},
				"up": {"uv": [4, 4.625, 4, 4.375], "texture": "#1"},
				"down": {"uv": [5.375, 2.25, 5.375, 2.5], "texture": "#1"}
			}
		},
		{
			"from": [4, 1.8805, 2.15],
			"to": [4, 7.8805, 4.15],
			"rotation": {"angle": 0, "axis": "y", "origin": [6, 0.8805, 6.15]},
			"faces": {
				"north": {"uv": [1.875, 7.125, 1.875, 7.875], "texture": "#1"},
				"east": {"uv": [3.25, 6.625, 3.5, 7.375], "texture": "#1"},
				"south": {"uv": [2, 7.125, 2, 7.875], "texture": "#1"},
				"west": {"uv": [3.25, 6.625, 3.5, 7.375], "texture": "#1"},
				"up": {"uv": [2.125, 7.375, 2.125, 7.125], "texture": "#1"},
				"down": {"uv": [6, 7.125, 6, 7.375], "texture": "#1"}
			}
		},
		{
			"from": [4, 7.8805, 2.15],
			"to": [12, 7.8805, 4.15],
			"rotation": {"angle": 0, "axis": "y", "origin": [6, 0.8805, 6.15]},
			"faces": {
				"north": {"uv": [7.125, 6.25, 8.125, 6.25], "texture": "#1"},
				"east": {"uv": [5.25, 5.125, 5.5, 5.125], "texture": "#1"},
				"south": {"uv": [7.125, 6.375, 8.125, 6.375], "texture": "#1"},
				"west": {"uv": [5.5, 3.875, 5.75, 3.875], "texture": "#1"},
				"up": {"uv": [7.375, 3.625, 6.375, 3.375], "texture": "#1"},
				"down": {"uv": [7.375, 3.375, 6.375, 3.625], "texture": "#1"}
			}
		},
		{
			"from": [4, 1.8805, 2.15],
			"to": [12, 7.8805, 2.15],
			"rotation": {"angle": 0, "axis": "y", "origin": [6, 0.8805, 6.15]},
			"faces": {
				"north": {"uv": [3.375, 5.25, 4.375, 6], "texture": "#1"},
				"east": {"uv": [6.125, 7.125, 6.125, 7.875], "texture": "#1"},
				"south": {"uv": [4.375, 5.25, 3.375, 6], "texture": "#1"},
				"west": {"uv": [6.25, 7.125, 6.25, 7.875], "texture": "#1"},
				"up": {"uv": [8.125, 6.5, 7.125, 6.5], "texture": "#1"},
				"down": {"uv": [7.625, 7.125, 6.625, 7.125], "texture": "#1"}
			}
		},
		{
			"from": [3, 0.2805, 13.85],
			"to": [13, 10.2805, 13.85],
			"rotation": {"angle": 0, "axis": "y", "origin": [6, 1.2805, 5.85]},
			"faces": {
				"north": {"uv": [4.125, 2.75, 5.375, 4], "texture": "#1"},
				"east": {"uv": [6.375, 7.125, 6.375, 8.375], "texture": "#1"},
				"south": {"uv": [4.125, 2.75, 5.375, 4], "texture": "#1"},
				"west": {"uv": [0.25, 7.25, 0.25, 8.5], "texture": "#1"},
				"up": {"uv": [8.375, 6.625, 7.125, 6.625], "texture": "#1"},
				"down": {"uv": [8.375, 6.75, 7.125, 6.75], "texture": "#1"}
			}
		}
	],
	"gui_light": "front",
	"display": {
		"gui": {
			"rotation": [-164, 22.75, -180],
			"translation": [0.25, 0, 0],
			"scale": [0.8, 0.8, 0.8]
		}
	},
	"groups": [
		{
			"name": "h_head",
			"origin": [6, 1.2805, 5.85],
			"color": 0,
			"children": [
				0,
				1,
				{
					"name": "right_arm",
					"origin": [13.11321, 6.39008, 9.95],
					"rotation": [0, -22.5, 35],
					"color": 0,
					"children": [2]
				},
				{
					"name": "left_arm",
					"origin": [2.88679, 6.39008, 9.95],
					"rotation": [0, 22.5, -35],
					"color": 0,
					"children": [3]
				},
				4,
				5,
				6,
				7,
				8,
				9,
				10,
				11,
				{
					"name": "cheminee",
					"origin": [8, 12.2805, 9.75],
					"rotation": [9.6658, 2.57594, -14.78217],
					"color": 0,
					"children": [12, 13, 14]
				},
				15,
				16,
				17,
				18,
				19,
				20,
				21
			]
		}
	]
}