{
	"credit": "Made with Blockbench",
	"texture_size": [64, 64],
	"textures": {
		"2": "modelengine:entity/nocsy/nocsy_chibi_sakura_djinn_dragon_icon",
		"particle": "modelengine:entity/nocsy/nocsy_chibi_sakura_djinn_dragon_icon"
	},
	"elements": [
		{
			"from": [5.5, 3.44553, 4.67964],
			"to": [10.5, 8.44553, 9.67964],
			"rotation": {"angle": 0, "axis": "y", "origin": [7.5, 6.44553, 5.67964]},
			"faces": {
				"north": {"uv": [6.75, 5.5, 8, 6.75], "texture": "#2"},
				"east": {"uv": [0, 7, 1.25, 8.25], "texture": "#2"},
				"south": {"uv": [1.5, 7, 2.75, 8.25], "texture": "#2"},
				"west": {"uv": [3, 7, 4.25, 8.25], "texture": "#2"},
				"up": {"uv": [8, 8.25, 6.75, 7], "texture": "#2"},
				"down": {"uv": [8.5, 0, 7.25, 1.25], "texture": "#2"}
			}
		},
		{
			"from": [1.5, 1.84553, 4.97964],
			"to": [7.5, 7.84553, 4.97964],
			"rotation": {"angle": -45, "axis": "z", "origin": [4, 5.34553, 7.47964]},
			"faces": {
				"north": {"uv": [5.5, 0, 7, 1.5], "texture": "#2"},
				"east": {"uv": [0, 7, 1.25, 8.25], "texture": "#2"},
				"south": {"uv": [5, 5.5, 6.5, 7], "texture": "#2"},
				"west": {"uv": [3, 7, 4.25, 8.25], "texture": "#2"},
				"up": {"uv": [8, 8.25, 6.75, 7], "texture": "#2"},
				"down": {"uv": [8.5, 0, 7.25, 1.25], "texture": "#2"}
			}
		},
		{
			"from": [8.5, 1.84553, 4.97964],
			"to": [14.5, 7.84553, 4.97964],
			"rotation": {"angle": 45, "axis": "z", "origin": [12, 5.34553, 7.47964]},
			"faces": {
				"north": {"uv": [5, 5.5, 6.5, 7], "texture": "#2"},
				"east": {"uv": [7.5, 3.75, 7.5, 5.25], "texture": "#2"},
				"south": {"uv": [5.5, 0, 7, 1.5], "texture": "#2"},
				"west": {"uv": [7.75, 3.75, 7.75, 5.25], "texture": "#2"},
				"up": {"uv": [8.75, 1.5, 7.25, 1.5], "texture": "#2"},
				"down": {"uv": [9.5, 1.75, 8, 1.75], "texture": "#2"}
			}
		},
		{
			"from": [5.4, 4.44553, 4.60464],
			"to": [7.4, 6.44553, 4.60464],
			"rotation": {"angle": 0, "axis": "y", "origin": [7.4, 5.44553, 5.60464]},
			"faces": {
				"north": {"uv": [4, 2.5, 4.5, 3], "texture": "#2"},
				"east": {"uv": [0, 7, 1.25, 8.25], "texture": "#2"},
				"south": {"uv": [4.5, 7.25, 5, 7.75], "texture": "#2"},
				"west": {"uv": [3, 7, 4.25, 8.25], "texture": "#2"},
				"up": {"uv": [8, 8.25, 6.75, 7], "texture": "#2"},
				"down": {"uv": [8.5, 0, 7.25, 1.25], "texture": "#2"}
			}
		},
		{
			"from": [5.975, 4.72053, 4.57964],
			"to": [6.975, 5.72053, 4.57964],
			"rotation": {"angle": 0, "axis": "y", "origin": [6.975, 5.72053, 5.57964]},
			"faces": {
				"north": {"uv": [5.25, 7.25, 5.5, 7.5], "texture": "#2"},
				"east": {"uv": [0, 7, 1.25, 8.25], "texture": "#2"},
				"south": {"uv": [5.75, 7.25, 6, 7.5], "texture": "#2"},
				"west": {"uv": [3, 7, 4.25, 8.25], "texture": "#2"},
				"up": {"uv": [8, 8.25, 6.75, 7], "texture": "#2"},
				"down": {"uv": [8.5, 0, 7.25, 1.25], "texture": "#2"}
			}
		},
		{
			"from": [5.7, 6.24553, 4.62964],
			"to": [6.7, 7.24553, 4.62964],
			"rotation": {"angle": -45, "axis": "z", "origin": [6.2, 6.74553, 4.62964]},
			"faces": {
				"north": {"uv": [6.25, 7.25, 6.5, 7.5], "texture": "#2"},
				"east": {"uv": [0, 7, 1.25, 8.25], "texture": "#2"},
				"south": {"uv": [7.5, 3.25, 7.75, 3.5], "texture": "#2"},
				"west": {"uv": [3, 7, 4.25, 8.25], "texture": "#2"},
				"up": {"uv": [8, 8.25, 6.75, 7], "texture": "#2"},
				"down": {"uv": [8.5, 0, 7.25, 1.25], "texture": "#2"}
			}
		},
		{
			"from": [9.3, 6.24553, 4.62964],
			"to": [10.3, 7.24553, 4.62964],
			"rotation": {"angle": 45, "axis": "z", "origin": [9.8, 6.74553, 4.62964]},
			"faces": {
				"north": {"uv": [7.5, 3.25, 7.75, 3.5], "texture": "#2"},
				"east": {"uv": [7.5, 3.75, 7.5, 5.25], "texture": "#2"},
				"south": {"uv": [6.25, 7.25, 6.5, 7.5], "texture": "#2"},
				"west": {"uv": [7.75, 3.75, 7.75, 5.25], "texture": "#2"},
				"up": {"uv": [8.75, 1.5, 7.25, 1.5], "texture": "#2"},
				"down": {"uv": [9.5, 1.75, 8, 1.75], "texture": "#2"}
			}
		},
		{
			"from": [9.025, 4.72053, 4.57964],
			"to": [10.025, 5.72053, 4.57964],
			"rotation": {"angle": 0, "axis": "y", "origin": [9.025, 5.72053, 5.57964]},
			"faces": {
				"north": {"uv": [5.75, 7.25, 6, 7.5], "texture": "#2"},
				"east": {"uv": [7.5, 3.75, 7.5, 5.25], "texture": "#2"},
				"south": {"uv": [5.25, 7.25, 5.5, 7.5], "texture": "#2"},
				"west": {"uv": [7.75, 3.75, 7.75, 5.25], "texture": "#2"},
				"up": {"uv": [8.75, 1.5, 7.25, 1.5], "texture": "#2"},
				"down": {"uv": [9.5, 1.75, 8, 1.75], "texture": "#2"}
			}
		},
		{
			"from": [8.6, 4.44553, 4.60464],
			"to": [10.6, 6.44553, 4.60464],
			"rotation": {"angle": 0, "axis": "y", "origin": [8.6, 5.44553, 5.60464]},
			"faces": {
				"north": {"uv": [4.5, 7.25, 5, 7.75], "texture": "#2"},
				"east": {"uv": [7.5, 3.75, 7.5, 5.25], "texture": "#2"},
				"south": {"uv": [4, 2.5, 4.5, 3], "texture": "#2"},
				"west": {"uv": [7.75, 3.75, 7.75, 5.25], "texture": "#2"},
				"up": {"uv": [8.75, 1.5, 7.25, 1.5], "texture": "#2"},
				"down": {"uv": [9.5, 1.75, 8, 1.75], "texture": "#2"}
			}
		},
		{
			"from": [5.12203, -3.55447, 7.59456],
			"to": [5.12203, 8.44553, 14.59456],
			"rotation": {"angle": -45, "axis": "y", "origin": [7.62203, 5.94553, 8.09456]},
			"faces": {
				"north": {"uv": [5.25, 7.75, 5.25, 10.75], "texture": "#2"},
				"east": {"uv": [0, 0, 1.75, 3], "texture": "#2"},
				"south": {"uv": [5.5, 7.75, 5.5, 10.75], "texture": "#2"},
				"west": {"uv": [2, 0, 3.75, 3], "texture": "#2"},
				"up": {"uv": [5.75, 9.5, 5.75, 7.75], "texture": "#2"},
				"down": {"uv": [6, 7.75, 6, 9.5], "texture": "#2"}
			}
		},
		{
			"from": [4.35299, 2.44553, 5.44605],
			"to": [4.35299, 11.44553, 10.44605],
			"rotation": {"angle": -22.5, "axis": "y", "origin": [6.85299, 5.94553, 7.94605]},
			"faces": {
				"north": {"uv": [6.25, 7.75, 6.25, 10], "texture": "#2"},
				"east": {"uv": [3.5, 3.25, 4.75, 5.5], "texture": "#2"},
				"south": {"uv": [6.5, 7.75, 6.5, 10], "texture": "#2"},
				"west": {"uv": [4, 0, 5.25, 2.25], "texture": "#2"},
				"up": {"uv": [8, 4.5, 8, 3.25], "texture": "#2"},
				"down": {"uv": [4.5, 8, 4.5, 9.25], "texture": "#2"}
			}
		},
		{
			"from": [1.81882, 2.44553, 8.56681],
			"to": [1.81882, 11.44553, 14.56681],
			"rotation": {"angle": -45, "axis": "y", "origin": [1.81882, 6.44553, 11.06681]},
			"faces": {
				"north": {"uv": [4.75, 8, 4.75, 10.25], "texture": "#2"},
				"east": {"uv": [0, 3.25, 1.5, 5.5], "texture": "#2"},
				"south": {"uv": [5, 8, 5, 10.25], "texture": "#2"},
				"west": {"uv": [1.75, 3.25, 3.25, 5.5], "texture": "#2"},
				"up": {"uv": [8.25, 4.75, 8.25, 3.25], "texture": "#2"},
				"down": {"uv": [8.25, 5, 8.25, 6.5], "texture": "#2"}
			}
		},
		{
			"from": [10.87797, -3.55447, 7.59456],
			"to": [10.87797, 8.44553, 14.59456],
			"rotation": {"angle": 45, "axis": "y", "origin": [8.37797, 5.94553, 8.09456]},
			"faces": {
				"north": {"uv": [5.25, 7.75, 5.25, 10.75], "texture": "#2"},
				"east": {"uv": [0, 0, 1.75, 3], "texture": "#2"},
				"south": {"uv": [5.5, 7.75, 5.5, 10.75], "texture": "#2"},
				"west": {"uv": [2, 0, 3.75, 3], "texture": "#2"},
				"up": {"uv": [5.75, 9.5, 5.75, 7.75], "texture": "#2"},
				"down": {"uv": [6, 7.75, 6, 9.5], "texture": "#2"}
			}
		},
		{
			"from": [14.18118, 2.44553, 8.56681],
			"to": [14.18118, 11.44553, 14.56681],
			"rotation": {"angle": 45, "axis": "y", "origin": [14.18118, 6.44553, 11.06681]},
			"faces": {
				"north": {"uv": [4.75, 8, 4.75, 10.25], "texture": "#2"},
				"east": {"uv": [0, 3.25, 1.5, 5.5], "texture": "#2"},
				"south": {"uv": [5, 8, 5, 10.25], "texture": "#2"},
				"west": {"uv": [1.75, 3.25, 3.25, 5.5], "texture": "#2"},
				"up": {"uv": [8.25, 4.75, 8.25, 3.25], "texture": "#2"},
				"down": {"uv": [8.25, 5, 8.25, 6.5], "texture": "#2"}
			}
		},
		{
			"from": [11.64701, 2.44553, 5.44605],
			"to": [11.64701, 11.44553, 10.44605],
			"rotation": {"angle": 22.5, "axis": "y", "origin": [9.14701, 5.94553, 7.94605]},
			"faces": {
				"north": {"uv": [6.25, 7.75, 6.25, 10], "texture": "#2"},
				"east": {"uv": [3.5, 3.25, 4.75, 5.5], "texture": "#2"},
				"south": {"uv": [6.5, 7.75, 6.5, 10], "texture": "#2"},
				"west": {"uv": [4, 0, 5.25, 2.25], "texture": "#2"},
				"up": {"uv": [8, 4.5, 8, 3.25], "texture": "#2"},
				"down": {"uv": [4.5, 8, 4.5, 9.25], "texture": "#2"}
			}
		},
		{
			"from": [3.5, 7.75523, 5.36135],
			"to": [12.5, 9.75523, 5.36135],
			"rotation": {"angle": 22.5, "axis": "x", "origin": [8, 10.25523, 5.36135]},
			"faces": {
				"north": {"uv": [5.5, 1.75, 7.75, 2.25], "texture": "#2"},
				"east": {"uv": [4.75, 2.5, 4.75, 3], "texture": "#2"},
				"south": {"uv": [7.5, 2.5, 9.75, 3], "texture": "#2"},
				"west": {"uv": [8, 4.75, 8, 5.25], "texture": "#2"},
				"up": {"uv": [10.25, 2, 8, 2], "texture": "#2"},
				"down": {"uv": [10.25, 2.25, 8, 2.25], "texture": "#2"}
			}
		},
		{
			"from": [3.5, 10.17505, 5.09427],
			"to": [12.5, 10.17505, 10.09427],
			"rotation": {"angle": -22.5, "axis": "x", "origin": [8, 10.17505, 6.09427]},
			"faces": {
				"north": {"uv": [8.25, 6.75, 10.5, 6.75], "texture": "#2"},
				"east": {"uv": [8.25, 7, 9.5, 7], "texture": "#2"},
				"south": {"uv": [8.25, 7.25, 10.5, 7.25], "texture": "#2"},
				"west": {"uv": [8.25, 7.5, 9.5, 7.5], "texture": "#2"},
				"up": {"uv": [7.25, 3.75, 5, 2.5], "texture": "#2"},
				"down": {"uv": [7.25, 4, 5, 5.25], "texture": "#2"}
			}
		},
		{
			"from": [3.5, 11.51641, 10.74611],
			"to": [12.5, 15.51641, 10.74611],
			"rotation": {"angle": 22.5, "axis": "x", "origin": [8, 14.01641, 10.74611]},
			"faces": {
				"north": {"uv": [0, 5.75, 2.25, 6.75], "texture": "#2"},
				"east": {"uv": [8.25, 7.75, 8.25, 8.75], "texture": "#2"},
				"south": {"uv": [2.5, 5.75, 4.75, 6.75], "texture": "#2"},
				"west": {"uv": [0, 8.5, 0, 9.5], "texture": "#2"},
				"up": {"uv": [2.5, 8.5, 0.25, 8.5], "texture": "#2"},
				"down": {"uv": [10.75, 3.25, 8.5, 3.25], "texture": "#2"}
			}
		}
	],
	"display": {
		"gui": {
			"rotation": [-171.25, 15.75, 180],
			"translation": [-1.25, 1.5, 0],
			"scale": [0.9, 0.9, 0.9]
		}
	},
	"groups": [
		{
			"name": "h_head",
			"origin": [7.5, 6.44553, 5.67964],
			"color": 0,
			"children": [0, 1, 2, 3, 4, 5, 6, 7, 8, 9, 10, 11, 12, 13, 14, 15, 16, 17]
		}
	]
}