{
	"credit": "Made with Blockbench",
	"texture_size": [64, 64],
	"textures": {
		"1": "modelengine:entity/nocsy/nocsy_chibi_amadillo_icon",
		"particle": "modelengine:entity/nocsy/nocsy_chibi_amadillo_icon"
	},
	"elements": [
		{
			"from": [4.5, 3.72312, 4.6326],
			"to": [11.5, 10.72312, 12.6326],
			"rotation": {"angle": 0, "axis": "y", "origin": [8.5, 8.22312, 7.6326]},
			"faces": {
				"north": {"uv": [4.25, 2, 6, 3.75], "texture": "#1"},
				"east": {"uv": [0, 0, 2, 1.75], "texture": "#1"},
				"south": {"uv": [4.25, 4, 6, 5.75], "texture": "#1"},
				"west": {"uv": [0, 2, 2, 3.75], "texture": "#1"},
				"up": {"uv": [4, 2, 2.25, 0], "texture": "#1"},
				"down": {"uv": [4, 2.25, 2.25, 4.25], "texture": "#1"}
			}
		},
		{
			"from": [4.4, 5.52315, 4.53783],
			"to": [6.6, 7.72315, 5.73783],
			"rotation": {"angle": 0, "axis": "y", "origin": [8.5, 7.72312, 7.6326]},
			"faces": {
				"north": {"uv": [2.75, 9.75, 3.25, 10.25], "texture": "#1"},
				"east": {"uv": [4, 7.75, 4.25, 8.25], "texture": "#1"},
				"south": {"uv": [9.75, 9.25, 10.25, 9.75], "texture": "#1"},
				"west": {"uv": [3.5, 9.75, 3.75, 10.25], "texture": "#1"},
				"up": {"uv": [10.25, 10.25, 9.75, 10], "texture": "#1"},
				"down": {"uv": [10.75, 0.75, 10.25, 1], "texture": "#1"}
			}
		},
		{
			"from": [5, 6.42315, 4.43783],
			"to": [6, 7.42315, 4.43783],
			"rotation": {"angle": 0, "axis": "y", "origin": [8, 8.52312, 7.4326]},
			"faces": {
				"north": {"uv": [6.25, 5.5, 6.5, 5.75], "texture": "#1"},
				"east": {"uv": [4, 7.75, 4.25, 8.25], "texture": "#1"},
				"south": {"uv": [6.5, 5.5, 6.25, 5.75], "texture": "#1"},
				"west": {"uv": [3.5, 9.75, 3.75, 10.25], "texture": "#1"},
				"up": {"uv": [9.75, 10, 10.25, 10.25], "texture": "#1"},
				"down": {"uv": [10.25, 0.75, 10.75, 1], "texture": "#1"}
			}
		},
		{
			"from": [9, 6.42315, 4.43783],
			"to": [10, 7.42315, 4.43783],
			"rotation": {"angle": 0, "axis": "y", "origin": [12, 8.52312, 7.4326]},
			"faces": {
				"north": {"uv": [6.25, 5.5, 6.5, 5.75], "texture": "#1"},
				"east": {"uv": [4, 7.75, 4.25, 8.25], "texture": "#1"},
				"south": {"uv": [6.5, 5.5, 6.25, 5.75], "texture": "#1"},
				"west": {"uv": [3.5, 9.75, 3.75, 10.25], "texture": "#1"},
				"up": {"uv": [9.75, 10, 10.25, 10.25], "texture": "#1"},
				"down": {"uv": [10.25, 0.75, 10.75, 1], "texture": "#1"}
			}
		},
		{
			"from": [5.3, 5.62315, 4.51283],
			"to": [6.6, 7.12315, 4.51283],
			"rotation": {"angle": 0, "axis": "y", "origin": [8.6, 7.72312, 7.5076]},
			"faces": {
				"north": {"uv": [10, 6.5, 10.375, 6.875], "texture": "#1"},
				"east": {"uv": [4, 7.75, 4.25, 8.25], "texture": "#1"},
				"south": {"uv": [10.375, 6.5, 10, 6.875], "texture": "#1"},
				"west": {"uv": [3.5, 9.75, 3.75, 10.25], "texture": "#1"},
				"up": {"uv": [9.75, 10, 10.25, 10.25], "texture": "#1"},
				"down": {"uv": [10.25, 0.75, 10.75, 1], "texture": "#1"}
			}
		},
		{
			"from": [9.4, 5.62315, 4.51283],
			"to": [10.7, 7.12315, 4.51283],
			"rotation": {"angle": 0, "axis": "y", "origin": [7.4, 7.72312, 7.5076]},
			"faces": {
				"north": {"uv": [10.375, 6.5, 10, 6.875], "texture": "#1"},
				"east": {"uv": [3.75, 9.75, 3.5, 10.25], "texture": "#1"},
				"south": {"uv": [10, 6.5, 10.375, 6.875], "texture": "#1"},
				"west": {"uv": [4.25, 7.75, 4, 8.25], "texture": "#1"},
				"up": {"uv": [10.25, 10, 9.75, 10.25], "texture": "#1"},
				"down": {"uv": [10.75, 0.75, 10.25, 1], "texture": "#1"}
			}
		},
		{
			"from": [9.4, 5.52315, 4.53783],
			"to": [11.6, 7.72315, 5.73783],
			"rotation": {"angle": 0, "axis": "y", "origin": [7.5, 7.72312, 7.6326]},
			"faces": {
				"north": {"uv": [10, 5, 10.5, 5.5], "texture": "#1"},
				"east": {"uv": [10.25, 1.25, 10.5, 1.75], "texture": "#1"},
				"south": {"uv": [10, 5.75, 10.5, 6.25], "texture": "#1"},
				"west": {"uv": [10.25, 4, 10.5, 4.5], "texture": "#1"},
				"up": {"uv": [11, 2.25, 10.5, 2], "texture": "#1"},
				"down": {"uv": [11, 2.5, 10.5, 2.75], "texture": "#1"}
			}
		},
		{
			"from": [4, 9.32312, 4.2326],
			"to": [12, 12.32312, 9.2326],
			"rotation": {"angle": -22.5, "axis": "x", "origin": [9, 8.82312, 7.2326]},
			"faces": {
				"north": {"uv": [6.25, 3.5, 8.25, 4.25], "texture": "#1"},
				"east": {"uv": [8.75, 0.75, 10, 1.5], "texture": "#1"},
				"south": {"uv": [6.25, 4.5, 8.25, 5.25], "texture": "#1"},
				"west": {"uv": [2.25, 8.75, 3.5, 9.5], "texture": "#1"},
				"up": {"uv": [6.5, 7.25, 4.5, 6], "texture": "#1"},
				"down": {"uv": [8.25, 2, 6.25, 3.25], "texture": "#1"}
			}
		},
		{
			"from": [6.5, 6.90865, 3.12157],
			"to": [9.5, 10.90865, 6.12157],
			"rotation": {"angle": 0, "axis": "y", "origin": [8, 8.40865, 4.62157]},
			"faces": {
				"north": {"uv": [9, 5, 9.75, 6], "texture": "#1"},
				"east": {"uv": [9, 6.25, 9.75, 7.25], "texture": "#1"},
				"south": {"uv": [0, 9.5, 0.75, 10.5], "texture": "#1"},
				"west": {"uv": [1, 9.5, 1.75, 10.5], "texture": "#1"},
				"up": {"uv": [6.75, 10.25, 6, 9.5], "texture": "#1"},
				"down": {"uv": [7.75, 9.5, 7, 10.25], "texture": "#1"}
			}
		},
		{
			"from": [4.01, 8.98954, 6.98664],
			"to": [11.99, 11.96954, 13.96664],
			"rotation": {"angle": 22.5, "axis": "x", "origin": [8.5, 10.47954, 9.47664]},
			"faces": {
				"north": {"uv": [6.5, 0, 8.5, 0.75], "texture": "#1"},
				"east": {"uv": [0, 7.75, 1.75, 8.5], "texture": "#1"},
				"south": {"uv": [6.5, 1, 8.5, 1.75], "texture": "#1"},
				"west": {"uv": [2, 7.75, 3.75, 8.5], "texture": "#1"},
				"up": {"uv": [2, 5.75, 0, 4], "texture": "#1"},
				"down": {"uv": [6.25, 0, 4.25, 1.75], "texture": "#1"}
			}
		},
		{
			"from": [4, 6.27954, 11.97664],
			"to": [12, 9.27954, 13.97664],
			"rotation": {"angle": 22.5, "axis": "x", "origin": [8.5, 10.77954, 9.47664]},
			"faces": {
				"north": {"uv": [6.75, 5.5, 8.75, 6.25], "texture": "#1"},
				"east": {"uv": [9, 9.5, 9.5, 10.25], "texture": "#1"},
				"south": {"uv": [6.75, 6.5, 8.75, 7.25], "texture": "#1"},
				"west": {"uv": [2, 9.75, 2.5, 10.5], "texture": "#1"},
				"up": {"uv": [2, 9.25, 0, 8.75], "texture": "#1"},
				"down": {"uv": [10.75, 0, 8.75, 0.5], "texture": "#1"}
			}
		},
		{
			"from": [4.01, 4.25986, 6.65352],
			"to": [11.99, 7.23986, 12.63352],
			"rotation": {"angle": -22.5, "axis": "x", "origin": [8, 5.24986, 10.14352]},
			"faces": {
				"north": {"uv": [4.5, 7.5, 6.5, 8.25], "texture": "#1"},
				"east": {"uv": [8.5, 4, 10, 4.75], "texture": "#1"},
				"south": {"uv": [6.75, 7.5, 8.75, 8.25], "texture": "#1"},
				"west": {"uv": [6, 8.5, 7.5, 9.25], "texture": "#1"},
				"up": {"uv": [2, 7.5, 0, 6], "texture": "#1"},
				"down": {"uv": [4.25, 6, 2.25, 7.5], "texture": "#1"}
			}
		},
		{
			"from": [0.06415, 5.73066, 10.18469],
			"to": [6.06415, 8.73066, 10.18469],
			"rotation": {"angle": 0, "axis": "y", "origin": [3.06415, 8.23066, 5.18469]},
			"faces": {
				"north": {"uv": [7.75, 8.5, 9.25, 9.25], "texture": "#1"},
				"east": {"uv": [4, 4.5, 4, 5.25], "texture": "#1"},
				"south": {"uv": [9.25, 8.5, 7.75, 9.25], "texture": "#1"},
				"west": {"uv": [3.75, 8.75, 3.75, 9.5], "texture": "#1"},
				"up": {"uv": [3.75, 5.75, 2.25, 5.75], "texture": "#1"},
				"down": {"uv": [11.5, 7.25, 10, 7.25], "texture": "#1"}
			}
		},
		{
			"from": [0.06415, 10.26047, 6.48879],
			"to": [6.06415, 10.26047, 10.48879],
			"rotation": {"angle": 22.5, "axis": "x", "origin": [2.06415, 10.26047, 6.48879]},
			"faces": {
				"north": {"uv": [10.25, 4.75, 11.75, 4.75], "texture": "#1"},
				"east": {"uv": [8.75, 1.75, 9.75, 1.75], "texture": "#1"},
				"south": {"uv": [2.75, 10.5, 4.25, 10.5], "texture": "#1"},
				"west": {"uv": [10.5, 3, 11.5, 3], "texture": "#1"},
				"up": {"uv": [3.75, 5.5, 2.25, 4.5], "texture": "#1"},
				"down": {"uv": [3.75, 4.5, 2.25, 5.5], "texture": "#1"}
			}
		},
		{
			"from": [0.06415, 9.19911, 4.92884],
			"to": [6.06415, 9.19911, 6.92884],
			"rotation": {"angle": -45, "axis": "x", "origin": [2.06415, 9.19911, 5.42884]},
			"faces": {
				"north": {"uv": [10.5, 3.25, 12, 3.25], "texture": "#1"},
				"east": {"uv": [10.5, 3.5, 11, 3.5], "texture": "#1"},
				"south": {"uv": [10.5, 3.75, 12, 3.75], "texture": "#1"},
				"west": {"uv": [4.5, 10.5, 5, 10.5], "texture": "#1"},
				"up": {"uv": [10.5, 8, 9, 7.5], "texture": "#1"},
				"down": {"uv": [10.5, 7.5, 9, 8], "texture": "#1"}
			}
		},
		{
			"from": [9.93585, 5.73066, 10.18469],
			"to": [15.93585, 8.73066, 10.18469],
			"rotation": {"angle": 0, "axis": "y", "origin": [12.93585, 8.23066, 5.18469]},
			"faces": {
				"north": {"uv": [9.25, 8.5, 7.75, 9.25], "texture": "#1"},
				"east": {"uv": [3.75, 8.75, 3.75, 9.5], "texture": "#1"},
				"south": {"uv": [7.75, 8.5, 9.25, 9.25], "texture": "#1"},
				"west": {"uv": [4, 4.5, 4, 5.25], "texture": "#1"},
				"up": {"uv": [2.25, 5.75, 3.75, 5.75], "texture": "#1"},
				"down": {"uv": [10, 7.25, 11.5, 7.25], "texture": "#1"}
			}
		},
		{
			"from": [9.93585, 10.26047, 6.48879],
			"to": [15.93585, 10.26047, 10.48879],
			"rotation": {"angle": 22.5, "axis": "x", "origin": [13.93585, 10.26047, 6.48879]},
			"faces": {
				"north": {"uv": [10.25, 4.75, 11.75, 4.75], "texture": "#1"},
				"east": {"uv": [10.5, 3, 11.5, 3], "texture": "#1"},
				"south": {"uv": [2.75, 10.5, 4.25, 10.5], "texture": "#1"},
				"west": {"uv": [8.75, 1.75, 9.75, 1.75], "texture": "#1"},
				"up": {"uv": [2.25, 4.5, 3.75, 5.5], "texture": "#1"},
				"down": {"uv": [2.25, 4.5, 3.75, 5.5], "texture": "#1"}
			}
		},
		{
			"from": [9.93585, 9.19911, 4.92884],
			"to": [15.93585, 9.19911, 6.92884],
			"rotation": {"angle": -45, "axis": "x", "origin": [13.93585, 9.19911, 5.42884]},
			"faces": {
				"north": {"uv": [10.5, 3.25, 12, 3.25], "texture": "#1"},
				"east": {"uv": [4.5, 10.5, 5, 10.5], "texture": "#1"},
				"south": {"uv": [10.5, 3.75, 12, 3.75], "texture": "#1"},
				"west": {"uv": [10.5, 3.5, 11, 3.5], "texture": "#1"},
				"up": {"uv": [9, 8, 10.5, 7.5], "texture": "#1"},
				"down": {"uv": [9, 7.5, 10.5, 8], "texture": "#1"}
			}
		},
		{
			"from": [6.6, 4.44223, 1.88237],
			"to": [9.4, 7.24223, 8.68237],
			"rotation": {"angle": 0, "axis": "y", "origin": [6.5, 10.52312, 6.9326]},
			"faces": {
				"north": {"uv": [8, 9.5, 8.75, 10.25], "texture": "#1"},
				"east": {"uv": [8.5, 2, 10.25, 2.75], "texture": "#1"},
				"south": {"uv": [9.5, 8.25, 10.25, 9], "texture": "#1"},
				"west": {"uv": [8.5, 3, 10.25, 3.75], "texture": "#1"},
				"up": {"uv": [4.75, 10.25, 4, 8.5], "texture": "#1"},
				"down": {"uv": [5.75, 8.5, 5, 10.25], "texture": "#1"}
			}
		}
	],
	"gui_light": "front",
	"display": {
		"gui": {
			"rotation": [-164, 22.75, -180],
			"translation": [0.25, 0.5, 0]
		}
	},
	"groups": [
		{
			"name": "h_head",
			"origin": [7.91667, 4.39467, 8.67411],
			"rotation": [17.5, 0, 0],
			"color": 0,
			"children": [
				0,
				1,
				2,
				3,
				4,
				5,
				6,
				7,
				8,
				9,
				10,
				11,
				{
					"name": "h_ear_left",
					"origin": [5.06415, 8.75948, 8.10121],
					"rotation": [26.5679, -3.69672, 19.20399],
					"color": 0,
					"children": [12, 13, 14]
				},
				{
					"name": "h_ear_right",
					"origin": [10.93585, 8.75948, 8.10121],
					"rotation": [26.5679, 3.69672, -19.20399],
					"color": 0,
					"children": [15, 16, 17]
				},
				{
					"name": "h_jaw",
					"origin": [8, 5.82312, 8.4326],
					"rotation": [-15, 0, 0],
					"color": 0,
					"children": [18]
				}
			]
		}
	]
}