{
	"credit": "Made with Blockbench",
	"texture_size": [64, 64],
	"textures": {
		"1": "modelengine:entity/nocsy/nocsy_fall_drakonin_baby_icon",
		"particle": "modelengine:entity/nocsy/nocsy_fall_drakonin_baby_icon"
	},
	"elements": [
		{
			"from": [4.28195, 5.76987, 9.53873],
			"to": [6.28195, 9.76987, 11.53873],
			"rotation": {"angle": 0, "axis": "x", "origin": [10.18195, 17.76987, -0.46127]},
			"faces": {
				"north": {"uv": [3.5, 7, 4, 8], "texture": "#1"},
				"east": {"uv": [4.25, 7, 4.75, 8], "texture": "#1"},
				"south": {"uv": [5, 7, 5.5, 8], "texture": "#1"},
				"west": {"uv": [7.5, 3, 8, 4], "texture": "#1"},
				"up": {"uv": [9.5, 2.75, 9, 2.25], "texture": "#1"},
				"down": {"uv": [3.5, 9, 3, 9.5], "texture": "#1"}
			}
		},
		{
			"from": [2.28195, 7.76987, 9.53873],
			"to": [4.28195, 9.76987, 11.53873],
			"rotation": {"angle": 0, "axis": "x", "origin": [9.18195, 18.76987, -0.46127]},
			"faces": {
				"north": {"uv": [9, 3, 9.5, 3.5], "texture": "#1"},
				"east": {"uv": [3.75, 9, 4.25, 9.5], "texture": "#1"},
				"south": {"uv": [8.75, 9, 9.25, 9.5], "texture": "#1"},
				"west": {"uv": [1.5, 9.25, 2, 9.75], "texture": "#1"},
				"up": {"uv": [2.75, 9.75, 2.25, 9.25], "texture": "#1"},
				"down": {"uv": [9.75, 3.75, 9.25, 4.25], "texture": "#1"}
			}
		},
		{
			"from": [-1.81338, 10.83667, 9.73873],
			"to": [-0.21338, 14.43667, 11.33873],
			"rotation": {"angle": 22.5, "axis": "z", "origin": [7.34046, 20.00031, -0.46127]},
			"faces": {
				"north": {"uv": [7.5, 4.25, 8, 5.25], "texture": "#1"},
				"east": {"uv": [7.5, 5.5, 8, 6.5], "texture": "#1"},
				"south": {"uv": [7.5, 6.75, 8, 7.75], "texture": "#1"},
				"west": {"uv": [7.75, 0, 8.25, 1], "texture": "#1"},
				"up": {"uv": [9.75, 5, 9.25, 4.5], "texture": "#1"},
				"down": {"uv": [9.75, 5.25, 9.25, 5.75], "texture": "#1"}
			}
		},
		{
			"from": [11.07878, 9.7366, 9.93873],
			"to": [12.07878, 14.7366, 10.93873],
			"rotation": {"angle": -45, "axis": "z", "origin": [7.77253, 22.17249, -0.46127]},
			"faces": {
				"north": {"uv": [5, 8.25, 5.25, 9.5], "texture": "#1"},
				"east": {"uv": [8.25, 5.25, 8.5, 6.5], "texture": "#1"},
				"south": {"uv": [0, 8.5, 0.25, 9.75], "texture": "#1"},
				"west": {"uv": [8.5, 0, 8.75, 1.25], "texture": "#1"},
				"up": {"uv": [8, 2.75, 7.75, 2.5], "texture": "#1"},
				"down": {"uv": [8.5, 7.5, 8.25, 7.75], "texture": "#1"}
			}
		},
		{
			"from": [9.07878, 9.7366, 10.43873],
			"to": [14.07878, 20.7366, 10.43873],
			"rotation": {"angle": -45, "axis": "z", "origin": [7.77253, 22.17249, -0.46127]},
			"faces": {
				"north": {"uv": [0, 4, 1.25, 6.75], "texture": "#1"},
				"east": {"uv": [8.25, 10, 8.25, 12.75], "texture": "#1"},
				"south": {"uv": [1.5, 4, 2.75, 6.75], "texture": "#1"},
				"west": {"uv": [3.5, 10.5, 3.5, 13.25], "texture": "#1"},
				"up": {"uv": [11.25, 8, 10, 8], "texture": "#1"},
				"down": {"uv": [11.5, 9.5, 10.25, 9.5], "texture": "#1"}
			}
		},
		{
			"from": [11.21805, 5.66987, 10.53873],
			"to": [13.21805, 9.66987, 12.53873],
			"rotation": {"angle": 0, "axis": "x", "origin": [5.81805, 17.76987, -0.46127]},
			"faces": {
				"north": {"uv": [7.75, 1.25, 8.25, 2.25], "texture": "#1"},
				"east": {"uv": [1.5, 8, 2, 9], "texture": "#1"},
				"south": {"uv": [2.25, 8, 2.75, 9], "texture": "#1"},
				"west": {"uv": [5.75, 8, 6.25, 9], "texture": "#1"},
				"up": {"uv": [6, 9.75, 5.5, 9.25], "texture": "#1"},
				"down": {"uv": [9.75, 6, 9.25, 6.5], "texture": "#1"}
			}
		},
		{
			"from": [13.21805, 7.66987, 10.53873],
			"to": [15.21805, 9.66987, 12.53873],
			"rotation": {"angle": 0, "axis": "x", "origin": [6.81805, 18.76987, -0.46127]},
			"faces": {
				"north": {"uv": [6.25, 9.25, 6.75, 9.75], "texture": "#1"},
				"east": {"uv": [9.25, 6.75, 9.75, 7.25], "texture": "#1"},
				"south": {"uv": [7, 9.25, 7.5, 9.75], "texture": "#1"},
				"west": {"uv": [9.25, 7.5, 9.75, 8], "texture": "#1"},
				"up": {"uv": [8.25, 9.75, 7.75, 9.25], "texture": "#1"},
				"down": {"uv": [10, 1.5, 9.5, 2], "texture": "#1"}
			}
		},
		{
			"from": [17.63747, 11.3183, 10.73873],
			"to": [19.23747, 14.9183, 12.33873],
			"rotation": {"angle": -22.5, "axis": "z", "origin": [8.65954, 20.00031, -0.46127]},
			"faces": {
				"north": {"uv": [6.5, 8, 7, 9], "texture": "#1"},
				"east": {"uv": [7.25, 8, 7.75, 9], "texture": "#1"},
				"south": {"uv": [8, 8, 8.5, 9], "texture": "#1"},
				"west": {"uv": [8.25, 2.5, 8.75, 3.5], "texture": "#1"},
				"up": {"uv": [10, 9.5, 9.5, 9], "texture": "#1"},
				"down": {"uv": [10.25, 2.25, 9.75, 2.75], "texture": "#1"}
			}
		},
		{
			"from": [4.91117, 8.60523, 10.93873],
			"to": [5.91117, 13.60523, 11.93873],
			"rotation": {"angle": 45, "axis": "z", "origin": [8.22747, 22.17249, -0.46127]},
			"faces": {
				"north": {"uv": [0.5, 8.5, 0.75, 9.75], "texture": "#1"},
				"east": {"uv": [1, 8.5, 1.25, 9.75], "texture": "#1"},
				"south": {"uv": [8.75, 5.25, 9, 6.5], "texture": "#1"},
				"west": {"uv": [8.75, 6.75, 9, 8], "texture": "#1"},
				"up": {"uv": [10.25, 7.75, 10, 7.5], "texture": "#1"},
				"down": {"uv": [10.25, 9.75, 10, 10], "texture": "#1"}
			}
		},
		{
			"from": [2.91117, 8.60523, 11.43873],
			"to": [7.91117, 19.60523, 11.43873],
			"rotation": {"angle": 45, "axis": "z", "origin": [8.22747, 22.17249, -0.46127]},
			"faces": {
				"north": {"uv": [3, 4, 4.25, 6.75], "texture": "#1"},
				"east": {"uv": [3.75, 10.5, 3.75, 13.25], "texture": "#1"},
				"south": {"uv": [4.5, 0, 5.75, 2.75], "texture": "#1"},
				"west": {"uv": [4, 10.5, 4, 13.25], "texture": "#1"},
				"up": {"uv": [11.75, 3, 10.5, 3], "texture": "#1"},
				"down": {"uv": [11.75, 3.25, 10.5, 3.25], "texture": "#1"}
			}
		},
		{
			"from": [5.5, 2.76987, 5.76221],
			"to": [10.5, 7.76987, 11.76221],
			"rotation": {"angle": 0, "axis": "y", "origin": [8, 15.26987, 8.26221]},
			"faces": {
				"north": {"uv": [6, 6.5, 7.25, 7.75], "texture": "#1"},
				"east": {"uv": [6, 0, 7.5, 1.25], "texture": "#1"},
				"south": {"uv": [0, 7, 1.25, 8.25], "texture": "#1"},
				"west": {"uv": [6, 1.5, 7.5, 2.75], "texture": "#1"},
				"up": {"uv": [7.25, 4.5, 6, 3], "texture": "#1"},
				"down": {"uv": [7.25, 4.75, 6, 6.25], "texture": "#1"}
			}
		},
		{
			"from": [6.05692, 2.33699, 8.52288],
			"to": [6.05692, 9.33699, 16.52288],
			"rotation": {"angle": -22.5, "axis": "y", "origin": [7.8097, 15.26987, 6.71892]},
			"faces": {
				"north": {"uv": [4.25, 10.5, 4.25, 12.25], "texture": "#1"},
				"east": {"uv": [0, 0, 2, 1.75], "texture": "#1"},
				"south": {"uv": [4.5, 10.5, 4.5, 12.25], "texture": "#1"},
				"west": {"uv": [0, 2, 2, 3.75], "texture": "#1"},
				"up": {"uv": [4.75, 12.5, 4.75, 10.5], "texture": "#1"},
				"down": {"uv": [5, 10.5, 5, 12.5], "texture": "#1"}
			}
		},
		{
			"from": [9.94308, 2.33699, 8.52288],
			"to": [9.94308, 9.33699, 16.52288],
			"rotation": {"angle": 22.5, "axis": "y", "origin": [8.1903, 15.26987, 6.71892]},
			"faces": {
				"north": {"uv": [5.25, 10.5, 5.25, 12.25], "texture": "#1"},
				"east": {"uv": [2.25, 0, 4.25, 1.75], "texture": "#1"},
				"south": {"uv": [5.5, 10.5, 5.5, 12.25], "texture": "#1"},
				"west": {"uv": [2.25, 2, 4.25, 3.75], "texture": "#1"},
				"up": {"uv": [5.75, 12.5, 5.75, 10.5], "texture": "#1"},
				"down": {"uv": [6, 10.5, 6, 12.5], "texture": "#1"}
			}
		},
		{
			"from": [5.3, 4.69531, 5.71361],
			"to": [7.3, 6.69531, 6.71361],
			"rotation": {"angle": 0, "axis": "y", "origin": [8, 16.02781, 6.10641]},
			"faces": {
				"north": {"uv": [3, 9.75, 3.5, 10.25], "texture": "#1"},
				"east": {"uv": [8.25, 6.75, 8.5, 7.25], "texture": "#1"},
				"south": {"uv": [9.75, 3, 10.25, 3.5], "texture": "#1"},
				"west": {"uv": [4.5, 9, 4.75, 9.5], "texture": "#1"},
				"up": {"uv": [10.5, 5, 10, 4.75], "texture": "#1"},
				"down": {"uv": [5.75, 10, 5.25, 10.25], "texture": "#1"}
			}
		},
		{
			"from": [6, 4.90494, 5.66668],
			"to": [6.7, 6.20494, 5.66668],
			"rotation": {"angle": 0, "axis": "y", "origin": [6.4, 15.50494, 5.66668]},
			"faces": {
				"north": {"uv": [1.5, 10.5, 1.6875, 10.8125], "texture": "#1"},
				"east": {"uv": [5.75, 7, 5.75, 7.3125], "texture": "#1"},
				"south": {"uv": [2, 10.5, 2.1875, 10.8125], "texture": "#1"},
				"west": {"uv": [5.5, 8.25, 5.5, 8.5625], "texture": "#1"},
				"up": {"uv": [3.1875, 8, 3, 8], "texture": "#1"},
				"down": {"uv": [8.6875, 2.25, 8.5, 2.25], "texture": "#1"}
			}
		},
		{
			"from": [9.3, 4.90494, 5.66668],
			"to": [10, 6.20494, 5.66668],
			"rotation": {"angle": 0, "axis": "y", "origin": [9.6, 15.50494, 5.66668]},
			"faces": {
				"north": {"uv": [10.5, 2.25, 10.6875, 2.5625], "texture": "#1"},
				"east": {"uv": [10.5, 5.25, 10.5, 5.5625], "texture": "#1"},
				"south": {"uv": [3, 10.5, 3.1875, 10.8125], "texture": "#1"},
				"west": {"uv": [6.25, 10.5, 6.25, 10.8125], "texture": "#1"},
				"up": {"uv": [10.6875, 3.5, 10.5, 3.5], "texture": "#1"},
				"down": {"uv": [6.6875, 10.5, 6.5, 10.5], "texture": "#1"}
			}
		},
		{
			"from": [8.7, 4.69531, 5.71361],
			"to": [10.7, 6.69531, 6.71361],
			"rotation": {"angle": 0, "axis": "y", "origin": [8, 16.02781, 6.10641]},
			"faces": {
				"north": {"uv": [3.75, 9.75, 4.25, 10.25], "texture": "#1"},
				"east": {"uv": [2.5, 10, 2.75, 10.5], "texture": "#1"},
				"south": {"uv": [4.5, 9.75, 5, 10.25], "texture": "#1"},
				"west": {"uv": [10, 5.25, 10.25, 5.75], "texture": "#1"},
				"up": {"uv": [6.5, 10.25, 6, 10], "texture": "#1"},
				"down": {"uv": [10.5, 6, 10, 6.25], "texture": "#1"}
			}
		},
		{
			"from": [8.6, 6.64493, 9.19151],
			"to": [11.1, 7.64493, 11.19151],
			"rotation": {"angle": 22.5, "axis": "x", "origin": [8, 16.02781, 6.10641]},
			"faces": {
				"north": {"uv": [10, 0.75, 10.625, 1], "texture": "#1"},
				"east": {"uv": [10, 6.5, 10.5, 6.75], "texture": "#1"},
				"south": {"uv": [1.5, 10, 2.125, 10.25], "texture": "#1"},
				"west": {"uv": [6.75, 10, 7.25, 10.25], "texture": "#1"},
				"up": {"uv": [9.125, 2, 8.5, 1.5], "texture": "#1"},
				"down": {"uv": [9.375, 8.25, 8.75, 8.75], "texture": "#1"}
			}
		},
		{
			"from": [4.9, 6.64493, 9.19151],
			"to": [7.4, 7.64493, 11.19151],
			"rotation": {"angle": 22.5, "axis": "x", "origin": [8, 16.02781, 6.10641]},
			"faces": {
				"north": {"uv": [10, 3.75, 10.625, 4], "texture": "#1"},
				"east": {"uv": [10, 7, 10.5, 7.25], "texture": "#1"},
				"south": {"uv": [10, 4.25, 10.625, 4.5], "texture": "#1"},
				"west": {"uv": [7.5, 10, 8, 10.25], "texture": "#1"},
				"up": {"uv": [9.625, 0.5, 9, 0], "texture": "#1"},
				"down": {"uv": [9.625, 0.75, 9, 1.25], "texture": "#1"}
			}
		},
		{
			"from": [5.5, 10.27219, 15.8754],
			"to": [10.5, 17.27219, 15.8754],
			"rotation": {"angle": 45, "axis": "x", "origin": [8, 20.24474, 8.23708]},
			"faces": {
				"north": {"uv": [4.5, 3, 5.75, 4.75], "texture": "#1"},
				"east": {"uv": [7, 10.5, 7, 12.25], "texture": "#1"},
				"south": {"uv": [4.5, 5, 5.75, 6.75], "texture": "#1"},
				"west": {"uv": [7.25, 10.5, 7.25, 12.25], "texture": "#1"},
				"up": {"uv": [11.75, 7.5, 10.5, 7.5], "texture": "#1"},
				"down": {"uv": [11.75, 7.75, 10.5, 7.75], "texture": "#1"}
			}
		},
		{
			"from": [6.5, 3.54353, 3.86049],
			"to": [9.5, 5.54353, 6.86049],
			"rotation": {"angle": 0, "axis": "y", "origin": [8, 14.54353, 5.36049]},
			"faces": {
				"north": {"uv": [3, 8.25, 3.75, 8.75], "texture": "#1"},
				"east": {"uv": [8.25, 3.75, 9, 4.25], "texture": "#1"},
				"south": {"uv": [4, 8.25, 4.75, 8.75], "texture": "#1"},
				"west": {"uv": [8.25, 4.5, 9, 5], "texture": "#1"},
				"up": {"uv": [2.25, 7.75, 1.5, 7], "texture": "#1"},
				"down": {"uv": [3.25, 7, 2.5, 7.75], "texture": "#1"}
			}
		},
		{
			"from": [9.6, 4.70473, 7.68732],
			"to": [9.6, 5.70473, 8.68732],
			"rotation": {"angle": 22.5, "axis": "x", "origin": [8.5, 14.04353, 5.36049]},
			"faces": {
				"north": {"uv": [8.5, 9.25, 8.5, 9.5], "texture": "#1"},
				"east": {"uv": [10.25, 1.25, 10.5, 1.5], "texture": "#1"},
				"south": {"uv": [7.5, 10.5, 7.5, 10.75], "texture": "#1"},
				"west": {"uv": [10.25, 1.75, 10.5, 2], "texture": "#1"},
				"up": {"uv": [7.75, 10.75, 7.75, 10.5], "texture": "#1"},
				"down": {"uv": [8, 10.5, 8, 10.75], "texture": "#1"}
			}
		},
		{
			"from": [6.4, 4.70473, 7.68732],
			"to": [6.4, 5.70473, 8.68732],
			"rotation": {"angle": 22.5, "axis": "x", "origin": [7.5, 14.04353, 5.36049]},
			"faces": {
				"north": {"uv": [10.5, 8.25, 10.5, 8.5], "texture": "#1"},
				"east": {"uv": [10.25, 9, 10.5, 9.25], "texture": "#1"},
				"south": {"uv": [8.5, 10.5, 8.5, 10.75], "texture": "#1"},
				"west": {"uv": [10, 10.25, 10.25, 10.5], "texture": "#1"},
				"up": {"uv": [8.75, 10.75, 8.75, 10.5], "texture": "#1"},
				"down": {"uv": [9, 10.5, 9, 10.75], "texture": "#1"}
			}
		},
		{
			"from": [7.1, 3.84202, 8.5082],
			"to": [8.9, 5.64202, 10.3082],
			"rotation": {"angle": 22.5, "axis": "x", "origin": [8, 14.68082, 5.88136]},
			"faces": {
				"north": {"uv": [9.75, 8.25, 10.25, 8.75], "texture": "#1"},
				"east": {"uv": [8.5, 9.75, 9, 10.25], "texture": "#1"},
				"south": {"uv": [9.25, 9.75, 9.75, 10.25], "texture": "#1"},
				"west": {"uv": [0, 10, 0.5, 10.5], "texture": "#1"},
				"up": {"uv": [10.5, 0.5, 10, 0], "texture": "#1"},
				"down": {"uv": [1.25, 10, 0.75, 10.5], "texture": "#1"}
			}
		}
	],
	"gui_light": "front",
	"display": {
		"gui": {
			"rotation": [-166.33, 35.63, 179.34],
			"translation": [-0.5, -2, 0],
			"scale": [0.9, 0.9, 0.9]
		}
	},
	"groups": [
		{
			"name": "h_head",
			"origin": [8, 13.39817, 8.5762],
			"rotation": [-16.5, 0, 0],
			"color": 0,
			"children": [
				{
					"name": "h_horn_left",
					"origin": [9.35795, 17.34564, -1.13269],
					"rotation": [-69.31786, 12.51482, 34.34185],
					"color": 0,
					"children": [0, 1, 2, 3, 4]
				},
				{
					"name": "h_horn_left",
					"origin": [9.35795, 17.34564, -1.13269],
					"rotation": [-69.31786, 12.51482, 34.34185],
					"color": 0,
					"children": [5, 6, 7, 8, 9]
				},
				10,
				11,
				12,
				13,
				14,
				15,
				16,
				17,
				18,
				19,
				20,
				21,
				22,
				23
			]
		}
	]
}