{
	"credit": "Made with Blockbench",
	"texture_size": [64, 64],
	"textures": {
		"1": "modelengine:entity/nocsy/nocsy_chibi_tree_golem_icon",
		"particle": "modelengine:entity/nocsy/nocsy_chibi_tree_golem_icon"
	},
	"elements": [
		{
			"from": [3, 2.46436, 2.2245],
			"to": [13, 10.46436, 12.2245],
			"rotation": {"angle": 0, "axis": "y", "origin": [5, 6.46436, 9.2245]},
			"faces": {
				"north": {"uv": [8.25, 2, 10.75, 4], "texture": "#1"},
				"east": {"uv": [8.25, 4.25, 10.75, 6.25], "texture": "#1"},
				"south": {"uv": [8.25, 6.5, 10.75, 8.5], "texture": "#1"},
				"west": {"uv": [8.25, 8.75, 10.75, 10.75], "texture": "#1"},
				"up": {"uv": [8, 6, 5.5, 3.5], "texture": "#1"},
				"down": {"uv": [8, 6.25, 5.5, 8.75], "texture": "#1"}
			}
		},
		{
			"from": [2, 12.37685, 1.84428],
			"to": [14, 12.37685, 7.84428],
			"rotation": {"angle": -22.5, "axis": "x", "origin": [9, 12.37685, 6.84428]},
			"faces": {
				"north": {"uv": [11, 10.5, 14, 10.5], "texture": "#1"},
				"east": {"uv": [6.5, 3, 8, 3], "texture": "#1"},
				"south": {"uv": [11, 10.75, 14, 10.75], "texture": "#1"},
				"west": {"uv": [6.5, 3.25, 8, 3.25], "texture": "#1"},
				"up": {"uv": [14, 3.75, 11, 2.25], "texture": "#1"},
				"down": {"uv": [14, 4, 11, 5.5], "texture": "#1"}
			}
		},
		{
			"from": [2, 11.80283, 7.57709],
			"to": [14, 11.80283, 13.57709],
			"rotation": {"angle": 22.5, "axis": "x", "origin": [8, 11.80283, 10.07709]},
			"faces": {
				"north": {"uv": [0, 11.25, 3, 11.25], "texture": "#1"},
				"east": {"uv": [3.25, 7, 4.75, 7], "texture": "#1"},
				"south": {"uv": [3.25, 11.25, 6.25, 11.25], "texture": "#1"},
				"west": {"uv": [3.25, 7.25, 4.75, 7.25], "texture": "#1"},
				"up": {"uv": [14, 7.25, 11, 5.75], "texture": "#1"},
				"down": {"uv": [14, 7.5, 11, 9], "texture": "#1"}
			}
		},
		{
			"from": [2, 6.69234, 14.45818],
			"to": [14, 10.69234, 14.45818],
			"rotation": {"angle": -22.5, "axis": "x", "origin": [8, 7.69234, 14.45818]},
			"faces": {
				"north": {"uv": [8.25, 11, 11.25, 12], "texture": "#1"},
				"east": {"uv": [5, 7, 5, 8], "texture": "#1"},
				"south": {"uv": [11, 9.25, 14, 10.25], "texture": "#1"},
				"west": {"uv": [5.25, 7, 5.25, 8], "texture": "#1"},
				"up": {"uv": [3, 11.5, 0, 11.5], "texture": "#1"},
				"down": {"uv": [6.25, 11.5, 3.25, 11.5], "texture": "#1"}
			}
		},
		{
			"from": [2, -0.07854, 14.0755],
			"to": [14, 6.92146, 14.0755],
			"rotation": {"angle": 22.5, "axis": "x", "origin": [8, 4.92146, 14.0755]},
			"faces": {
				"north": {"uv": [6.5, 0, 9.5, 1.75], "texture": "#1"},
				"east": {"uv": [9.75, 0, 9.75, 1.75], "texture": "#1"},
				"south": {"uv": [0, 7, 3, 8.75], "texture": "#1"},
				"west": {"uv": [10, 0, 10, 1.75], "texture": "#1"},
				"up": {"uv": [14.5, 11, 11.5, 11], "texture": "#1"},
				"down": {"uv": [14.5, 11.25, 11.5, 11.25], "texture": "#1"}
			}
		},
		{
			"from": [3, 0.46436, 1.9245],
			"to": [13, 13.46436, 1.9245],
			"rotation": {"angle": 0, "axis": "y", "origin": [5, 6.46436, 8.9245]},
			"faces": {
				"north": {"uv": [0, 3.5, 2.5, 6.75], "texture": "#1"},
				"east": {"uv": [6.5, 11.25, 6.5, 14.5], "texture": "#1"},
				"south": {"uv": [2.75, 3.5, 5.25, 6.75], "texture": "#1"},
				"west": {"uv": [6.75, 11.25, 6.75, 14.5], "texture": "#1"},
				"up": {"uv": [14, 11.5, 11.5, 11.5], "texture": "#1"},
				"down": {"uv": [2.5, 11.75, 0, 11.75], "texture": "#1"}
			}
		},
		{
			"from": [5.2, 5.36436, 2.1245],
			"to": [6.2, 6.36436, 2.1245],
			"rotation": {"angle": 0, "axis": "y", "origin": [5.2, 6.36436, 9.1245]},
			"faces": {
				"north": {"uv": [6.5, 2, 6.75, 2.25], "texture": "#1"},
				"east": {"uv": [7, 2, 7, 2.25], "texture": "#1"},
				"south": {"uv": [6.5, 2.5, 6.75, 2.75], "texture": "#1"},
				"west": {"uv": [7, 2.5, 7, 2.75], "texture": "#1"},
				"up": {"uv": [7.5, 2, 7.25, 2], "texture": "#1"},
				"down": {"uv": [7.5, 2.25, 7.25, 2.25], "texture": "#1"}
			}
		},
		{
			"from": [9.8, 5.36436, 2.1245],
			"to": [10.8, 6.36436, 2.1245],
			"rotation": {"angle": 0, "axis": "y", "origin": [10.8, 6.36436, 9.1245]},
			"faces": {
				"north": {"uv": [6.5, 2.5, 6.75, 2.75], "texture": "#1"},
				"east": {"uv": [7, 2.5, 7, 2.75], "texture": "#1"},
				"south": {"uv": [6.5, 2, 6.75, 2.25], "texture": "#1"},
				"west": {"uv": [7, 2, 7, 2.25], "texture": "#1"},
				"up": {"uv": [7.5, 2.5, 7.25, 2.5], "texture": "#1"},
				"down": {"uv": [7.5, 2.75, 7.25, 2.75], "texture": "#1"}
			}
		},
		{
			"from": [15.2961, 0.46436, 1.46778],
			"to": [15.2961, 13.46436, 13.46778],
			"rotation": {"angle": 22.5, "axis": "y", "origin": [15.2961, 5.46436, 7.46778]},
			"faces": {
				"north": {"uv": [7, 11.25, 7, 14.5], "texture": "#1"},
				"east": {"uv": [0, 0, 3, 3.25], "texture": "#1"},
				"south": {"uv": [7.25, 11.25, 7.25, 14.5], "texture": "#1"},
				"west": {"uv": [3.25, 0, 6.25, 3.25], "texture": "#1"},
				"up": {"uv": [7.5, 14.25, 7.5, 11.25], "texture": "#1"},
				"down": {"uv": [7.75, 11.25, 7.75, 14.25], "texture": "#1"}
			}
		},
		{
			"from": [0.7039, 0.46436, 1.46778],
			"to": [0.7039, 13.46436, 13.46778],
			"rotation": {"angle": -22.5, "axis": "y", "origin": [0.7039, 5.46436, 7.46778]},
			"faces": {
				"north": {"uv": [7, 11.25, 7, 14.5], "texture": "#1"},
				"east": {"uv": [0, 0, 3, 3.25], "texture": "#1"},
				"south": {"uv": [7.25, 11.25, 7.25, 14.5], "texture": "#1"},
				"west": {"uv": [3.25, 0, 6.25, 3.25], "texture": "#1"},
				"up": {"uv": [7.5, 14.25, 7.5, 11.25], "texture": "#1"},
				"down": {"uv": [7.75, 11.25, 7.75, 14.25], "texture": "#1"}
			}
		},
		{
			"from": [0.70598, 5.46436, 7.75732],
			"to": [0.70598, 13.46436, 17.75732],
			"rotation": {"angle": -22.5, "axis": "y", "origin": [5.70598, 6.46436, 12.75732]},
			"faces": {
				"north": {"uv": [8.25, 2, 10.75, 4], "texture": "#1"},
				"east": {"uv": [0, 9, 2.5, 11], "texture": "#1"},
				"south": {"uv": [8.25, 6.5, 10.75, 8.5], "texture": "#1"},
				"west": {"uv": [2.75, 9, 5.25, 11], "texture": "#1"},
				"up": {"uv": [8, 6, 5.5, 3.5], "texture": "#1"},
				"down": {"uv": [8, 6.25, 5.5, 8.75], "texture": "#1"}
			}
		},
		{
			"from": [14.53483, 8.46436, 6.76074],
			"to": [14.53483, 16.46436, 16.76074],
			"rotation": {"angle": 45, "axis": "y", "origin": [14.53483, 12.46436, 11.76074]},
			"faces": {
				"north": {"uv": [8, 11.25, 8, 13.25], "texture": "#1"},
				"east": {"uv": [5.5, 9, 8, 11], "texture": "#1"},
				"south": {"uv": [2.75, 11.75, 2.75, 13.75], "texture": "#1"},
				"west": {"uv": [11, 0, 13.5, 2], "texture": "#1"},
				"up": {"uv": [3, 14.25, 3, 11.75], "texture": "#1"},
				"down": {"uv": [3.25, 11.75, 3.25, 14.25], "texture": "#1"}
			}
		}
	],
	"gui_light": "front",
	"display": {
		"gui": {
			"rotation": [-171.72, 21.19, 178.61],
			"translation": [-0.25, 0.75, 0]
		}
	},
	"groups": [
		{
			"name": "h_head",
			"origin": [8, 4.46436, 7.2245],
			"rotation": [-7.5, 0, 0],
			"color": 0,
			"children": [0, 1, 2, 3, 4, 5, 6, 7, 8, 9, 10, 11]
		}
	]
}