{
	"credit": "Made with Blockbench",
	"texture_size": [64, 64],
	"textures": {
		"2": "modelengine:entity/nocsy/nocsy_chibi_bumblebee_icon",
		"particle": "modelengine:entity/nocsy/nocsy_chibi_bumblebee_icon"
	},
	"elements": [
		{
			"from": [5.5, 4.65, 6.80018],
			"to": [10.5, 9.65, 11.80018],
			"rotation": {"angle": 0, "axis": "y", "origin": [9.5, 4.65, 7.80018]},
			"faces": {
				"north": {"uv": [3.5, 4, 4.75, 5.25], "texture": "#2"},
				"east": {"uv": [5, 4, 6.25, 5.25], "texture": "#2"},
				"south": {"uv": [5.5, 0, 6.75, 1.25], "texture": "#2"},
				"west": {"uv": [5.5, 1.5, 6.75, 2.75], "texture": "#2"},
				"up": {"uv": [4.75, 6.75, 3.5, 5.5], "texture": "#2"},
				"down": {"uv": [6.25, 5.5, 5, 6.75], "texture": "#2"}
			}
		},
		{
			"from": [8.8, 7.55, 6.70018],
			"to": [9.8, 8.55, 6.70018],
			"rotation": {"angle": 0, "axis": "y", "origin": [9.2, 8.65, 6.70018]},
			"faces": {
				"north": {"uv": [7, 2.5, 7.25, 2.75], "texture": "#2"},
				"east": {"uv": [6.25, 7, 6.25, 7.25], "texture": "#2"},
				"south": {"uv": [3.25, 7, 3.5, 7.25], "texture": "#2"},
				"west": {"uv": [2.25, 7.25, 2.25, 7.5], "texture": "#2"},
				"up": {"uv": [2.75, 7.25, 2.5, 7.25], "texture": "#2"},
				"down": {"uv": [7.5, 3, 7.25, 3], "texture": "#2"}
			}
		},
		{
			"from": [9.1, 6.75, 6.22518],
			"to": [9.9, 7.55, 6.22518],
			"rotation": {"angle": -22.5, "axis": "y", "origin": [9.3, 7.85, 6.20018]},
			"faces": {
				"north": {"uv": [3.75, 7, 4, 7.25], "texture": "#2"},
				"east": {"uv": [6.25, 7, 6.25, 7.25], "texture": "#2"},
				"south": {"uv": [4.25, 7, 4.5, 7.25], "texture": "#2"},
				"west": {"uv": [2.25, 7.25, 2.25, 7.5], "texture": "#2"},
				"up": {"uv": [2.75, 7.25, 2.5, 7.25], "texture": "#2"},
				"down": {"uv": [7.5, 3, 7.25, 3], "texture": "#2"}
			}
		},
		{
			"from": [6.1, 6.75, 6.22518],
			"to": [6.9, 7.55, 6.22518],
			"rotation": {"angle": 22.5, "axis": "y", "origin": [6.7, 7.85, 6.20018]},
			"faces": {
				"north": {"uv": [4.75, 7, 5, 7.25], "texture": "#2"},
				"east": {"uv": [5, 5.5, 6.25, 6.75], "texture": "#2"},
				"south": {"uv": [5.25, 7, 5.5, 7.25], "texture": "#2"},
				"west": {"uv": [3, 7.25, 3, 7.5], "texture": "#2"},
				"up": {"uv": [7.5, 3.25, 7.25, 3.25], "texture": "#2"},
				"down": {"uv": [6.25, 4, 5, 5.25], "texture": "#2"}
			}
		},
		{
			"from": [6.2, 7.55, 6.70018],
			"to": [7.2, 8.55, 6.70018],
			"rotation": {"angle": 0, "axis": "y", "origin": [6.8, 8.65, 6.70018]},
			"faces": {
				"north": {"uv": [5.75, 7, 6, 7.25], "texture": "#2"},
				"east": {"uv": [5, 5.5, 6.25, 6.75], "texture": "#2"},
				"south": {"uv": [1.75, 7.25, 2, 7.5], "texture": "#2"},
				"west": {"uv": [3, 7.25, 3, 7.5], "texture": "#2"},
				"up": {"uv": [7.5, 3.25, 7.25, 3.25], "texture": "#2"},
				"down": {"uv": [6.25, 4, 5, 5.25], "texture": "#2"}
			}
		},
		{
			"from": [8.7, 6.05, 6.40018],
			"to": [10.7, 8.05, 7.40018],
			"rotation": {"angle": -22.5, "axis": "y", "origin": [9.5, 7.05, 6.90018]},
			"faces": {
				"north": {"uv": [6.5, 5, 7, 5.5], "texture": "#2"},
				"east": {"uv": [0.75, 6.75, 1, 7.25], "texture": "#2"},
				"south": {"uv": [6.5, 5.75, 7, 6.25], "texture": "#2"},
				"west": {"uv": [1.25, 6.75, 1.5, 7.25], "texture": "#2"},
				"up": {"uv": [2.25, 7, 1.75, 6.75], "texture": "#2"},
				"down": {"uv": [3, 6.75, 2.5, 7], "texture": "#2"}
			}
		},
		{
			"from": [5.3, 6.05, 6.40018],
			"to": [7.3, 8.05, 7.40018],
			"rotation": {"angle": 22.5, "axis": "y", "origin": [6.5, 7.05, 6.90018]},
			"faces": {
				"north": {"uv": [6.5, 6.5, 7, 7], "texture": "#2"},
				"east": {"uv": [7, 0, 7.25, 0.5], "texture": "#2"},
				"south": {"uv": [0, 6.75, 0.5, 7.25], "texture": "#2"},
				"west": {"uv": [7, 0.75, 7.25, 1.25], "texture": "#2"},
				"up": {"uv": [7.5, 1.75, 7, 1.5], "texture": "#2"},
				"down": {"uv": [7.5, 2, 7, 2.25], "texture": "#2"}
			}
		},
		{
			"from": [9.8, 7.65, 1.80018],
			"to": [9.8, 14.65, 11.80018],
			"rotation": {"angle": -22.5, "axis": "y", "origin": [10.5, 11.65, 6.80018]},
			"faces": {
				"north": {"uv": [7.25, 5, 7.25, 6.75], "texture": "#2"},
				"east": {"uv": [0, 0, 2.5, 1.75], "texture": "#2"},
				"south": {"uv": [6.5, 7.25, 6.5, 9], "texture": "#2"},
				"west": {"uv": [0, 2, 2.5, 3.75], "texture": "#2"},
				"up": {"uv": [6.75, 9.75, 6.75, 7.25], "texture": "#2"},
				"down": {"uv": [7, 7.25, 7, 9.75], "texture": "#2"}
			}
		},
		{
			"from": [6.2, 7.65, 1.80018],
			"to": [6.2, 14.65, 11.80018],
			"rotation": {"angle": 22.5, "axis": "y", "origin": [5.5, 11.65, 6.80018]},
			"faces": {
				"north": {"uv": [7.25, 7, 7.25, 8.75], "texture": "#2"},
				"east": {"uv": [2.75, 0, 5.25, 1.75], "texture": "#2"},
				"south": {"uv": [0, 7.5, 0, 9.25], "texture": "#2"},
				"west": {"uv": [2.75, 2, 5.25, 3.75], "texture": "#2"},
				"up": {"uv": [0.25, 10, 0.25, 7.5], "texture": "#2"},
				"down": {"uv": [0.5, 7.5, 0.5, 10], "texture": "#2"}
			}
		},
		{
			"from": [5, 3.45, 6.70018],
			"to": [11, 6.45, 12.70018],
			"rotation": {"angle": -22.5, "axis": "x", "origin": [8, 4.95, 9.70018]},
			"faces": {
				"north": {"uv": [5.5, 3, 7, 3.75], "texture": "#2"},
				"east": {"uv": [0, 5.75, 1.5, 6.5], "texture": "#2"},
				"south": {"uv": [1.75, 5.75, 3.25, 6.5], "texture": "#2"},
				"west": {"uv": [6.5, 4, 8, 4.75], "texture": "#2"},
				"up": {"uv": [1.5, 5.5, 0, 4], "texture": "#2"},
				"down": {"uv": [3.25, 4, 1.75, 5.5], "texture": "#2"}
			}
		}
	],
	"gui_light": "front",
	"display": {
		"gui": {
			"rotation": [-157.94, 32.78, 173.84],
			"translation": [-0.75, 1.25, 0],
			"scale": [1.3, 1.3, 1.3]
		}
	},
	"groups": [
		{
			"name": "h_head",
			"origin": [8, 5.91667, 9.32424],
			"color": 0,
			"children": [0, 1, 2, 3, 4, 5, 6, 7, 8, 9]
		}
	]
}