{
	"credit": "Made with Blockbench",
	"texture_size": [64, 64],
	"textures": {
		"2": "modelengine:entity/nocsy/nocsy_chibi_pegasus_icon"
	},
	"elements": [
		{
			"from": [9.2, 8.95, 9.1],
			"to": [10.2, 10.95, 10.1],
			"rotation": {"angle": -22.5, "axis": "z", "origin": [9.7, 9.95, 9.6]},
			"faces": {
				"north": {"uv": [10, 3.5, 10.25, 4], "texture": "#2"},
				"east": {"uv": [10, 4.25, 10.25, 4.75], "texture": "#2"},
				"south": {"uv": [10, 5, 10.25, 5.5], "texture": "#2"},
				"west": {"uv": [10, 7.5, 10.25, 8], "texture": "#2"},
				"up": {"uv": [4, 10, 3.75, 9.75], "texture": "#2"},
				"down": {"uv": [4.5, 9.75, 4.25, 10], "texture": "#2"}
			}
		},
		{
			"from": [5.8, 8.95, 9.1],
			"to": [6.8, 10.95, 10.1],
			"rotation": {"angle": 22.5, "axis": "z", "origin": [6.3, 9.95, 9.6]},
			"faces": {
				"north": {"uv": [10, 8.25, 10.25, 8.75], "texture": "#2"},
				"east": {"uv": [10, 9, 10.25, 9.5], "texture": "#2"},
				"south": {"uv": [6.75, 9.5, 7, 10], "texture": "#2"},
				"west": {"uv": [7.25, 9.5, 7.5, 10], "texture": "#2"},
				"up": {"uv": [10.75, 3.75, 10.5, 3.5], "texture": "#2"},
				"down": {"uv": [5, 9.75, 4.75, 10], "texture": "#2"}
			}
		},
		{
			"from": [5.5, 5.55, 6],
			"to": [10.5, 9.55, 11],
			"rotation": {"angle": 0, "axis": "y", "origin": [6.5, -7.05, 9]},
			"faces": {
				"north": {"uv": [6.75, 6, 8, 7], "texture": "#2"},
				"east": {"uv": [6.75, 7.25, 8, 8.25], "texture": "#2"},
				"south": {"uv": [3.75, 7.5, 5, 8.5], "texture": "#2"},
				"west": {"uv": [5.25, 7.5, 6.5, 8.5], "texture": "#2"},
				"up": {"uv": [5, 7.25, 3.75, 6], "texture": "#2"},
				"down": {"uv": [6.5, 6, 5.25, 7.25], "texture": "#2"}
			}
		},
		{
			"from": [5.4, 7.45, 5.9],
			"to": [6.6, 8.65, 7.1],
			"rotation": {"angle": 0, "axis": "y", "origin": [6.5, -7.05, 9]},
			"faces": {
				"north": {"uv": [10.5, 4, 10.75, 4.25], "texture": "#2"},
				"east": {"uv": [5.25, 9.75, 5.5, 10], "texture": "#2"},
				"south": {"uv": [10.5, 4.5, 10.75, 4.75], "texture": "#2"},
				"west": {"uv": [10.5, 5, 10.75, 5.25], "texture": "#2"},
				"up": {"uv": [10.75, 5.75, 10.5, 5.5], "texture": "#2"},
				"down": {"uv": [10.75, 7.5, 10.5, 7.75], "texture": "#2"}
			}
		},
		{
			"from": [5.375, 8.05, 6],
			"to": [5.375, 8.55, 6.5],
			"rotation": {"angle": 0, "axis": "y", "origin": [6.5, -7.05, 9]},
			"faces": {
				"north": {"uv": [8, 8.5, 8, 8.75], "texture": "#2"},
				"east": {"uv": [10.5, 8, 10.75, 8.25], "texture": "#2"},
				"south": {"uv": [9.25, 9, 9.25, 9.25], "texture": "#2"},
				"west": {"uv": [10.5, 8.5, 10.75, 8.75], "texture": "#2"},
				"up": {"uv": [9.25, 9.75, 9.25, 9.5], "texture": "#2"},
				"down": {"uv": [9.75, 10, 9.75, 10.25], "texture": "#2"}
			}
		},
		{
			"from": [10.625, 8.05, 6],
			"to": [10.625, 8.55, 6.5],
			"rotation": {"angle": 0, "axis": "y", "origin": [9.5, -7.05, 9]},
			"faces": {
				"north": {"uv": [4.75, 10.25, 4.75, 10.5], "texture": "#2"},
				"east": {"uv": [10.5, 9, 10.75, 9.25], "texture": "#2"},
				"south": {"uv": [11, 4, 11, 4.25], "texture": "#2"},
				"west": {"uv": [10, 9.75, 10.25, 10], "texture": "#2"},
				"up": {"uv": [5, 10.5, 5, 10.25], "texture": "#2"},
				"down": {"uv": [5.25, 10.25, 5.25, 10.5], "texture": "#2"}
			}
		},
		{
			"from": [9.4, 7.45, 5.9],
			"to": [10.6, 8.65, 7.1],
			"rotation": {"angle": 0, "axis": "y", "origin": [9.5, -7.05, 9]},
			"faces": {
				"north": {"uv": [10.5, 9.5, 10.75, 9.75], "texture": "#2"},
				"east": {"uv": [10.75, 6, 11, 6.25], "texture": "#2"},
				"south": {"uv": [10.75, 6.5, 11, 6.75], "texture": "#2"},
				"west": {"uv": [7.75, 10, 8, 10.25], "texture": "#2"},
				"up": {"uv": [11, 7.25, 10.75, 7], "texture": "#2"},
				"down": {"uv": [8.5, 10, 8.25, 10.25], "texture": "#2"}
			}
		},
		{
			"from": [9.4, 7.45, 5.9],
			"to": [10.6, 8.65, 7.1],
			"rotation": {"angle": 0, "axis": "y", "origin": [9.5, -7.05, 9]},
			"faces": {
				"north": {"uv": [8.75, 10, 9, 10.25], "texture": "#2"},
				"east": {"uv": [9.25, 10, 9.5, 10.25], "texture": "#2"},
				"south": {"uv": [10.5, 10, 10.75, 10.25], "texture": "#2"},
				"west": {"uv": [3.75, 10.25, 4, 10.5], "texture": "#2"},
				"up": {"uv": [4.5, 10.5, 4.25, 10.25], "texture": "#2"},
				"down": {"uv": [11.25, 3.5, 11, 3.75], "texture": "#2"}
			}
		},
		{
			"from": [7.5, 5.55, 8],
			"to": [8.5, 10.55, 12],
			"rotation": {"angle": 0, "axis": "y", "origin": [5.5, -7.05, 9]},
			"faces": {
				"north": {"uv": [5.75, 8.75, 6, 10], "texture": "#2"},
				"east": {"uv": [8.25, 6, 9.25, 7.25], "texture": "#2"},
				"south": {"uv": [6.25, 8.75, 6.5, 10], "texture": "#2"},
				"west": {"uv": [8.25, 7.5, 9.25, 8.75], "texture": "#2"},
				"up": {"uv": [9.75, 8.5, 9.5, 7.5], "texture": "#2"},
				"down": {"uv": [9.75, 8.75, 9.5, 9.75], "texture": "#2"}
			}
		},
		{
			"from": [8, 0.55, 7],
			"to": [8, 11.55, 16],
			"rotation": {"angle": 0, "axis": "y", "origin": [8, 6.05, 10.1]},
			"faces": {
				"north": {"uv": [5.5, 10.25, 5.5, 13], "texture": "#2"},
				"east": {"uv": [8.5, 3, 6.25, 5.75], "texture": "#2"},
				"south": {"uv": [5.75, 10.25, 5.75, 13], "texture": "#2"},
				"west": {"uv": [6.25, 3, 8.5, 5.75], "texture": "#2"},
				"up": {"uv": [6, 12.5, 6, 10.25], "texture": "#2"},
				"down": {"uv": [6.25, 10.25, 6.25, 12.5], "texture": "#2"}
			}
		},
		{
			"from": [6, 6.55, 3],
			"to": [10, 9.55, 6],
			"rotation": {"angle": 0, "axis": "y", "origin": [8, 7.55, 4.5]},
			"faces": {
				"north": {"uv": [8.75, 3, 9.75, 3.75], "texture": "#2"},
				"east": {"uv": [3.75, 8.75, 4.5, 9.5], "texture": "#2"},
				"south": {"uv": [8.75, 4, 9.75, 4.75], "texture": "#2"},
				"west": {"uv": [4.75, 8.75, 5.5, 9.5], "texture": "#2"},
				"up": {"uv": [9.75, 5.75, 8.75, 5], "texture": "#2"},
				"down": {"uv": [7.75, 8.5, 6.75, 9.25], "texture": "#2"}
			}
		},
		{
			"from": [6, 5.55, 4],
			"to": [10, 6.55, 6],
			"rotation": {"angle": 0, "axis": "y", "origin": [8, 7.55, 4.5]},
			"faces": {
				"north": {"uv": [8, 9, 9, 9.25], "texture": "#2"},
				"east": {"uv": [7.75, 9.5, 8.25, 9.75], "texture": "#2"},
				"south": {"uv": [10, 3, 11, 3.25], "texture": "#2"},
				"west": {"uv": [8.5, 9.5, 9, 9.75], "texture": "#2"},
				"up": {"uv": [10.5, 6.5, 9.5, 6], "texture": "#2"},
				"down": {"uv": [10.5, 6.75, 9.5, 7.25], "texture": "#2"}
			}
		}
	],
	"gui_light": "front",
	"display": {
		"gui": {
			"rotation": [-162.77, 40.45, 173.51],
			"translation": [0, 1, 0],
			"scale": [1.5, 1.5, 1.5]
		}
	},
	"groups": [
		{
			"name": "h_head",
			"origin": [8.5, 6.08359, 9.35027],
			"rotation": [-17.5, 0, 0],
			"color": 0,
			"children": [
				{
					"name": "h_ear_right",
					"origin": [9.7, 9.35, 9.6],
					"rotation": [0, 0, -17.5],
					"color": 0,
					"children": [0]
				},
				{
					"name": "h_ear_left",
					"origin": [6.3, 9.35, 9.6],
					"rotation": [0, 0, 17.5],
					"color": 0,
					"children": [1]
				},
				2,
				3,
				4,
				5,
				6,
				7,
				8,
				9,
				10,
				11
			]
		}
	]
}