{
	"credit": "Made with Blockbench",
	"texture_size": [64, 64],
	"textures": {
		"2": "modelengine:entity/nocsy/nocsy_chibi_onii_icon",
		"particle": "modelengine:entity/nocsy/nocsy_chibi_onii_icon"
	},
	"elements": [
		{
			"from": [5.09567, 4.01293, 6.1125],
			"to": [11.09567, 9.01293, 11.1125],
			"rotation": {"angle": 0, "axis": "y", "origin": [8, 8, 8]},
			"faces": {
				"north": {"uv": [0, 0, 1.5, 1.25], "texture": "#2"},
				"east": {"uv": [3.5, 0, 4.75, 1.25], "texture": "#2"},
				"south": {"uv": [0, 1.5, 1.5, 2.75], "texture": "#2"},
				"west": {"uv": [3.5, 1.5, 4.75, 2.75], "texture": "#2"},
				"up": {"uv": [3.25, 1.25, 1.75, 0], "texture": "#2"},
				"down": {"uv": [3.25, 1.5, 1.75, 2.75], "texture": "#2"}
			}
		},
		{
			"from": [5.49567, 5.21293, 6.0875],
			"to": [7.49567, 6.41293, 6.0875],
			"rotation": {"angle": 0, "axis": "y", "origin": [8, 8, 8]},
			"faces": {
				"north": {"uv": [3, 10, 3.5, 10.25], "texture": "#2"},
				"east": {"uv": [3.5, 0, 4.75, 1.25], "texture": "#2"},
				"south": {"uv": [10, 5.25, 10.5, 5.5], "texture": "#2"},
				"west": {"uv": [3.5, 1.5, 4.75, 2.75], "texture": "#2"},
				"up": {"uv": [3.25, 1.25, 1.75, 0], "texture": "#2"},
				"down": {"uv": [3.25, 1.5, 1.75, 2.75], "texture": "#2"}
			}
		},
		{
			"from": [7.03743, 3.84158, 6.0625],
			"to": [8.23743, 4.84158, 6.0625],
			"rotation": {"angle": -22.5, "axis": "z", "origin": [8, 8, 8]},
			"faces": {
				"north": {"uv": [10, 6.75, 10.25, 7], "texture": "#2"},
				"east": {"uv": [3.5, 0, 4.75, 1.25], "texture": "#2"},
				"south": {"uv": [10, 8.5, 10.25, 8.75], "texture": "#2"},
				"west": {"uv": [3.5, 1.5, 4.75, 2.75], "texture": "#2"},
				"up": {"uv": [3.25, 1.25, 1.75, 0], "texture": "#2"},
				"down": {"uv": [3.25, 1.5, 1.75, 2.75], "texture": "#2"}
			}
		},
		{
			"from": [7.93934, 3.76836, 6.0625],
			"to": [9.13934, 4.76836, 6.0625],
			"rotation": {"angle": 22.5, "axis": "z", "origin": [8, 8, 8]},
			"faces": {
				"north": {"uv": [10, 8.5, 10.25, 8.75], "texture": "#2"},
				"east": {"uv": [5, 2.5, 5, 2.75], "texture": "#2"},
				"south": {"uv": [10, 6.75, 10.25, 7], "texture": "#2"},
				"west": {"uv": [3.25, 7.75, 3.25, 8], "texture": "#2"},
				"up": {"uv": [2, 7.5, 1.75, 7.5], "texture": "#2"},
				"down": {"uv": [10.25, 7.25, 10, 7.25], "texture": "#2"}
			}
		},
		{
			"from": [8.69567, 5.21293, 6.0875],
			"to": [10.69567, 6.41293, 6.0875],
			"rotation": {"angle": 0, "axis": "y", "origin": [8, 8, 8]},
			"faces": {
				"north": {"uv": [10, 5.25, 10.5, 5.5], "texture": "#2"},
				"east": {"uv": [5, 2.5, 5, 2.75], "texture": "#2"},
				"south": {"uv": [3, 10, 3.5, 10.25], "texture": "#2"},
				"west": {"uv": [3.25, 7.75, 3.25, 8], "texture": "#2"},
				"up": {"uv": [2, 7.5, 1.75, 7.5], "texture": "#2"},
				"down": {"uv": [10.25, 7.25, 10, 7.25], "texture": "#2"}
			}
		},
		{
			"from": [5.09567, 7.83011, 5.52543],
			"to": [7.39567, 8.83011, 5.52543],
			"rotation": {"angle": -45, "axis": "x", "origin": [8, 8, 8]},
			"faces": {
				"north": {"uv": [10, 5.75, 10.5, 6], "texture": "#2"},
				"east": {"uv": [3.5, 0, 4.75, 1.25], "texture": "#2"},
				"south": {"uv": [10, 6.25, 10.5, 6.5], "texture": "#2"},
				"west": {"uv": [3.5, 1.5, 4.75, 2.75], "texture": "#2"},
				"up": {"uv": [3.25, 1.25, 1.75, 0], "texture": "#2"},
				"down": {"uv": [3.25, 1.5, 1.75, 2.75], "texture": "#2"}
			}
		},
		{
			"from": [8.79567, 7.83011, 5.52543],
			"to": [11.09567, 8.83011, 5.52543],
			"rotation": {"angle": -45, "axis": "x", "origin": [8, 8, 8]},
			"faces": {
				"north": {"uv": [10, 6.25, 10.5, 6.5], "texture": "#2"},
				"east": {"uv": [5, 2.5, 5, 2.75], "texture": "#2"},
				"south": {"uv": [10, 5.75, 10.5, 6], "texture": "#2"},
				"west": {"uv": [3.25, 7.75, 3.25, 8], "texture": "#2"},
				"up": {"uv": [2, 7.5, 1.75, 7.5], "texture": "#2"},
				"down": {"uv": [10.25, 7.25, 10, 7.25], "texture": "#2"}
			}
		},
		{
			"from": [4.11046, 3.45244, 5.5025],
			"to": [6.13046, 8.47244, 11.5225],
			"rotation": {"angle": -22.5, "axis": "z", "origin": [8, 8, 8]},
			"faces": {
				"north": {"uv": [4.5, 5.5, 5, 6.75], "texture": "#2"},
				"east": {"uv": [0, 3, 1.5, 4.25], "texture": "#2"},
				"south": {"uv": [8.25, 5, 8.75, 6.25], "texture": "#2"},
				"west": {"uv": [1.75, 3, 3.25, 4.25], "texture": "#2"},
				"up": {"uv": [8, 6.5, 7.5, 5], "texture": "#2"},
				"down": {"uv": [6.75, 7.5, 6.25, 9], "texture": "#2"}
			}
		},
		{
			"from": [3.35309, 4.70537, 5.6225],
			"to": [5.13309, 8.48537, 11.4025],
			"rotation": {"angle": 22.5, "axis": "z", "origin": [8, 8, 8]},
			"faces": {
				"north": {"uv": [4.5, 8.5, 5, 9.5], "texture": "#2"},
				"east": {"uv": [3.5, 3, 5, 4], "texture": "#2"},
				"south": {"uv": [7, 8.5, 7.5, 9.5], "texture": "#2"},
				"west": {"uv": [3.5, 4.25, 5, 5.25], "texture": "#2"},
				"up": {"uv": [8, 8.25, 7.5, 6.75], "texture": "#2"},
				"down": {"uv": [2.25, 7.75, 1.75, 9.25], "texture": "#2"}
			}
		},
		{
			"from": [5.13309, 3.10537, 9.6225],
			"to": [7.91309, 9.88537, 11.4025],
			"rotation": {"angle": 22.5, "axis": "z", "origin": [8, 8, 8]},
			"faces": {
				"north": {"uv": [2.5, 4.5, 3.25, 6.25], "texture": "#2"},
				"east": {"uv": [5.5, 7, 6, 8.75], "texture": "#2"},
				"south": {"uv": [5.25, 5, 6, 6.75], "texture": "#2"},
				"west": {"uv": [1, 7.5, 1.5, 9.25], "texture": "#2"},
				"up": {"uv": [6, 9.5, 5.25, 9], "texture": "#2"},
				"down": {"uv": [9.75, 5.25, 9, 5.75], "texture": "#2"}
			}
		},
		{
			"from": [7.99438, 3.70516, 9.6425],
			"to": [10.73438, 8.44516, 11.3825],
			"rotation": {"angle": 0, "axis": "y", "origin": [8, 8, 8]},
			"faces": {
				"north": {"uv": [4.5, 7, 5.25, 8.25], "texture": "#2"},
				"east": {"uv": [8.25, 6.5, 8.75, 7.75], "texture": "#2"},
				"south": {"uv": [3.5, 7.25, 4.25, 8.5], "texture": "#2"},
				"west": {"uv": [8.25, 8, 8.75, 9.25], "texture": "#2"},
				"up": {"uv": [9.75, 6.5, 9, 6], "texture": "#2"},
				"down": {"uv": [9.75, 6.75, 9, 7.25], "texture": "#2"}
			}
		},
		{
			"from": [7.00496, 5.71077, 5.4875],
			"to": [11.00496, 9.71077, 5.4875],
			"rotation": {"angle": 45, "axis": "z", "origin": [8, 8, 8]},
			"faces": {
				"north": {"uv": [1, 6.25, 2, 7.25], "texture": "#2"},
				"east": {"uv": [0.75, 8, 0.75, 9], "texture": "#2"},
				"south": {"uv": [6.25, 5, 7.25, 6], "texture": "#2"},
				"west": {"uv": [7.5, 9.75, 7.5, 10.75], "texture": "#2"},
				"up": {"uv": [11, 10, 10, 10], "texture": "#2"},
				"down": {"uv": [11, 10.25, 10, 10.25], "texture": "#2"}
			}
		},
		{
			"from": [6.52309, 8.79537, 5.5125],
			"to": [10.52309, 9.79537, 11.5125],
			"rotation": {"angle": 22.5, "axis": "z", "origin": [8, 8, 8]},
			"faces": {
				"north": {"uv": [9.75, 2, 10.75, 2.25], "texture": "#2"},
				"east": {"uv": [9, 7.5, 10.5, 7.75], "texture": "#2"},
				"south": {"uv": [9.75, 2.5, 10.75, 2.75], "texture": "#2"},
				"west": {"uv": [9, 8, 10.5, 8.25], "texture": "#2"},
				"up": {"uv": [1, 6, 0, 4.5], "texture": "#2"},
				"down": {"uv": [2.25, 4.5, 1.25, 6], "texture": "#2"}
			}
		},
		{
			"from": [7.02727, 8.73881, 5.5225],
			"to": [10.00727, 10.71881, 11.5025],
			"rotation": {"angle": 45, "axis": "z", "origin": [8, 8, 8]},
			"faces": {
				"north": {"uv": [9, 8.5, 9.75, 9], "texture": "#2"},
				"east": {"uv": [8, 0, 9.5, 0.5], "texture": "#2"},
				"south": {"uv": [9, 9.25, 9.75, 9.75], "texture": "#2"},
				"west": {"uv": [8, 0.75, 9.5, 1.25], "texture": "#2"},
				"up": {"uv": [4.25, 7, 3.5, 5.5], "texture": "#2"},
				"down": {"uv": [0.75, 6.25, 0, 7.75], "texture": "#2"}
			}
		},
		{
			"from": [6.52309, 4.79537, 7.5125],
			"to": [10.52309, 8.79537, 11.5125],
			"rotation": {"angle": 22.5, "axis": "z", "origin": [8, 8, 8]},
			"faces": {
				"north": {"uv": [6.25, 6.25, 7.25, 7.25], "texture": "#2"},
				"east": {"uv": [2.25, 6.5, 3.25, 7.5], "texture": "#2"},
				"south": {"uv": [6.75, 0, 7.75, 1], "texture": "#2"},
				"west": {"uv": [6.75, 1.25, 7.75, 2.25], "texture": "#2"},
				"up": {"uv": [8, 3.5, 7, 2.5], "texture": "#2"},
				"down": {"uv": [8, 3.75, 7, 4.75], "texture": "#2"}
			}
		},
		{
			"from": [10.06632, 4.39922, 5.5225],
			"to": [12.04632, 8.37922, 11.5025],
			"rotation": {"angle": 22.5, "axis": "z", "origin": [8, 8, 8]},
			"faces": {
				"north": {"uv": [3.25, 8.75, 3.75, 9.75], "texture": "#2"},
				"east": {"uv": [5, 0, 6.5, 1], "texture": "#2"},
				"south": {"uv": [9, 1.5, 9.5, 2.5], "texture": "#2"},
				"west": {"uv": [5, 1.25, 6.5, 2.25], "texture": "#2"},
				"up": {"uv": [3, 9.25, 2.5, 7.75], "texture": "#2"},
				"down": {"uv": [0.5, 8, 0, 9.5], "texture": "#2"}
			}
		},
		{
			"from": [10.85369, 4.9686, 5.6125],
			"to": [12.65369, 8.7686, 11.4125],
			"rotation": {"angle": -22.5, "axis": "z", "origin": [8, 8, 8]},
			"faces": {
				"north": {"uv": [9, 2.75, 9.5, 3.75], "texture": "#2"},
				"east": {"uv": [5.25, 2.5, 6.75, 3.5], "texture": "#2"},
				"south": {"uv": [9, 4, 9.5, 5], "texture": "#2"},
				"west": {"uv": [5.25, 3.75, 6.75, 4.75], "texture": "#2"},
				"up": {"uv": [8.75, 3, 8.25, 1.5], "texture": "#2"},
				"down": {"uv": [8.75, 3.25, 8.25, 4.75], "texture": "#2"}
			}
		},
		{
			"from": [10.09029, 8.50681, 6.96498],
			"to": [12.09029, 11.50681, 8.96498],
			"rotation": {"angle": -45, "axis": "x", "origin": [8, 8, 8]},
			"faces": {
				"north": {"uv": [6.25, 9.25, 6.75, 10], "texture": "#2"},
				"east": {"uv": [0.75, 9.5, 1.25, 10.25], "texture": "#2"},
				"south": {"uv": [1.5, 9.5, 2, 10.25], "texture": "#2"},
				"west": {"uv": [2.25, 9.5, 2.75, 10.25], "texture": "#2"},
				"up": {"uv": [10.25, 3.5, 9.75, 3], "texture": "#2"},
				"down": {"uv": [10.25, 3.75, 9.75, 4.25], "texture": "#2"}
			}
		},
		{
			"from": [11.24637, 8.31502, 5.45621],
			"to": [12.44637, 11.51502, 6.65621],
			"rotation": {"angle": 22.5, "axis": "z", "origin": [8, 8, 8]},
			"faces": {
				"north": {"uv": [7, 7.5, 7.25, 8.25], "texture": "#2"},
				"east": {"uv": [7.75, 8.5, 8, 9.25], "texture": "#2"},
				"south": {"uv": [4, 8.75, 4.25, 9.5], "texture": "#2"},
				"west": {"uv": [8.5, 9.5, 8.75, 10.25], "texture": "#2"},
				"up": {"uv": [9.25, 10.25, 9, 10], "texture": "#2"},
				"down": {"uv": [10.25, 9, 10, 9.25], "texture": "#2"}
			}
		},
		{
			"from": [4.10105, 8.50681, 6.96498],
			"to": [6.10105, 11.50681, 8.96498],
			"rotation": {"angle": -45, "axis": "x", "origin": [8, 8, 8]},
			"faces": {
				"north": {"uv": [7.75, 9.5, 8.25, 10.25], "texture": "#2"},
				"east": {"uv": [0, 9.75, 0.5, 10.5], "texture": "#2"},
				"south": {"uv": [9.75, 0, 10.25, 0.75], "texture": "#2"},
				"west": {"uv": [9.75, 1, 10.25, 1.75], "texture": "#2"},
				"up": {"uv": [4.5, 10.25, 4, 9.75], "texture": "#2"},
				"down": {"uv": [10.25, 4.5, 9.75, 5], "texture": "#2"}
			}
		},
		{
			"from": [3.7304, 8.38825, 5.45621],
			"to": [4.9304, 11.58825, 6.65621],
			"rotation": {"angle": -22.5, "axis": "z", "origin": [8, 8, 8]},
			"faces": {
				"north": {"uv": [4.75, 9.75, 5, 10.5], "texture": "#2"},
				"east": {"uv": [5.25, 9.75, 5.5, 10.5], "texture": "#2"},
				"south": {"uv": [5.75, 9.75, 6, 10.5], "texture": "#2"},
				"west": {"uv": [7, 9.75, 7.25, 10.5], "texture": "#2"},
				"up": {"uv": [9.75, 10.25, 9.5, 10], "texture": "#2"},
				"down": {"uv": [10.25, 9.5, 10, 9.75], "texture": "#2"}
			}
		}
	],
	"gui_light": "front",
	"display": {
		"gui": {
			"rotation": [-168.85, 28.48, -179.12],
			"translation": [1.5, 0, 0],
			"scale": [0.75, 0.75, 0.75]
		}
	},
	"groups": [
		{
			"name": "h_head",
			"origin": [8.09567, 4.02244, 8.39461],
			"rotation": [-7.5, 0, 0],
			"color": 0,
			"children": [
				{
					"name": "tag_name",
					"origin": [8.09567, 15.01293, 9.1125],
					"color": 0,
					"children": []
				},
				0,
				1,
				2,
				3,
				4,
				5,
				6,
				7,
				8,
				9,
				10,
				11,
				12,
				13,
				14,
				15,
				16,
				{
					"name": "right_horn",
					"origin": [10.95551, 10.31773, 6.30621],
					"rotation": [18.51782, -7.17056, -27.48074],
					"color": 0,
					"children": [17, 18]
				},
				{
					"name": "left_horn",
					"origin": [5.23583, 10.31773, 6.30621],
					"rotation": [18.51782, 7.17056, 27.48074],
					"color": 0,
					"children": [19, 20]
				}
			]
		}
	]
}