{
	"credit": "Made with Blockbench",
	"texture_size": [32, 32],
	"textures": {
		"1": "nocsy/nocsy_chibi_stegosaur_icon",
		"particle": "nocsy/nocsy_chibi_stegosaur_icon"
	},
	"elements": [
		{
			"from": [5.5, 4.34312, 6.3],
			"to": [10.5, 5.34312, 11.3],
			"rotation": {"angle": 0, "axis": "y", "origin": [10.5, 0.84312, 19.3]},
			"faces": {
				"north": {"uv": [9.5, 9, 12, 9.5], "texture": "#1"},
				"east": {"uv": [0, 10, 2.5, 10.5], "texture": "#1"},
				"south": {"uv": [3, 10, 5.5, 10.5], "texture": "#1"},
				"west": {"uv": [10, 3, 12.5, 3.5], "texture": "#1"},
				"up": {"uv": [6, 9.5, 3.5, 7], "texture": "#1"},
				"down": {"uv": [9, 7, 6.5, 9.5], "texture": "#1"}
			}
		},
		{
			"from": [5, 5.34312, 5.3],
			"to": [11, 10.34312, 12.3],
			"rotation": {"angle": 0, "axis": "y", "origin": [11, 0.84312, 19.3]},
			"faces": {
				"north": {"uv": [0, 7, 3, 9.5], "texture": "#1"},
				"east": {"uv": [0, 4, 3.5, 6.5], "texture": "#1"},
				"south": {"uv": [7, 0, 10, 2.5], "texture": "#1"},
				"west": {"uv": [4, 4, 7.5, 6.5], "texture": "#1"},
				"up": {"uv": [3, 3.5, 0, 0], "texture": "#1"},
				"down": {"uv": [6.5, 0, 3.5, 3.5], "texture": "#1"}
			}
		},
		{
			"from": [10.3, 6.44312, 6.3],
			"to": [11.3, 8.44312, 9.3],
			"rotation": {"angle": 0, "axis": "y", "origin": [5, 0.84312, 19.3]},
			"faces": {
				"north": {"uv": [9, 10, 9.5, 11], "texture": "#1"},
				"east": {"uv": [8, 3, 9.5, 4], "texture": "#1"},
				"south": {"uv": [10, 10, 10.5, 11], "texture": "#1"},
				"west": {"uv": [8, 4.5, 9.5, 5.5], "texture": "#1"},
				"up": {"uv": [10.5, 5.5, 10, 4], "texture": "#1"},
				"down": {"uv": [6.5, 10, 6, 11.5], "texture": "#1"}
			}
		},
		{
			"from": [4.7, 6.44312, 6.3],
			"to": [5.7, 8.44312, 9.3],
			"rotation": {"angle": 0, "axis": "y", "origin": [11, 0.84312, 19.3]},
			"faces": {
				"north": {"uv": [10.5, 0, 11, 1], "texture": "#1"},
				"east": {"uv": [9.5, 6, 11, 7], "texture": "#1"},
				"south": {"uv": [10.5, 1.5, 11, 2.5], "texture": "#1"},
				"west": {"uv": [9.5, 7.5, 11, 8.5], "texture": "#1"},
				"up": {"uv": [7.5, 11.5, 7, 10], "texture": "#1"},
				"down": {"uv": [8.5, 10, 8, 11.5], "texture": "#1"}
			}
		},
		{
			"from": [4.65, 6.84312, 6.7],
			"to": [4.65, 7.84312, 7.7],
			"rotation": {"angle": 0, "axis": "y", "origin": [11, 0.84312, 19.3]},
			"faces": {
				"north": {"uv": [9, 6, 9, 6.5], "texture": "#1"},
				"east": {"uv": [7, 3, 7.5, 3.5], "texture": "#1"},
				"south": {"uv": [2, 11, 2, 11.5], "texture": "#1"},
				"west": {"uv": [8, 6, 8.5, 6.5], "texture": "#1"},
				"up": {"uv": [2.5, 11.5, 2.5, 11], "texture": "#1"},
				"down": {"uv": [3, 11, 3, 11.5], "texture": "#1"}
			}
		},
		{
			"from": [11.35, 6.84312, 6.7],
			"to": [11.35, 7.84312, 7.7],
			"rotation": {"angle": 0, "axis": "y", "origin": [5, 0.84312, 19.3]},
			"faces": {
				"north": {"uv": [3.5, 11, 3.5, 11.5], "texture": "#1"},
				"east": {"uv": [0, 11, 0.5, 11.5], "texture": "#1"},
				"south": {"uv": [4, 11, 4, 11.5], "texture": "#1"},
				"west": {"uv": [1, 11, 1.5, 11.5], "texture": "#1"},
				"up": {"uv": [11, 4.5, 11, 4], "texture": "#1"},
				"down": {"uv": [4.5, 11, 4.5, 11.5], "texture": "#1"}
			}
		}
	],
	"display": {
		"gui": {
			"rotation": [-167.74, 35.32, 176.74],
			"translation": [-0.75, 0.5, 0],
			"scale": [1.6, 1.6, 1.6]
		}
	},
	"groups": [
		{
			"name": "h_head",
			"origin": [8, 7.34312, 11.8],
			"rotation": [2.5, 0, 0],
			"color": 0,
			"children": [0, 1, 2, 3, 4, 5]
		}
	]
}