{
	"credit": "Made with Blockbench",
	"texture_size": [64, 64],
	"textures": {
		"2": "modelengine:entity/nocsy/nocsy_chibi_amanta_icon"
	},
	"elements": [
		{
			"from": [2.5, 4.1875, -5.05],
			"to": [13.5, 8.1875, -5.05],
			"rotation": {"angle": 0, "axis": "y", "origin": [5.5, 5.1875, 1.95]},
			"faces": {
				"north": {"uv": [4.75, 6, 7.5, 7], "texture": "#2"},
				"east": {"uv": [9, 0.5, 9, 1.5], "texture": "#2"},
				"south": {"uv": [7.5, 6, 4.75, 7], "texture": "#2"},
				"west": {"uv": [3.25, 9, 3.25, 10], "texture": "#2"},
				"up": {"uv": [11.75, 1.75, 9, 1.75], "texture": "#2"},
				"down": {"uv": [11.75, 2, 9, 2], "texture": "#2"}
			}
		},
		{
			"from": [5.3, 5.5875, -5.425],
			"to": [6.6, 6.8875, -5.125],
			"rotation": {"angle": 0, "axis": "y", "origin": [11.2, 4.4875, 2.475]},
			"faces": {
				"north": {"uv": [1.75, 6, 2.25, 6.5], "texture": "#2"},
				"east": {"uv": [0.75, 8.75, 1, 9.25], "texture": "#2"},
				"south": {"uv": [0, 8.75, 0.5, 9.25], "texture": "#2"},
				"west": {"uv": [1.25, 8.75, 1.5, 9.25], "texture": "#2"},
				"up": {"uv": [7.25, 5.75, 6.75, 5.5], "texture": "#2"},
				"down": {"uv": [9, 8, 8.5, 8.25], "texture": "#2"}
			}
		},
		{
			"from": [9.675, 5.8125, -5.475],
			"to": [10.275, 6.4125, -5.475],
			"rotation": {"angle": 0, "axis": "y", "origin": [5.175, 3.9125, 2.625]},
			"faces": {
				"north": {"uv": [9, 0, 9.25, 0.25], "texture": "#2"},
				"east": {"uv": [1.25, 8.75, 1.5, 9.25], "texture": "#2"},
				"south": {"uv": [9.25, 0, 9, 0.25], "texture": "#2"},
				"west": {"uv": [0.75, 8.75, 1, 9.25], "texture": "#2"},
				"up": {"uv": [7.25, 5.75, 6.75, 5.5], "texture": "#2"},
				"down": {"uv": [9, 8, 8.5, 8.25], "texture": "#2"}
			}
		},
		{
			"from": [5.725, 5.8125, -5.475],
			"to": [6.325, 6.4125, -5.475],
			"rotation": {"angle": 0, "axis": "y", "origin": [10.825, 3.9125, 2.625]},
			"faces": {
				"north": {"uv": [9.25, 0, 9, 0.25], "texture": "#2"},
				"east": {"uv": [1, 8.75, 0.75, 9.25], "texture": "#2"},
				"south": {"uv": [9, 0, 9.25, 0.25], "texture": "#2"},
				"west": {"uv": [1.5, 8.75, 1.25, 9.25], "texture": "#2"},
				"up": {"uv": [6.75, 5.75, 7.25, 5.5], "texture": "#2"},
				"down": {"uv": [8.5, 8, 9, 8.25], "texture": "#2"}
			}
		},
		{
			"from": [9.4, 5.5875, -5.425],
			"to": [10.7, 6.8875, -5.125],
			"rotation": {"angle": 0, "axis": "y", "origin": [4.8, 4.4875, 2.475]},
			"faces": {
				"north": {"uv": [1.75, 6, 2.25, 6.5], "texture": "#2"},
				"east": {"uv": [1.25, 8.75, 1.5, 9.25], "texture": "#2"},
				"south": {"uv": [0, 8.75, 0.5, 9.25], "texture": "#2"},
				"west": {"uv": [0.75, 8.75, 1, 9.25], "texture": "#2"},
				"up": {"uv": [7.25, 5.75, 6.75, 5.5], "texture": "#2"},
				"down": {"uv": [9, 8, 8.5, 8.25], "texture": "#2"}
			}
		},
		{
			"from": [-5.5, 6.7875, -5.025],
			"to": [4.5, 6.7875, 17.975],
			"rotation": {"angle": 0, "axis": "y", "origin": [3.5, 5.7875, 1.975]},
			"faces": {
				"north": {"uv": [9, 2.25, 11.5, 2.25], "texture": "#2"},
				"east": {"uv": [5.5, 9, 11.25, 9], "texture": "#2"},
				"south": {"uv": [9.25, 0.5, 11.75, 0.5], "texture": "#2"},
				"west": {"uv": [9.25, 0.75, 15, 0.75], "texture": "#2"},
				"up": {"uv": [2.5, 5.75, 0, 0], "texture": "#2"},
				"down": {"uv": [2.5, 0, 0, 5.75], "texture": "#2"}
			}
		},
		{
			"from": [-2.51, 6.3775, -3.035],
			"to": [4.51, 7.3975, 7.985],
			"rotation": {"angle": 0, "axis": "y", "origin": [3.5, 5.3875, 1.975]},
			"faces": {
				"north": {"uv": [5.5, 8.5, 7.25, 8.75], "texture": "#2"},
				"east": {"uv": [5.5, 8, 8.25, 8.25], "texture": "#2"},
				"south": {"uv": [8.5, 6, 10.25, 6.25], "texture": "#2"},
				"west": {"uv": [8.25, 4, 11, 4.25], "texture": "#2"},
				"up": {"uv": [6.5, 2.75, 4.75, 0], "texture": "#2"},
				"down": {"uv": [6.5, 3, 4.75, 5.75], "texture": "#2"}
			}
		},
		{
			"from": [11.5, 6.7875, -5.025],
			"to": [21.5, 6.7875, 17.975],
			"rotation": {"angle": 0, "axis": "y", "origin": [12.5, 5.7875, 1.975]},
			"faces": {
				"north": {"uv": [11.5, 2.25, 9, 2.25], "texture": "#2"},
				"east": {"uv": [15, 0.75, 9.25, 0.75], "texture": "#2"},
				"south": {"uv": [11.75, 0.5, 9.25, 0.5], "texture": "#2"},
				"west": {"uv": [11.25, 9, 5.5, 9], "texture": "#2"},
				"up": {"uv": [0, 5.75, 2.5, 0], "texture": "#2"},
				"down": {"uv": [0, 0, 2.5, 5.75], "texture": "#2"}
			}
		},
		{
			"from": [11.49, 6.3775, -3.035],
			"to": [18.51, 7.3975, 7.985],
			"rotation": {"angle": 0, "axis": "y", "origin": [12.5, 5.3875, 1.975]},
			"faces": {
				"north": {"uv": [7.25, 8.5, 5.5, 8.75], "texture": "#2"},
				"east": {"uv": [11, 4, 8.25, 4.25], "texture": "#2"},
				"south": {"uv": [10.25, 6, 8.5, 6.25], "texture": "#2"},
				"west": {"uv": [8.25, 8, 5.5, 8.25], "texture": "#2"},
				"up": {"uv": [4.75, 2.75, 6.5, 0], "texture": "#2"},
				"down": {"uv": [4.75, 3, 6.5, 5.75], "texture": "#2"}
			}
		},
		{
			"from": [4.5, 5.8875, -5.025],
			"to": [11.5, 7.8875, 7.975],
			"rotation": {"angle": 0, "axis": "y", "origin": [5.5, 4.8875, 1.975]},
			"faces": {
				"north": {"uv": [4.75, 7.25, 6.5, 7.75], "texture": "#2"},
				"east": {"uv": [6.75, 2.5, 10, 3], "texture": "#2"},
				"south": {"uv": [6.75, 7.25, 8.5, 7.75], "texture": "#2"},
				"west": {"uv": [6.75, 3.25, 10, 3.75], "texture": "#2"},
				"up": {"uv": [4.5, 3.25, 2.75, 0], "texture": "#2"},
				"down": {"uv": [4.5, 3.5, 2.75, 6.75], "texture": "#2"}
			}
		},
		{
			"from": [4, 7.30171, 4.38921],
			"to": [12, 11.30171, 4.38921],
			"rotation": {"angle": 45, "axis": "x", "origin": [8, 9.30171, 4.38921]},
			"faces": {
				"north": {"uv": [6.75, 0, 8.75, 1], "texture": "#2"},
				"east": {"uv": [3.5, 9, 3.5, 10], "texture": "#2"},
				"south": {"uv": [6.75, 0, 8.75, 1], "texture": "#2"},
				"west": {"uv": [3.75, 9, 3.75, 10], "texture": "#2"},
				"up": {"uv": [11.25, 1, 9.25, 1], "texture": "#2"},
				"down": {"uv": [11.25, 1.25, 9.25, 1.25], "texture": "#2"}
			}
		},
		{
			"from": [5.5, 5.8875, 7.975],
			"to": [10.5, 7.8875, 12.975],
			"rotation": {"angle": 0, "axis": "y", "origin": [5.5, 4.8875, 14.975]},
			"faces": {
				"north": {"uv": [3.25, 8.25, 4.5, 8.75], "texture": "#2"},
				"east": {"uv": [8.25, 4.5, 9.5, 5], "texture": "#2"},
				"south": {"uv": [1.75, 8.5, 3, 9], "texture": "#2"},
				"west": {"uv": [8.5, 5.25, 9.75, 5.75], "texture": "#2"},
				"up": {"uv": [8, 5.25, 6.75, 4], "texture": "#2"},
				"down": {"uv": [3, 7, 1.75, 8.25], "texture": "#2"}
			}
		},
		{
			"from": [8, 7.8875, 7.975],
			"to": [8, 11.8875, 12.975],
			"rotation": {"angle": 0, "axis": "y", "origin": [8, 4.8875, 14.975]},
			"faces": {
				"north": {"uv": [4, 9, 4, 10], "texture": "#2"},
				"east": {"uv": [3.25, 7, 4.5, 8], "texture": "#2"},
				"south": {"uv": [4.25, 9, 4.25, 10], "texture": "#2"},
				"west": {"uv": [3.25, 7, 4.5, 8], "texture": "#2"},
				"up": {"uv": [4.5, 10.25, 4.5, 9], "texture": "#2"},
				"down": {"uv": [1.75, 9.25, 1.75, 10.5], "texture": "#2"}
			}
		},
		{
			"from": [7, 6.3875, 12.475],
			"to": [9, 7.3875, 18.475],
			"rotation": {"angle": 0, "axis": "y", "origin": [7, 5.3875, 16.475]},
			"faces": {
				"north": {"uv": [8.75, 7, 9.25, 7.25], "texture": "#2"},
				"east": {"uv": [8.5, 6.5, 10, 6.75], "texture": "#2"},
				"south": {"uv": [8.75, 7.5, 9.25, 7.75], "texture": "#2"},
				"west": {"uv": [7.5, 8.5, 9, 8.75], "texture": "#2"},
				"up": {"uv": [8.25, 7, 7.75, 5.5], "texture": "#2"},
				"down": {"uv": [5.25, 8, 4.75, 9.5], "texture": "#2"}
			}
		},
		{
			"from": [8, 7.3875, 13.475],
			"to": [8, 11.3875, 21.475],
			"rotation": {"angle": 0, "axis": "y", "origin": [8, 4.3875, 20.475]},
			"faces": {
				"north": {"uv": [2, 9.25, 2, 10.25], "texture": "#2"},
				"east": {"uv": [6.75, 1.25, 8.75, 2.25], "texture": "#2"},
				"south": {"uv": [2.25, 9.25, 2.25, 10.25], "texture": "#2"},
				"west": {"uv": [6.75, 1.25, 8.75, 2.25], "texture": "#2"},
				"up": {"uv": [2.5, 11.25, 2.5, 9.25], "texture": "#2"},
				"down": {"uv": [2.75, 9.25, 2.75, 11.25], "texture": "#2"}
			}
		},
		{
			"from": [5, 6.8875, 16.475],
			"to": [11, 6.8875, 26.475],
			"rotation": {"angle": 0, "axis": "y", "origin": [7, 5.8875, 20.475]},
			"faces": {
				"north": {"uv": [9.25, 1.5, 10.75, 1.5], "texture": "#2"},
				"east": {"uv": [5.5, 9.25, 8, 9.25], "texture": "#2"},
				"south": {"uv": [9.25, 8, 10.75, 8], "texture": "#2"},
				"west": {"uv": [8.25, 9.25, 10.75, 9.25], "texture": "#2"},
				"up": {"uv": [1.5, 8.5, 0, 6], "texture": "#2"},
				"down": {"uv": [1.5, 6, 0, 8.5], "texture": "#2"}
			}
		}
	],
	"gui_light": "front",
	"display": {
		"gui": {
			"rotation": [-176.88, 32.87, -141.23],
			"translation": [1.5, 0.5, 0],
			"scale": [0.7, 0.7, 0.7]
		}
	},
	"groups": [
		{
			"name": "body",
			"origin": [8.07143, 6.83953, 3.04489],
			"color": 0,
			"children": [
				{
					"name": "h_head",
					"origin": [8.1, 7.7375, -5.11],
					"color": 0,
					"children": [0, 1, 2, 3, 4]
				},
				{
					"name": "left_wing",
					"origin": [4.4, 6.8375, 4.475],
					"color": 0,
					"children": [5, 6]
				},
				{
					"name": "right_wing",
					"origin": [11.6, 6.8375, 4.475],
					"color": 0,
					"children": [7, 8]
				},
				9,
				10,
				{
					"name": "tail",
					"origin": [8, 7.8875, 7.975],
					"color": 0,
					"children": [
						11,
						12,
						{
							"name": "tip",
							"origin": [8, 6.87083, 12.94167],
							"color": 0,
							"children": [13, 14, 15]
						}
					]
				}
			]
		}
	]
}