{
	"credit": "Made with Blockbench",
	"texture_size": [128, 128],
	"textures": {
		"1": "modelengine:entity/nocsy/nocsy_chibi_light_spirit_icon",
		"particle": "modelengine:entity/nocsy/nocsy_chibi_light_spirit_icon"
	},
	"elements": [
		{
			"from": [5.55374, 8.06387, 7.74354],
			"to": [11.55374, 13.06387, 8.74354],
			"rotation": {"angle": -22.5, "axis": "z", "origin": [12.55374, 8.06387, 7.24354]},
			"faces": {
				"north": {"uv": [6.125, 5, 6.875, 5.625], "texture": "#1"},
				"east": {"uv": [7.875, 3, 8, 3.625], "texture": "#1"},
				"south": {"uv": [1.625, 6.375, 2.375, 7], "texture": "#1"},
				"west": {"uv": [7.875, 3.75, 8, 4.375], "texture": "#1"},
				"up": {"uv": [4, 1.25, 3.25, 1.125], "texture": "#1"},
				"down": {"uv": [8.5, 7.625, 7.75, 7.75], "texture": "#1"}
			}
		},
		{
			"from": [6.43121, 13.47519, -0.25646],
			"to": [12.43121, 15.47519, 7.74354],
			"rotation": {"angle": -22.5, "axis": "z", "origin": [6.93121, 11.47519, 0.74354]},
			"faces": {
				"north": {"uv": [1.875, 1.375, 2.625, 1.625], "texture": "#1"},
				"east": {"uv": [4.125, 2.25, 5.125, 2.5], "texture": "#1"},
				"south": {"uv": [7.375, 0.625, 8.125, 0.875], "texture": "#1"},
				"west": {"uv": [6.875, 6.5, 7.875, 6.75], "texture": "#1"},
				"up": {"uv": [2.875, 6.25, 2.125, 5.25], "texture": "#1"},
				"down": {"uv": [3.75, 5.25, 3, 6.25], "texture": "#1"}
			}
		},
		{
			"from": [5.01, 7.23865, 8.75354],
			"to": [10.99, 13.21865, 10.73354],
			"rotation": {"angle": -45, "axis": "z", "origin": [8, 10.22865, 9.24354]},
			"faces": {
				"north": {"uv": [5.125, 6, 5.875, 6.75], "texture": "#1"},
				"east": {"uv": [7.375, 7.25, 7.625, 8], "texture": "#1"},
				"south": {"uv": [6, 6, 6.75, 6.75], "texture": "#1"},
				"west": {"uv": [3.375, 7.5, 3.625, 8.25], "texture": "#1"},
				"up": {"uv": [8.125, 1.25, 7.375, 1], "texture": "#1"},
				"down": {"uv": [8.25, 0, 7.5, 0.25], "texture": "#1"}
			}
		},
		{
			"from": [3.85281, 2.33387, 8.73354],
			"to": [11.87281, 9.35387, 10.75354],
			"rotation": {"angle": -22.5, "axis": "z", "origin": [6.36281, 11.34387, -0.25646]},
			"faces": {
				"north": {"uv": [4.75, 0, 5.75, 0.875], "texture": "#1"},
				"east": {"uv": [3, 7.125, 3.25, 8], "texture": "#1"},
				"south": {"uv": [3.875, 5, 4.875, 5.875], "texture": "#1"},
				"west": {"uv": [1.125, 7.25, 1.375, 8.125], "texture": "#1"},
				"up": {"uv": [7.625, 7.125, 6.625, 6.875], "texture": "#1"},
				"down": {"uv": [8, 5, 7, 5.25], "texture": "#1"}
			}
		},
		{
			"from": [4.12719, 2.33387, 8.73354],
			"to": [12.14719, 9.35387, 10.75354],
			"rotation": {"angle": 22.5, "axis": "z", "origin": [9.63719, 11.34387, -0.25646]},
			"faces": {
				"north": {"uv": [5.75, 0, 4.75, 0.875], "texture": "#1"},
				"east": {"uv": [1.375, 7.25, 1.125, 8.125], "texture": "#1"},
				"south": {"uv": [4.875, 5, 3.875, 5.875], "texture": "#1"},
				"west": {"uv": [3.25, 7.125, 3, 8], "texture": "#1"},
				"up": {"uv": [7.625, 6.875, 6.625, 7.125], "texture": "#1"},
				"down": {"uv": [8, 5, 7, 5.25], "texture": "#1"}
			}
		},
		{
			"from": [3.99, 2.37851, 10.83354],
			"to": [12.01, 9.39851, 10.85354],
			"rotation": {"angle": 0, "axis": "y", "origin": [8, 5.68851, 9.74354]},
			"faces": {
				"north": {"uv": [5, 5, 6, 5.875], "texture": "#1"},
				"east": {"uv": [3, 7.125, 3.25, 8], "texture": "#1"},
				"south": {"uv": [5, 5, 6, 5.875], "texture": "#1"},
				"west": {"uv": [1.125, 7.25, 1.375, 8.125], "texture": "#1"},
				"up": {"uv": [7.625, 7.125, 6.625, 6.875], "texture": "#1"},
				"down": {"uv": [8, 5, 7, 5.25], "texture": "#1"}
			}
		},
		{
			"from": [3.89582, 1.35387, 7.75354],
			"to": [13.87582, 11.33387, 8.73354],
			"rotation": {"angle": 22.5, "axis": "z", "origin": [9.38582, 11.34387, -0.25646]},
			"faces": {
				"north": {"uv": [0, 1.75, 1.25, 3], "texture": "#1"},
				"east": {"uv": [0.875, 7.625, 1, 8.875], "texture": "#1"},
				"south": {"uv": [1.375, 1.75, 2.625, 3], "texture": "#1"},
				"west": {"uv": [6.625, 7.625, 6.75, 8.875], "texture": "#1"},
				"up": {"uv": [8.75, 0.5, 7.5, 0.375], "texture": "#1"},
				"down": {"uv": [9, 6.875, 7.75, 7], "texture": "#1"}
			}
		},
		{
			"from": [13.73416, 5.11193, -0.24646],
			"to": [15.71416, 13.09193, 7.73354],
			"rotation": {"angle": 22.5, "axis": "z", "origin": [14.72416, 7.60193, 0.74354]},
			"faces": {
				"north": {"uv": [0.875, 4.5, 1.125, 5.5], "texture": "#1"},
				"east": {"uv": [4.125, 1.125, 5.125, 2.125], "texture": "#1"},
				"south": {"uv": [3.375, 6.375, 3.625, 7.375], "texture": "#1"},
				"west": {"uv": [2.75, 4.125, 3.75, 5.125], "texture": "#1"},
				"up": {"uv": [1.875, 8.125, 1.625, 7.125], "texture": "#1"},
				"down": {"uv": [2.25, 7.125, 2, 8.125], "texture": "#1"}
			}
		},
		{
			"from": [0.28584, 5.11193, -0.24646],
			"to": [2.26584, 13.09193, 7.73354],
			"rotation": {"angle": -22.5, "axis": "z", "origin": [1.27584, 7.60193, 0.74354]},
			"faces": {
				"north": {"uv": [1.125, 4.5, 0.875, 5.5], "texture": "#1"},
				"east": {"uv": [3.75, 4.125, 2.75, 5.125], "texture": "#1"},
				"south": {"uv": [3.625, 6.375, 3.375, 7.375], "texture": "#1"},
				"west": {"uv": [5.125, 1.125, 4.125, 2.125], "texture": "#1"},
				"up": {"uv": [1.625, 8.125, 1.875, 7.125], "texture": "#1"},
				"down": {"uv": [2, 7.125, 2.25, 8.125], "texture": "#1"}
			}
		},
		{
			"from": [5.48848, 2.2594, -0.25646],
			"to": [16.48848, 4.2594, 7.74354],
			"rotation": {"angle": 22.5, "axis": "z", "origin": [12.98848, 5.2594, 0.74354]},
			"faces": {
				"north": {"uv": [6.5, 2.125, 7.875, 2.375], "texture": "#1"},
				"east": {"uv": [7, 5.375, 8, 5.625], "texture": "#1"},
				"south": {"uv": [5.125, 6.875, 6.5, 7.125], "texture": "#1"},
				"west": {"uv": [0, 7.25, 1, 7.5], "texture": "#1"},
				"up": {"uv": [2.625, 4.125, 1.25, 3.125], "texture": "#1"},
				"down": {"uv": [4.625, 0, 3.25, 1], "texture": "#1"}
			}
		},
		{
			"from": [3.56879, 13.47519, -0.25646],
			"to": [9.56879, 15.47519, 7.74354],
			"rotation": {"angle": 22.5, "axis": "z", "origin": [9.06879, 11.47519, 0.74354]},
			"faces": {
				"north": {"uv": [0, 7.625, 0.75, 7.875], "texture": "#1"},
				"east": {"uv": [7.25, 1.375, 8.25, 1.625], "texture": "#1"},
				"south": {"uv": [3.75, 7.625, 4.5, 7.875], "texture": "#1"},
				"west": {"uv": [7.25, 1.75, 8.25, 2], "texture": "#1"},
				"up": {"uv": [6.25, 3.75, 5.5, 2.75], "texture": "#1"},
				"down": {"uv": [6.25, 3.875, 5.5, 4.875], "texture": "#1"}
			}
		},
		{
			"from": [5.15645, 11.26072, 0.7754],
			"to": [9.13645, 15.24072, 12.7554],
			"rotation": {"angle": -45, "axis": "z", "origin": [7.64645, 12.25072, 1.2654]},
			"faces": {
				"north": {"uv": [2.125, 4.25, 2.625, 4.75], "texture": "#1"},
				"east": {"uv": [0, 5.875, 1.5, 6.375], "texture": "#1"},
				"south": {"uv": [2.375, 7.125, 2.875, 7.625], "texture": "#1"},
				"west": {"uv": [5.875, 0, 7.375, 0.5], "texture": "#1"},
				"up": {"uv": [4.375, 7.5, 3.875, 6], "texture": "#1"},
				"down": {"uv": [5, 6, 4.5, 7.5], "texture": "#1"}
			}
		},
		{
			"from": [5.42929, 11.13356, -1.2346],
			"to": [9.42929, 15.13356, 2.7654],
			"rotation": {"angle": -45, "axis": "z", "origin": [7.92929, 12.53356, 3.0654]},
			"faces": {
				"north": {"uv": [2.125, 4.25, 2.625, 4.75], "texture": "#1"},
				"east": {"uv": [7.25, 2.5, 7.75, 3], "texture": "#1"},
				"south": {"uv": [2.375, 7.125, 2.875, 7.625], "texture": "#1"},
				"west": {"uv": [7.25, 3.125, 7.75, 3.625], "texture": "#1"},
				"up": {"uv": [7.75, 4.25, 7.25, 3.75], "texture": "#1"},
				"down": {"uv": [7.75, 4.375, 7.25, 4.875], "texture": "#1"}
			}
		},
		{
			"from": [4.44626, 8.06387, 7.74354],
			"to": [10.44626, 13.06387, 8.74354],
			"rotation": {"angle": 22.5, "axis": "z", "origin": [3.44626, 8.06387, 7.24354]},
			"faces": {
				"north": {"uv": [2.5, 6.375, 3.25, 7], "texture": "#1"},
				"east": {"uv": [7.75, 7.875, 7.875, 8.5], "texture": "#1"},
				"south": {"uv": [6.375, 2.75, 7.125, 3.375], "texture": "#1"},
				"west": {"uv": [0, 8, 0.125, 8.625], "texture": "#1"},
				"up": {"uv": [8.625, 2.625, 7.875, 2.5], "texture": "#1"},
				"down": {"uv": [8.625, 2.75, 7.875, 2.875], "texture": "#1"}
			}
		},
		{
			"from": [2.12418, 1.35387, 7.75354],
			"to": [12.10418, 11.33387, 8.73354],
			"rotation": {"angle": -22.5, "axis": "z", "origin": [6.61418, 11.34387, -0.25646]},
			"faces": {
				"north": {"uv": [1.875, 0, 3.125, 1.25], "texture": "#1"},
				"east": {"uv": [6.875, 7.625, 7, 8.875], "texture": "#1"},
				"south": {"uv": [2.75, 1.375, 4, 2.625], "texture": "#1"},
				"west": {"uv": [7.125, 7.625, 7.25, 8.875], "texture": "#1"},
				"up": {"uv": [9, 7.25, 7.75, 7.125], "texture": "#1"},
				"down": {"uv": [9, 7.375, 7.75, 7.5], "texture": "#1"}
			}
		},
		{
			"from": [-0.29864, 8.92819, 1.75354],
			"to": [5.68136, 13.90819, 6.73354],
			"rotation": {"angle": -22.5, "axis": "z", "origin": [1.69136, 11.21819, 3.74354]},
			"faces": {
				"north": {"uv": [6.375, 3.5, 7.125, 4.125], "texture": "#1"},
				"east": {"uv": [0.875, 6.5, 1.5, 7.125], "texture": "#1"},
				"south": {"uv": [6.375, 4.25, 7.125, 4.875], "texture": "#1"},
				"west": {"uv": [6.5, 1.375, 7.125, 2], "texture": "#1"},
				"up": {"uv": [0.75, 7.125, 0, 6.5], "texture": "#1"},
				"down": {"uv": [7.25, 0.625, 6.5, 1.25], "texture": "#1"}
			}
		},
		{
			"from": [1.20177, 12.33028, 2.75354],
			"to": [4.18177, 16.31028, 5.73354],
			"rotation": {"angle": 45, "axis": "z", "origin": [2.69177, 11.02028, 3.74354]},
			"faces": {
				"north": {"uv": [1.625, 5.625, 2, 6.125], "texture": "#1"},
				"east": {"uv": [4.625, 7.625, 5, 8.125], "texture": "#1"},
				"south": {"uv": [5.125, 7.625, 5.5, 8.125], "texture": "#1"},
				"west": {"uv": [5.625, 7.625, 6, 8.125], "texture": "#1"},
				"up": {"uv": [2.75, 8.125, 2.375, 7.75], "texture": "#1"},
				"down": {"uv": [0.875, 6.5, 1.5, 7.125], "texture": "#1"}
			}
		},
		{
			"from": [11.81823, 12.33028, 2.75354],
			"to": [14.79823, 16.31028, 5.73354],
			"rotation": {"angle": -45, "axis": "z", "origin": [13.30823, 11.02028, 3.74354]},
			"faces": {
				"north": {"uv": [2, 5.625, 1.625, 6.125], "texture": "#1"},
				"east": {"uv": [6, 7.625, 5.625, 8.125], "texture": "#1"},
				"south": {"uv": [5.5, 7.625, 5.125, 8.125], "texture": "#1"},
				"west": {"uv": [5, 7.625, 4.625, 8.125], "texture": "#1"},
				"up": {"uv": [2.75, 7.75, 2.375, 8.125], "texture": "#1"},
				"down": {"uv": [1.5, 6.5, 0.875, 7.125], "texture": "#1"}
			}
		},
		{
			"from": [10.31864, 8.92819, 1.75354],
			"to": [16.29864, 13.90819, 6.73354],
			"rotation": {"angle": 22.5, "axis": "z", "origin": [14.30864, 11.21819, 3.74354]},
			"faces": {
				"north": {"uv": [7.125, 3.5, 6.375, 4.125], "texture": "#1"},
				"east": {"uv": [7.125, 1.375, 6.5, 2], "texture": "#1"},
				"south": {"uv": [7.125, 4.25, 6.375, 4.875], "texture": "#1"},
				"west": {"uv": [1.5, 6.5, 0.875, 7.125], "texture": "#1"},
				"up": {"uv": [0.75, 6.5, 0, 7.125], "texture": "#1"},
				"down": {"uv": [7.25, 0.625, 6.5, 1.25], "texture": "#1"}
			}
		},
		{
			"from": [-0.48848, 2.2594, -0.25646],
			"to": [10.51152, 4.2594, 7.74354],
			"rotation": {"angle": -22.5, "axis": "z", "origin": [3.01152, 5.2594, 0.74354]},
			"faces": {
				"north": {"uv": [6.875, 5.75, 8.25, 6], "texture": "#1"},
				"east": {"uv": [5.125, 7.25, 6.125, 7.5], "texture": "#1"},
				"south": {"uv": [6.875, 6.125, 8.25, 6.375], "texture": "#1"},
				"west": {"uv": [6.25, 7.25, 7.25, 7.5], "texture": "#1"},
				"up": {"uv": [5.375, 3.75, 4, 2.75], "texture": "#1"},
				"down": {"uv": [5.375, 3.875, 4, 4.875], "texture": "#1"}
			}
		},
		{
			"from": [5.10468, 5.01674, 1.24354],
			"to": [6.10468, 6.01674, 1.24354],
			"rotation": {"angle": 0, "axis": "y", "origin": [5.60468, 6.11674, 1.24354]},
			"faces": {
				"north": {"uv": [2.125, 4.875, 2.25, 5], "texture": "#1"},
				"east": {"uv": [3.875, 4.125, 3.875, 4.25], "texture": "#1"},
				"south": {"uv": [2.25, 4.875, 2.125, 5], "texture": "#1"},
				"west": {"uv": [3.875, 4.375, 3.875, 4.5], "texture": "#1"},
				"up": {"uv": [4.25, 2.625, 4.125, 2.625], "texture": "#1"},
				"down": {"uv": [4.5, 2.625, 4.375, 2.625], "texture": "#1"}
			}
		},
		{
			"from": [3.7, 3.7594, 1.34354],
			"to": [6.7, 7.7594, 1.34354],
			"rotation": {"angle": 0, "axis": "y", "origin": [4.6, 6.7594, 1.34354]},
			"faces": {
				"north": {"uv": [6.125, 7.625, 6.5, 8.125], "texture": "#1"},
				"east": {"uv": [3.875, 4.125, 3.875, 4.25], "texture": "#1"},
				"south": {"uv": [6.5, 7.625, 6.125, 8.125], "texture": "#1"},
				"west": {"uv": [3.875, 4.375, 3.875, 4.5], "texture": "#1"},
				"up": {"uv": [4.25, 2.625, 4.125, 2.625], "texture": "#1"},
				"down": {"uv": [4.5, 2.625, 4.375, 2.625], "texture": "#1"}
			}
		},
		{
			"from": [9.89532, 5.01674, 1.24354],
			"to": [10.89532, 6.01674, 1.24354],
			"rotation": {"angle": 0, "axis": "y", "origin": [10.39532, 6.11674, 1.24354]},
			"faces": {
				"north": {"uv": [2.25, 4.875, 2.125, 5], "texture": "#1"},
				"east": {"uv": [3.875, 4.375, 3.875, 4.5], "texture": "#1"},
				"south": {"uv": [2.125, 4.875, 2.25, 5], "texture": "#1"},
				"west": {"uv": [3.875, 4.125, 3.875, 4.25], "texture": "#1"},
				"up": {"uv": [4.125, 2.625, 4.25, 2.625], "texture": "#1"},
				"down": {"uv": [4.375, 2.625, 4.5, 2.625], "texture": "#1"}
			}
		},
		{
			"from": [9.3, 3.7594, 1.34354],
			"to": [12.3, 7.7594, 1.34354],
			"rotation": {"angle": 0, "axis": "y", "origin": [11.4, 6.7594, 1.34354]},
			"faces": {
				"north": {"uv": [6.125, 7.625, 6.5, 8.125], "texture": "#1"},
				"east": {"uv": [3.875, 4.375, 3.875, 4.5], "texture": "#1"},
				"south": {"uv": [6.125, 7.625, 6.5, 8.125], "texture": "#1"},
				"west": {"uv": [3.875, 4.125, 3.875, 4.25], "texture": "#1"},
				"up": {"uv": [4.125, 2.625, 4.25, 2.625], "texture": "#1"},
				"down": {"uv": [4.375, 2.625, 4.5, 2.625], "texture": "#1"}
			}
		},
		{
			"from": [3.64283, 2.2594, 1.74354],
			"to": [12.64283, 12.2594, 7.74354],
			"rotation": {"angle": 0, "axis": "y", "origin": [3.14283, 5.2594, 0.74354]},
			"faces": {
				"north": {"uv": [2.75, 2.75, 3.875, 4], "texture": "#1"},
				"east": {"uv": [1.25, 4.25, 2, 5.5], "texture": "#1"},
				"south": {"uv": [0, 3.125, 1.125, 4.375], "texture": "#1"},
				"west": {"uv": [0, 4.5, 0.75, 5.75], "texture": "#1"},
				"up": {"uv": [6.375, 1.75, 5.25, 1], "texture": "#1"},
				"down": {"uv": [6.375, 1.875, 5.25, 2.625], "texture": "#1"}
			}
		},
		{
			"from": [1, 1.2594, 1.44354],
			"to": [15, 14.2594, 1.44354],
			"rotation": {"angle": 0, "axis": "y", "origin": [3.5, 5.2594, 0.74354]},
			"faces": {
				"north": {"uv": [0, 0, 1.75, 1.625], "texture": "#1"},
				"east": {"uv": [1.5, 7.25, 1.5, 8.875], "texture": "#1"},
				"south": {"uv": [1.75, 0, 0, 1.625], "texture": "#1"},
				"west": {"uv": [2.875, 7.75, 2.875, 9.375], "texture": "#1"},
				"up": {"uv": [9.625, 4.5, 7.875, 4.5], "texture": "#1"},
				"down": {"uv": [9.625, 4.625, 7.875, 4.625], "texture": "#1"}
			}
		}
	],
	"gui_light": "front",
	"display": {
		"gui": {
			"rotation": [-176, 17, -180],
			"translation": [1, 0, 0],
			"scale": [0.7, 0.7, 0.7]
		}
	},
	"groups": [
		{
			"name": "head",
			"origin": [8.00493, 3.30363, 5.91332],
			"color": 0,
			"children": [
				0,
				1,
				2,
				3,
				4,
				5,
				6,
				7,
				8,
				9,
				10,
				11,
				{
					"name": "gem",
					"origin": [7.64645, 12.47772, 0.8199],
					"rotation": [27, 0, 0],
					"color": 0,
					"children": [12]
				},
				13,
				14,
				15,
				16,
				17,
				18,
				19,
				20,
				21,
				22,
				23,
				24,
				25
			]
		}
	]
}