{"textures":{"0":"modelengine:entity/nocsy_chibi_dark_water_mage","particle":"#0"},"elements":[{"from":[3.5,5.5,4.0],"to":[12.5,10.5,12.0],"faces":{"east":{"uv":[8.5,4.5,9.0,5.0],"tintindex":0,"rotation":0,"texture":"#0"},"south":{"uv":[8.625,5.125,9.125,5.625],"tintindex":0,"rotation":0,"texture":"#0"},"north":{"uv":[8.5,3.875,9.0,4.375],"tintindex":0,"rotation":0,"texture":"#0"},"west":{"uv":[5.875,8.625,6.375,9.125],"tintindex":0,"rotation":0,"texture":"#0"},"up":{"uv":[7.0,9.125,6.5,8.625],"tintindex":0,"rotation":0,"texture":"#0"},"down":{"uv":[7.625,8.625,7.125,9.125],"tintindex":0,"rotation":0,"texture":"#0"}}}],"display":{"gui":{"rotation":[-150.0,-45.0,180.0]}}}