{"textures":{"0":"modelengine:entity/nocsy_chibi_dark_water_mage","particle":"#0"},"elements":[{"from":[6.426281,18.171558,1.8302164],"to":[12.426281,20.171558,9.830216],"faces":{"east":{"uv":[8.375,7.75,9.375,8.0],"tintindex":0,"rotation":0,"texture":"#0"},"south":{"uv":[9.125,0.375,9.875,0.625],"tintindex":0,"rotation":0,"texture":"#0"},"north":{"uv":[9.125,0.0,9.875,0.25],"tintindex":0,"rotation":0,"texture":"#0"},"west":{"uv":[7.75,8.625,8.75,8.875],"tintindex":0,"rotation":0,"texture":"#0"},"up":{"uv":[5.25,8.125,4.5,7.125],"tintindex":0,"rotation":0,"texture":"#0"},"down":{"uv":[0.75,7.625,0.0,8.625],"tintindex":0,"rotation":0,"texture":"#0"}},"rotation":{"origin":[6.926281,16.171558,2.8302164],"angle":-22.5,"axis":"z"}},{"from":[3.5950747,10.355768,3.3302164],"to":[6.5950747,14.355768,3.3302164],"faces":{"south":{"uv":[6.375,9.25,6.75,9.75],"tintindex":0,"rotation":0,"texture":"#0"},"north":{"uv":[5.875,9.25,6.25,9.75],"tintindex":0,"rotation":0,"texture":"#0"}}},{"from":[2.1192553,6.0502415,9.840217],"to":[12.099255,16.030241,10.820216],"faces":{"east":{"uv":[7.375,9.25,7.5,10.5],"tintindex":0,"rotation":0,"texture":"#0"},"south":{"uv":[5.375,1.5,6.625,2.75],"tintindex":0,"rotation":0,"texture":"#0"},"north":{"uv":[0.0,5.125,1.25,6.375],"tintindex":0,"rotation":0,"texture":"#0"},"west":{"uv":[1.5,9.375,1.625,10.625],"tintindex":0,"rotation":0,"texture":"#0"},"up":{"uv":[10.625,7.125,9.375,7.0],"tintindex":0,"rotation":0,"texture":"#0"},"down":{"uv":[10.625,7.25,9.375,7.375],"tintindex":0,"rotation":0,"texture":"#0"}},"rotation":{"origin":[6.6092553,16.040241,1.8302164],"angle":-22.5,"axis":"z"}},{"from":[4.441335,12.760237,9.830216],"to":[10.441336,17.760237,10.830216],"faces":{"east":{"uv":[1.0,9.625,1.125,10.25],"tintindex":0,"rotation":0,"texture":"#0"},"south":{"uv":[5.0,8.25,5.75,8.875],"tintindex":0,"rotation":0,"texture":"#0"},"north":{"uv":[4.125,8.25,4.875,8.875],"tintindex":0,"rotation":0,"texture":"#0"},"west":{"uv":[1.25,9.625,1.375,10.25],"tintindex":0,"rotation":0,"texture":"#0"},"up":{"uv":[10.25,7.875,9.5,7.75],"tintindex":0,"rotation":0,"texture":"#0"},"down":{"uv":[9.625,9.5,8.875,9.625],"tintindex":0,"rotation":0,"texture":"#0"}},"rotation":{"origin":[3.4413352,12.760237,9.330216],"angle":22.5,"axis":"z"}},{"from":[5.4835577,6.9557686,1.8302164],"to":[16.483557,8.955769,9.830216],"faces":{"east":{"uv":[8.875,8.5,9.875,8.75],"tintindex":0,"rotation":0,"texture":"#0"},"south":{"uv":[7.375,8.25,8.75,8.5],"tintindex":0,"rotation":0,"texture":"#0"},"north":{"uv":[5.875,8.25,7.25,8.5],"tintindex":0,"rotation":0,"texture":"#0"},"west":{"uv":[8.875,8.875,9.875,9.125],"tintindex":0,"rotation":0,"texture":"#0"},"up":{"uv":[7.25,5.25,5.875,4.25],"tintindex":0,"rotation":0,"texture":"#0"},"down":{"uv":[7.25,5.375,5.875,6.375],"tintindex":0,"rotation":0,"texture":"#0"}},"rotation":{"origin":[12.983558,9.955769,2.8302164],"angle":22.5,"axis":"z"}},{"from":[5.005075,11.93502,10.840217],"to":[10.985075,17.91502,12.820216],"faces":{"east":{"uv":[8.5,9.0,8.75,9.75],"tintindex":0,"rotation":0,"texture":"#0"},"south":{"uv":[2.375,8.125,3.125,8.875],"tintindex":0,"rotation":0,"texture":"#0"},"north":{"uv":[1.5,8.125,2.25,8.875],"tintindex":0,"rotation":0,"texture":"#0"},"west":{"uv":[9.125,3.625,9.375,4.375],"tintindex":0,"rotation":0,"texture":"#0"},"up":{"uv":[9.875,4.75,9.125,4.5],"tintindex":0,"rotation":0,"texture":"#0"},"down":{"uv":[10.0,4.875,9.25,5.125],"tintindex":0,"rotation":0,"texture":"#0"}},"rotation":{"origin":[7.9950747,14.92502,11.330216],"angle":-45.0,"axis":"z"}},{"from":[9.395075,10.355768,3.3302164],"to":[12.395075,14.355768,3.3302164],"faces":{"south":{"uv":[5.875,9.25,6.25,9.75],"tintindex":0,"rotation":0,"texture":"#0"},"north":{"uv":[6.375,9.25,6.75,9.75],"tintindex":0,"rotation":0,"texture":"#0"}}},{"from":[-0.4934082,6.9557686,1.8302164],"to":[10.506592,8.955769,9.830216],"faces":{"east":{"uv":[9.0,2.875,10.0,3.125],"tintindex":0,"rotation":0,"texture":"#0"},"south":{"uv":[8.375,6.375,9.75,6.625],"tintindex":0,"rotation":0,"texture":"#0"},"north":{"uv":[8.375,6.0,9.75,6.25],"tintindex":0,"rotation":0,"texture":"#0"},"west":{"uv":[9.0,3.25,10.0,3.5],"tintindex":0,"rotation":0,"texture":"#0"},"up":{"uv":[2.75,7.0,1.375,6.0],"tintindex":0,"rotation":0,"texture":"#0"},"down":{"uv":[4.25,6.0,2.875,7.0],"tintindex":0,"rotation":0,"texture":"#0"}},"rotation":{"origin":[3.0065918,9.955769,2.8302164],"angle":-22.5,"axis":"z"}},{"from":[3.9850748,7.0748787,12.920216],"to":[12.005075,14.094879,12.940216],"faces":{"east":{"uv":[1.5,3.5,1.75,4.375],"tintindex":0,"rotation":0,"texture":"#0"},"south":{"uv":[2.25,7.125,3.25,8.0],"tintindex":0,"rotation":0,"texture":"#0"},"north":{"uv":[2.25,7.125,3.25,8.0],"tintindex":0,"rotation":0,"texture":"#0"},"west":{"uv":[5.5,9.0,5.75,9.875],"tintindex":0,"rotation":0,"texture":"#0"},"up":{"uv":[9.875,1.0,8.875,0.75],"tintindex":0,"rotation":0,"texture":"#0"},"down":{"uv":[9.875,1.125,8.875,1.375],"tintindex":0,"rotation":0,"texture":"#0"}}},{"from":[13.729231,9.808296,1.8402164],"to":[15.70923,17.788296,9.820216],"faces":{"east":{"uv":[4.375,6.0,5.375,7.0],"tintindex":0,"rotation":0,"texture":"#0"},"south":{"uv":[0.375,8.75,0.625,9.75],"tintindex":0,"rotation":0,"texture":"#0"},"north":{"uv":[0.0,8.75,0.25,9.75],"tintindex":0,"rotation":0,"texture":"#0"},"west":{"uv":[0.0,6.5,1.0,7.5],"tintindex":0,"rotation":0,"texture":"#0"},"up":{"uv":[3.5,9.875,3.25,8.875],"tintindex":0,"rotation":0,"texture":"#0"},"down":{"uv":[3.875,8.875,3.625,9.875],"tintindex":0,"rotation":0,"texture":"#0"}},"rotation":{"origin":[14.719231,12.298296,2.8302164],"angle":22.5,"axis":"z"}},{"from":[5.1415215,15.94709,3.8520775],"to":[9.141521,19.94709,14.8520775],"faces":{"east":{"uv":[5.375,7.625,6.75,8.125],"tintindex":0,"rotation":0,"texture":"#0"},"south":{"uv":[2.625,9.0,3.125,9.5],"tintindex":0,"rotation":0,"texture":"#0"},"north":{"uv":[9.0,2.25,9.5,2.75],"tintindex":0,"rotation":0,"texture":"#0"},"west":{"uv":[6.875,7.625,8.25,8.125],"tintindex":0,"rotation":0,"texture":"#0"},"up":{"uv":[8.25,7.375,7.75,6.0],"tintindex":0,"rotation":0,"texture":"#0"},"down":{"uv":[1.375,8.125,0.875,9.5],"tintindex":0,"rotation":0,"texture":"#0"}},"rotation":{"origin":[7.6415215,16.94709,3.3520775],"angle":-45.0,"axis":"z"}},{"from":[0.99507475,5.9557686,3.5302162],"to":[14.995075,18.955769,3.5302162],"faces":{"south":{"uv":[0.0,1.75,1.75,3.375],"tintindex":0,"rotation":0,"texture":"#0"},"north":{"uv":[0.0,0.0,1.75,1.625],"tintindex":0,"rotation":0,"texture":"#0"}}},{"from":[5.5488143,12.760237,9.830216],"to":[11.548815,17.760237,10.830216],"faces":{"east":{"uv":[2.25,9.375,2.375,10.0],"tintindex":0,"rotation":0,"texture":"#0"},"south":{"uv":[8.25,0.0,9.0,0.625],"tintindex":0,"rotation":0,"texture":"#0"},"north":{"uv":[3.25,8.125,4.0,8.75],"tintindex":0,"rotation":0,"texture":"#0"},"west":{"uv":[0.75,9.625,0.875,10.25],"tintindex":0,"rotation":0,"texture":"#0"},"up":{"uv":[10.125,7.625,9.375,7.5],"tintindex":0,"rotation":0,"texture":"#0"},"down":{"uv":[10.25,4.125,9.5,4.25],"tintindex":0,"rotation":0,"texture":"#0"}},"rotation":{"origin":[12.548815,12.760237,9.330216],"angle":-22.5,"axis":"z"}},{"from":[3.5638685,18.171558,1.8302164],"to":[9.5638685,20.171558,9.830216],"faces":{"east":{"uv":[1.5,9.0,2.5,9.25],"tintindex":0,"rotation":0,"texture":"#0"},"south":{"uv":[9.25,5.625,10.0,5.875],"tintindex":0,"rotation":0,"texture":"#0"},"north":{"uv":[9.25,5.25,10.0,5.5],"tintindex":0,"rotation":0,"texture":"#0"},"west":{"uv":[9.0,1.875,10.0,2.125],"tintindex":0,"rotation":0,"texture":"#0"},"up":{"uv":[8.375,2.875,7.625,1.875],"tintindex":0,"rotation":0,"texture":"#0"},"down":{"uv":[8.375,3.0,7.625,4.0],"tintindex":0,"rotation":0,"texture":"#0"}},"rotation":{"origin":[9.0638685,16.171558,2.8302164],"angle":22.5,"axis":"z"}},{"from":[0.28091836,9.808296,1.8402164],"to":[2.2609184,17.788296,9.820216],"faces":{"east":{"uv":[5.5,6.5,6.5,7.5],"tintindex":0,"rotation":0,"texture":"#0"},"south":{"uv":[4.375,9.0,4.625,10.0],"tintindex":0,"rotation":0,"texture":"#0"},"north":{"uv":[4.0,9.0,4.25,10.0],"tintindex":0,"rotation":0,"texture":"#0"},"west":{"uv":[6.625,6.5,7.625,7.5],"tintindex":0,"rotation":0,"texture":"#0"},"up":{"uv":[5.0,10.0,4.75,9.0],"tintindex":0,"rotation":0,"texture":"#0"},"down":{"uv":[5.375,9.0,5.125,10.0],"tintindex":0,"rotation":0,"texture":"#0"}},"rotation":{"origin":[1.2709184,12.298296,2.8302164],"angle":-22.5,"axis":"z"}},{"from":[3.8908942,6.0502415,9.840217],"to":[13.8708935,16.030241,10.820216],"faces":{"east":{"uv":[6.875,9.25,7.0,10.5],"tintindex":0,"rotation":0,"texture":"#0"},"south":{"uv":[4.5,4.625,5.75,5.875],"tintindex":0,"rotation":0,"texture":"#0"},"north":{"uv":[3.125,4.625,4.375,5.875],"tintindex":0,"rotation":0,"texture":"#0"},"west":{"uv":[7.125,9.25,7.25,10.5],"tintindex":0,"rotation":0,"texture":"#0"},"up":{"uv":[10.125,9.375,8.875,9.25],"tintindex":0,"rotation":0,"texture":"#0"},"down":{"uv":[10.625,6.75,9.375,6.875],"tintindex":0,"rotation":0,"texture":"#0"}},"rotation":{"origin":[9.380894,16.040241,1.8302164],"angle":22.5,"axis":"z"}},{"from":[3.637908,6.9557686,3.8302164],"to":[12.637908,16.955769,9.830216],"faces":{"east":{"uv":[6.75,1.375,7.5,2.625],"tintindex":0,"rotation":0,"texture":"#0"},"south":{"uv":[5.875,0.0,7.0,1.25],"tintindex":0,"rotation":0,"texture":"#0"},"north":{"uv":[5.5,2.875,6.625,4.125],"tintindex":0,"rotation":0,"texture":"#0"},"west":{"uv":[6.75,2.75,7.5,4.0],"tintindex":0,"rotation":0,"texture":"#0"},"up":{"uv":[8.5,5.875,7.375,5.125],"tintindex":0,"rotation":0,"texture":"#0"},"down":{"uv":[8.75,1.0,7.625,1.75],"tintindex":0,"rotation":0,"texture":"#0"}}},{"from":[3.8478882,7.030241,10.820216],"to":[11.867888,14.050241,12.840217],"faces":{"east":{"uv":[1.5,3.5,1.75,4.375],"tintindex":0,"rotation":0,"texture":"#0"},"south":{"uv":[1.125,7.125,2.125,8.0],"tintindex":0,"rotation":0,"texture":"#0"},"north":{"uv":[7.125,0.0,8.125,0.875],"tintindex":0,"rotation":0,"texture":"#0"},"west":{"uv":[5.5,9.0,5.75,9.875],"tintindex":0,"rotation":0,"texture":"#0"},"up":{"uv":[9.875,1.0,8.875,0.75],"tintindex":0,"rotation":0,"texture":"#0"},"down":{"uv":[9.875,1.125,8.875,1.375],"tintindex":0,"rotation":0,"texture":"#0"}},"rotation":{"origin":[6.357888,16.040241,1.8302164],"angle":-22.5,"axis":"z"}},{"from":[4.1322613,7.0402412,10.830216],"to":[12.132261,14.040241,12.830216],"faces":{"east":{"uv":[7.75,9.0,8.0,9.875],"tintindex":0,"rotation":0,"texture":"#0"},"south":{"uv":[7.375,4.125,8.375,5.0],"tintindex":0,"rotation":0,"texture":"#0"},"north":{"uv":[3.375,7.125,4.375,8.0],"tintindex":0,"rotation":0,"texture":"#0"},"west":{"uv":[8.125,9.0,8.375,9.875],"tintindex":0,"rotation":0,"texture":"#0"},"up":{"uv":[9.875,1.75,8.875,1.5],"tintindex":0,"rotation":0,"texture":"#0"},"down":{"uv":[9.875,8.125,8.875,8.375],"tintindex":0,"rotation":0,"texture":"#0"}},"rotation":{"origin":[9.632261,16.040241,1.8302164],"angle":22.5,"axis":"z"}}],"display":{"gui":{"rotation":[-150.0,-45.0,180.0]}}}