{"textures":{"0":"modelengine:entity/nocsy_chibi_dark_water_mage","particle":"#0"},"elements":[{"from":[7.0414753,6.4783344,5.449335],"to":[18.041475,6.4783344,17.449335],"faces":{"up":{"uv":[1.375,5.0,0.0,3.5],"tintindex":0,"rotation":0,"texture":"#0"},"down":{"uv":[5.25,1.5,3.875,3.0],"tintindex":0,"rotation":0,"texture":"#0"}},"rotation":{"origin":[9.961004,7.9783344,9.284769],"angle":-45.0,"axis":"z"}},{"from":[6.782332,6.2176666,6.1225643],"to":[9.782331,9.217667,13.122564],"faces":{"east":{"uv":[8.375,6.75,9.25,7.125],"tintindex":0,"rotation":0,"texture":"#0"},"south":{"uv":[9.5,3.625,9.875,4.0],"tintindex":0,"rotation":0,"texture":"#0"},"north":{"uv":[1.75,9.375,2.125,9.75],"tintindex":0,"rotation":0,"texture":"#0"},"west":{"uv":[8.375,7.25,9.25,7.625],"tintindex":0,"rotation":0,"texture":"#0"},"up":{"uv":[8.875,2.75,8.5,1.875],"tintindex":0,"rotation":0,"texture":"#0"},"down":{"uv":[8.875,2.875,8.5,3.75],"tintindex":0,"rotation":0,"texture":"#0"}}}],"display":{"gui":{"rotation":[-150.0,-45.0,180.0]}}}