{"textures":{"0":"modelengine:entity/nocsy_chibi_dark_water_mage","particle":"#0"},"elements":[{"from":[6.3,6.2999997,6.3],"to":[9.7,9.7,9.7],"faces":{"east":{"uv":[1.375,11.75,1.875,12.25],"tintindex":0,"rotation":0,"texture":"#0"},"south":{"uv":[0.125,11.0,0.625,11.5],"tintindex":0,"rotation":0,"texture":"#0"},"north":{"uv":[0.0,11.75,0.5,12.25],"tintindex":0,"rotation":0,"texture":"#0"},"west":{"uv":[0.75,11.875,1.25,12.375],"tintindex":0,"rotation":0,"texture":"#0"},"up":{"uv":[1.375,11.625,0.875,11.125],"tintindex":0,"rotation":0,"texture":"#0"},"down":{"uv":[2.0,11.125,1.5,11.625],"tintindex":0,"rotation":0,"texture":"#0"}}}],"display":{"gui":{"rotation":[-150.0,-45.0,180.0]}}}