{"textures":{"0":"modelengine:entity/mushroom_chibi","particle":"#0"},"elements":[{"from":[7.0,5.0,6.5],"to":[9.0,9.0,9.5],"faces":{"east":{"uv":[5.25,7.875,4.875,8.375],"tintindex":0,"rotation":0,"texture":"#0"},"south":{"uv":[1.25,8.125,1.0,8.625],"tintindex":0,"rotation":0,"texture":"#0"},"north":{"uv":[8.125,7.875,7.875,8.375],"tintindex":0,"rotation":0,"texture":"#0"},"west":{"uv":[4.75,7.875,4.375,8.375],"tintindex":0,"rotation":0,"texture":"#0"},"up":{"uv":[2.125,8.5,2.375,8.125],"tintindex":0,"rotation":0,"texture":"#0"},"down":{"uv":[2.5,8.125,2.75,8.5],"tintindex":0,"rotation":0,"texture":"#0"}}}],"display":{"head":{"rotation":[0.0,0.0,0.0]},"firstperson_righthand":{"rotation":[0.0,0.0,0.0]},"thirdperson_lefthand":{"rotation":[0.0,-0.0,-0.0]},"firstperson_lefthand":{"rotation":[0.0,-0.0,-0.0]},"fixed":{"rotation":[0.0,0.0,0.0]},"ground":{"rotation":[0.0,0.0,0.0]},"thirdperson_righthand":{"rotation":[0.0,0.0,0.0]},"gui":{"rotation":[-150.0,-45.0,180.0]}}}