{"textures":{"0":"modelengine:entity/mushroom_chibi","particle":"#0"},"elements":[{"from":[4.0,8.0,4.0],"to":[12.0,12.0,12.0],"faces":{"east":{"uv":[0.0,7.0,1.0,7.5],"tintindex":0,"rotation":0,"texture":"#0"},"south":{"uv":[7.0,2.875,8.0,3.375],"tintindex":0,"rotation":0,"texture":"#0"},"north":{"uv":[1.875,6.875,2.875,7.375],"tintindex":0,"rotation":0,"texture":"#0"},"west":{"uv":[7.0,3.5,8.0,4.0],"tintindex":0,"rotation":0,"texture":"#0"},"up":{"uv":[6.875,3.875,5.875,2.875],"tintindex":0,"rotation":0,"texture":"#0"},"down":{"uv":[6.875,4.0,5.875,5.0],"tintindex":0,"rotation":0,"texture":"#0"}}},{"from":[-3.0,12.0,-3.0],"to":[19.0,15.0,19.0],"faces":{"east":{"uv":[5.875,1.375,8.625,1.75],"tintindex":0,"rotation":0,"texture":"#0"},"south":{"uv":[5.875,1.875,8.625,2.25],"tintindex":0,"rotation":0,"texture":"#0"},"north":{"uv":[5.875,0.875,8.625,1.25],"tintindex":0,"rotation":0,"texture":"#0"},"west":{"uv":[5.875,2.375,8.625,2.75],"tintindex":0,"rotation":0,"texture":"#0"},"up":{"uv":[5.75,2.75,3.0,0.0],"tintindex":0,"rotation":0,"texture":"#0"},"down":{"uv":[5.75,2.875,3.0,5.625],"tintindex":0,"rotation":0,"texture":"#0"}}},{"from":[1.0,15.0,1.0],"to":[15.0,18.0,15.0],"faces":{"east":{"uv":[0.0,6.0,1.75,6.375],"tintindex":0,"rotation":0,"texture":"#0"},"south":{"uv":[0.0,6.5,1.75,6.875],"tintindex":0,"rotation":0,"texture":"#0"},"north":{"uv":[5.875,5.125,7.625,5.5],"tintindex":0,"rotation":0,"texture":"#0"},"west":{"uv":[6.75,5.625,8.5,6.0],"tintindex":0,"rotation":0,"texture":"#0"},"up":{"uv":[4.75,7.5,3.0,5.75],"tintindex":0,"rotation":0,"texture":"#0"},"down":{"uv":[6.625,5.75,4.875,7.5],"tintindex":0,"rotation":0,"texture":"#0"}}},{"from":[-2.0,8.0,8.0],"to":[18.0,14.0,8.0],"faces":{"south":{"uv":[8.375,0.0,5.875,0.75],"tintindex":0,"rotation":0,"texture":"#0"},"north":{"uv":[5.875,0.0,8.375,0.75],"tintindex":0,"rotation":0,"texture":"#0"}}},{"from":[19.25,12.225,19.25],"to":[-3.25,11.725,-3.25],"faces":{"east":{"uv":[2.875,7.625,5.75,7.75],"tintindex":0,"rotation":0,"texture":"#0"},"south":{"uv":[5.875,7.625,8.75,7.75],"tintindex":0,"rotation":0,"texture":"#0"},"north":{"uv":[7.0,4.75,9.875,4.875],"tintindex":0,"rotation":0,"texture":"#0"},"west":{"uv":[7.625,6.125,10.5,6.25],"tintindex":0,"rotation":0,"texture":"#0"},"up":{"uv":[2.875,2.875,0.0,0.0],"tintindex":0,"rotation":0,"texture":"#0"},"down":{"uv":[2.875,3.0,0.0,5.875],"tintindex":0,"rotation":0,"texture":"#0"}}},{"from":[2.5,8.5,3.975],"to":[13.5,10.5,3.975],"faces":{"south":{"uv":[9.0,6.375,7.625,6.625],"tintindex":0,"rotation":0,"texture":"#0"},"north":{"uv":[7.625,6.375,9.0,6.625],"tintindex":0,"rotation":0,"texture":"#0"}}}],"display":{"head":{"rotation":[0.0,0.0,0.0]},"firstperson_righthand":{"rotation":[0.0,0.0,0.0]},"thirdperson_lefthand":{"rotation":[0.0,-0.0,-0.0]},"firstperson_lefthand":{"rotation":[0.0,-0.0,-0.0]},"fixed":{"rotation":[0.0,0.0,0.0]},"ground":{"rotation":[0.0,0.0,0.0]},"thirdperson_righthand":{"rotation":[0.0,0.0,0.0]},"gui":{"rotation":[-150.0,-45.0,180.0]}}}