{"textures":{"0":"modelengine:entity/mushroom_chibi","particle":"#0"},"elements":[{"from":[6.5,3.0,6.5],"to":[9.5,7.0,9.5],"faces":{"east":{"uv":[8.125,5.0,7.75,5.5],"tintindex":0,"rotation":0,"texture":"#0"},"south":{"uv":[8.0,6.75,7.625,7.25],"tintindex":0,"rotation":0,"texture":"#0"},"north":{"uv":[0.375,7.625,0.0,8.125],"tintindex":0,"rotation":0,"texture":"#0"},"west":{"uv":[0.875,7.625,0.5,8.125],"tintindex":0,"rotation":0,"texture":"#0"},"up":{"uv":[1.125,7.375,1.5,7.0],"tintindex":0,"rotation":0,"texture":"#0"},"down":{"uv":[6.375,7.875,6.75,8.25],"tintindex":0,"rotation":0,"texture":"#0"}}}],"display":{"head":{"rotation":[0.0,0.0,0.0]},"firstperson_righthand":{"rotation":[0.0,0.0,0.0]},"thirdperson_lefthand":{"rotation":[0.0,-0.0,-0.0]},"firstperson_lefthand":{"rotation":[0.0,-0.0,-0.0]},"fixed":{"rotation":[0.0,0.0,0.0]},"ground":{"rotation":[0.0,0.0,0.0]},"thirdperson_righthand":{"rotation":[0.0,0.0,0.0]},"gui":{"rotation":[-150.0,-45.0,180.0]}}}