{"textures":{"0":"modelengine:entity/mushroom_chibi","particle":"#0"},"elements":[{"from":[5.0,8.0,5.0],"to":[11.0,12.0,11.0],"faces":{"east":{"uv":[6.75,7.0,7.5,7.5],"tintindex":0,"rotation":0,"texture":"#0"},"south":{"uv":[1.125,7.5,1.875,8.0],"tintindex":0,"rotation":0,"texture":"#0"},"north":{"uv":[7.0,4.125,7.75,4.625],"tintindex":0,"rotation":0,"texture":"#0"},"west":{"uv":[2.0,7.5,2.75,8.0],"tintindex":0,"rotation":0,"texture":"#0"},"up":{"uv":[2.625,6.75,1.875,6.0],"tintindex":0,"rotation":0,"texture":"#0"},"down":{"uv":[7.5,6.125,6.75,6.875],"tintindex":0,"rotation":0,"texture":"#0"}}}],"display":{"head":{"rotation":[0.0,0.0,0.0]},"firstperson_righthand":{"rotation":[0.0,0.0,0.0]},"thirdperson_lefthand":{"rotation":[0.0,-0.0,-0.0]},"firstperson_lefthand":{"rotation":[0.0,-0.0,-0.0]},"fixed":{"rotation":[0.0,0.0,0.0]},"ground":{"rotation":[0.0,0.0,0.0]},"thirdperson_righthand":{"rotation":[0.0,0.0,0.0]},"gui":{"rotation":[-150.0,-45.0,180.0]}}}