{"textures":{"0":"modelengine:entity/death_spirit_ball","particle":"#0"},"elements":[{"from":[10.5,10.5,10.5],"to":[5.5,5.5,5.5],"faces":{"east":{"uv":[0.0,3.0,2.5,5.5],"tintindex":0,"rotation":0,"texture":"#0"},"south":{"uv":[3.0,0.0,5.5,2.5],"tintindex":0,"rotation":0,"texture":"#0"},"north":{"uv":[0.0,0.0,2.5,2.5],"tintindex":0,"rotation":0,"texture":"#0"},"west":{"uv":[3.0,3.0,5.5,5.5],"tintindex":0,"rotation":0,"texture":"#0"},"up":{"uv":[2.5,8.5,0.0,6.0],"tintindex":0,"rotation":0,"texture":"#0"},"down":{"uv":[8.5,0.0,6.0,2.5],"tintindex":0,"rotation":0,"texture":"#0"}}},{"from":[6.0,6.0,6.0],"to":[10.0,10.0,10.0],"faces":{"east":{"uv":[7.5,6.0,5.5,8.0],"tintindex":0,"rotation":0,"texture":"#0"},"south":{"uv":[5.5,6.0,7.5,8.0],"tintindex":0,"rotation":0,"texture":"#0"},"north":{"uv":[10.0,5.5,8.0,7.5],"tintindex":0,"rotation":0,"texture":"#0"},"west":{"uv":[8.0,5.5,10.0,7.5],"tintindex":0,"rotation":0,"texture":"#0"},"up":{"uv":[10.0,10.0,8.0,8.0],"tintindex":0,"rotation":0,"texture":"#0"},"down":{"uv":[5.0,8.5,3.0,10.5],"tintindex":0,"rotation":0,"texture":"#0"}}}],"display":{"gui":{"rotation":[-150.0,-45.0,180.0]}}}