{
    "model": {
        "type": "range_dispatch",
        "property": "custom_model_data",
        "fallback": {
            "type": "model",
            "model": "item/blaze_rod"
        },
        "entries": [
            {
                "threshold": 85500,
                "model": {
                    "type": "model",
                    "model": "item/nocsy/corgi/toy_bone"
                }
            },
            {
                "threshold": 85501,
                "model": {
                    "type": "model",
                    "model": "item/nocsy/corgi/nocsy_corgi_icon"
                }
            },
            {
                "threshold": 75501,
                "model": {
                    "type": "model",
                    "model": "item/nocsy/ninja_owl/toffynocsy_owl_lv1_icon"
                }
            },
            {
                "threshold": 75502,
                "model": {
                    "type": "model",
                    "model": "item/nocsy/ninja_owl/toffynocsy_owl_lv2_icon"
                }
            }
        ]
    }
}