{
    "model": {
        "type": "range_dispatch",
        "property": "custom_model_data",
        "fallback": {
            "type": "model",
            "model": "minecraft:item/ink_sac"
        },
        "entries": [
            {
                "threshold": 16550,
                "model": {
                    "type": "model",
                    "model": "item/toffy/fluffy_ram/icon_fluffy_ram_ascendant"
                }
            },
            {
                "threshold": 16651,
                "model": {
                    "type": "model",
                    "model": "item/toffy/berserker_bird/icon_berserker_bird_ascendant"
                }
            },
            {
                "threshold": 16750,
                "model": {
                    "type": "model",
                    "model": "item/toffy/djinn_dragon_ascendant/icon_djinn_dragon_scendant"
                }
            },
            {
                "threshold": 16850,
                "model": {
                    "type": "model",
                    "model": "item/toffy/salamander_ascendant/salamander_ascendant_icon"
                }
            },
            {
                "threshold": 16950,
                "model": {
                    "type": "model",
                    "model": "item/toffy/pegasus_ascendant/toffy_pegasus_ascendant_icon"
                }
            },
            {
                "threshold": 17150,
                "model": {
                    "type": "model",
                    "model": "item/toffy/stegosaurus_ascendant/stegosaurus_ascendant_icon"
                }
            },
            {
                "threshold": 18250,
                "model": {
                    "type": "model",
                    "model": "item/toffy/tree_golem_ascendant/tree_golem_ascendant_icon"
                }
            },
            {
                "threshold": 19250,
                "model": {
                    "type": "model",
                    "model": "item/toffy/longear_rabbit_ascendant/longear_rabbit_ascendant_icon"
                }
            },
            {
                "threshold": 20250,
                "model": {
                    "type": "model",
                    "model": "item/toffy/magma_monster_ascendant/magma_monster_ascendant_icon"
                }
            },
            {
                "threshold": 20350,
                "model": {
                    "type": "model",
                    "model": "item/toffy/dark_water_djinn_ascendant/dark_water_djinn_ascendant_icon"
                }
            },
            {
                "threshold": 20450,
                "model": {
                    "type": "model",
                    "model": "item/toffy/oni_fire_ascendant/oni_fire_ascendant_icon"
                }
            },
            {
                "threshold": 23150,
                "model": {
                    "type": "model",
                    "model": "item/toffy/volcano_lizard_ascendant/volcano_lizard_ascendant_icon"
                }
            },
            {
                "threshold": 23250,
                "model": {
                    "type": "model",
                    "model": "item/toffy/dandelion_chibi/dandelion_chibi_icon"
                }
            },
            {
                "threshold": 23251,
                "model": {
                    "type": "model",
                    "model": "item/toffy/dandelion_ascendant/dandelion_ascendant_icon"
                }
            },
            {
                "threshold": 24250,
                "model": {
                    "type": "model",
                    "model": "item/toffy/hoppy_chibi/hoppy_chibi_icon"
                }
            },
            {
                "threshold": 24350,
                "model": {
                    "type": "model",
                    "model": "item/toffy/mushroom_chibi/mushroom_chibi_icon"
                }
            },
            {
                "threshold": 24351,
                "model": {
                    "type": "model",
                    "model": "item/toffy/mushroom_ascendant/mushroom_ascendant_icon"
                }
            },
            {
                "threshold": 73609,
                "model": {
                    "type": "model",
                    "model": "item/nocsy/fall_dragon_icon"
                }
            },
            {
                "threshold": 73610,
                "model": {
                    "type": "model",
                    "model": "item/nocsy/tofnocsy_husky_icon"
                }
            },
            {
                "threshold": 75201,
                "model": {
                    "type": "model",
                    "model": "item/nocsy/nocsy_fairy_drakonin_baby_icon"
                }
            },
            {
                "threshold": 75202,
                "model": {
                    "type": "model",
                    "model": "item/nocsy/nocsy_fairy_drakonin_icon"
                }
            },
            {
                "threshold": 75205,
                "model": {
                    "type": "model",
                    "model": "item/nocsy/nocsy_fall_drakonin_baby_icon"
                }
            },
            {
                "threshold": 77312,
                "model": {
                    "type": "model",
                    "model": "item/nocsy/nocsy_otter_icon"
                }
            },
            {
                "threshold": 77600,
                "model": {
                    "type": "model",
                    "model": "item/nocsy/werewolf/nocsy_baby_werewolf_icon"
                }
            },
            {
                "threshold": 77601,
                "model": {
                    "type": "model",
                    "model": "item/nocsy/capybara/toffy_capybara_icon"
                }
            },
            {
                "threshold": 77602,
                "model": {
                    "type": "model",
                    "model": "item/nocsy/fox/nocsy_chibi_fox"
                }
            },
            {
                "threshold": 77603,
                "model": {
                    "type": "model",
                    "model": "item/nocsy/death_spirit/nocsy_death_spirit_icon"
                }
            },
            {
                "threshold": 77604,
                "model": {
                    "type": "model",
                    "model": "item/nocsy/tofnocsy_phoenix_baby_icon"
                }
            },
            {
                "threshold": 77605,
                "model": {
                    "type": "model",
                    "model": "item/nocsy/nocsy_chibi_dark_mage_icon"
                }
            },
            {
                "threshold": 77610,
                "model": {
                    "type": "model",
                    "model": "item/nocsy/baby_walle_icon"
                }
            },
            {
                "threshold": 77611,
                "model": {
                    "type": "model",
                    "model": "item/nocsy/utah_raptor_icon"
                }
            },
            {
                "threshold": 77612,
                "model": {
                    "type": "model",
                    "model": "item/nocsy/fairy_seed_icon"
                }
            },
            {
                "threshold": 77615,
                "model": {
                    "type": "model",
                    "model": "item/nocsy/nocsy_spooky_witch_icon"
                }
            },
            {
                "threshold": 77635,
                "model": {
                    "type": "model",
                    "model": "item/nocsy/nocsy_fluffy_ram_icon"
                }
            },
            {
                "threshold": 77655,
                "model": {
                    "type": "model",
                    "model": "item/nocsy/toffy_witch_icon"
                }
            },
            {
                "threshold": 77885,
                "model": {
                    "type": "model",
                    "model": "item/nocsy/nocsy_djinn_dragon_icon"
                }
            },
            {
                "threshold": 77888,
                "model": {
                    "type": "model",
                    "model": "item/nocsy/nocsy_chibi_salamander_icon"
                }
            },
            {
                "threshold": 77889,
                "model": {
                    "type": "model",
                    "model": "item/nocsy/nocsy_chibi_pegasus_icon"
                }
            },
            {
                "threshold": 77890,
                "model": {
                    "type": "model",
                    "model": "item/nocsy/nocsy_chibi_stegosaur_icon"
                }
            },
            {
                "threshold": 77891,
                "model": {
                    "type": "model",
                    "model": "item/nocsy/nocsy_chibi_tree_golem_icon"
                }
            },
            {
                "threshold": 77892,
                "model": {
                    "type": "model",
                    "model": "item/nocsy/nocsy_chibi_longear_rabbit_icon"
                }
            },
            {
                "threshold": 77893,
                "model": {
                    "type": "model",
                    "model": "item/nocsy/nocsy_chibi_magma_monster_icon"
                }
            },
            {
                "threshold": 77894,
                "model": {
                    "type": "model",
                    "model": "item/nocsy/nocsy_chibi_dark_water_mage_icon"
                }
            },
            {
                "threshold": 77895,
                "model": {
                    "type": "model",
                    "model": "item/nocsy/nocsy_chibi_onii_icon"
                }
            },
            {
                "threshold": 77896,
                "model": {
                    "type": "model",
                    "model": "item/nocsy/nocsy_chibi_jackoassassin_icon"
                }
            },
            {
                "threshold": 77897,
                "model": {
                    "type": "model",
                    "model": "item/nocsy/nocsy_icon_chibi_shroombie"
                }
            },
            {
                "threshold": 77898,
                "model": {
                    "type": "model",
                    "model": "item/nocsy/nocsy_icon_chibi_sakura_djinn_dragon"
                }
            },
            {
                "threshold": 77899,
                "model": {
                    "type": "model",
                    "model": "item/nocsy/nocsy_icon_chibi_pirrot"
                }
            },
            {
                "threshold": 77900,
                "model": {
                    "type": "model",
                    "model": "item/nocsy/nocsy_icon_chibi_australian_shepherd"
                }
            },
            {
                "threshold": 77901,
                "model": {
                    "type": "model",
                    "model": "item/nocsy/nocsy_icon_chibi_bumblebee"
                }
            },
            {
                "threshold": 77902,
                "model": {
                    "type": "model",
                    "model": "item/nocsy/nocsy_chibi_light_spirit"
                }
            },
            {
                "threshold": 77903,
                "model": {
                    "type": "model",
                    "model": "item/nocsy/nocsy_icon_chibi_amanta"
                }
            },
            {
                "threshold": 77905,
                "model": {
                    "type": "model",
                    "model": "item/nocsy/nocsy_icon_chibi_amadillo"
                }
            },
            {
                "threshold": 77907,
                "model": {
                    "type": "model",
                    "model": "item/nocsy/nocsy_icon_chibi_oven"
                }
            },
            {
                "threshold": 78605,
                "model": {
                    "type": "model",
                    "model": "item/nocsy/nocsy_halloween_bat_icon"
                }
            },
            {
                "threshold": 79601,
                "model": {
                    "type": "model",
                    "model": "item/nocsy/tofnocsy_chibi_blackbird_berserker"
                }
            },
            {
                "threshold": 79602,
                "model": {
                    "type": "model",
                    "model": "item/nocsy/tofnocsy_chibi_sparrow_berserker_icon"
                }
            }
        ]
    }
}