{
  "parent": "minecraft:item/handheld",
  "textures": {
    "layer0": "minecraft:item/ink_sac"
  },
    "overrides": [
      { "predicate": {"custom_model_data": 16550}, "model": "item/toffy/fluffy_ram/icon_fluffy_ram_ascendant"},
      { "predicate": {"custom_model_data": 16651}, "model": "item/toffy/berserker_bird/icon_berserker_bird_ascendant"},
      { "predicate": {"custom_model_data": 16750}, "model": "item/toffy/djinn_dragon_ascendant/icon_djinn_dragon_scendant"},
      { "predicate": {"custom_model_data": 16850}, "model": "item/toffy/salamander_ascendant/salamander_ascendant_icon"},
      { "predicate": {"custom_model_data": 16950}, "model": "item/toffy/pegasus_ascendant/toffy_pegasus_ascendant_icon"},
      { "predicate": {"custom_model_data": 17150}, "model": "item/toffy/stegosaurus_ascendant/stegosaurus_ascendant_icon"},
      { "predicate": {"custom_model_data": 18250}, "model": "item/toffy/tree_golem_ascendant/tree_golem_ascendant_icon"},
      { "predicate": {"custom_model_data": 19250}, "model": "item/toffy/longear_rabbit_ascendant/longear_rabbit_ascendant_icon"},
      { "predicate": {"custom_model_data": 20250}, "model": "item/toffy/magma_monster_ascendant/magma_monster_ascendant_icon"},
      { "predicate": {"custom_model_data": 20350}, "model": "item/toffy/dark_water_djinn_ascendant/dark_water_djinn_ascendant_icon"},
      { "predicate": {"custom_model_data": 20450}, "model": "item/toffy/oni_fire_ascendant/oni_fire_ascendant_icon"},
      { "predicate": {"custom_model_data": 23150}, "model": "item/toffy/volcano_lizard_ascendant/volcano_lizard_ascendant_icon"},
      { "predicate": {"custom_model_data": 23151}, "model": "item/toffy/volcano_lizard_chibi/volcano_lizard_chibi_icon"}
      { "predicate": {"custom_model_data": 23250}, "model": "item/toffy/dandelion_chibi/dandelion_chibi_icon"},
      { "predicate": {"custom_model_data": 23251}, "model": "item/toffy/dandelion_ascendant/dandelion_ascendant_icon"},
      { "predicate": {"custom_model_data": 24250}, "model": "item/toffy/hoppy_chibi/hoppy_chibi_icon"},
      { "predicate": {"custom_model_data": 24251}, "model": "item/toffy/hoppy_ascendant/hoppy_ascendant_icon"},
      { "predicate": {"custom_model_data": 24350}, "model": "item/toffy/mushroom_chibi/mushroom_chibi_icon"},
      { "predicate": {"custom_model_data": 24351}, "model": "item/toffy/mushroom_ascendant/mushroom_ascendant_icon"},
      { "predicate": {"custom_model_data": 73609}, "model": "item/nocsy/fall_dragon_icon"},
      { "predicate": {"custom_model_data": 73610}, "model": "item/nocsy/tofnocsy_husky_icon"},
      { "predicate": {"custom_model_data": 75201}, "model": "item/nocsy/nocsy_fairy_drakonin_baby_icon"},
      { "predicate": {"custom_model_data": 75202}, "model": "item/nocsy/nocsy_fairy_drakonin_icon"},
      { "predicate": {"custom_model_data": 75205}, "model": "item/nocsy/nocsy_fall_drakonin_baby_icon"},
      { "predicate": {"custom_model_data": 77312}, "model": "item/nocsy/nocsy_otter_icon"},
      { "predicate": {"custom_model_data": 77600}, "model": "item/nocsy/werewolf/nocsy_baby_werewolf_icon"},
		  { "predicate": {"custom_model_data": 77601}, "model": "item/nocsy/capybara/toffy_capybara_icon"},
      { "predicate": {"custom_model_data": 77602}, "model": "item/nocsy/fox/nocsy_chibi_fox"},
      { "predicate": {"custom_model_data": 77603}, "model": "item/nocsy/death_spirit/nocsy_death_spirit_icon"},
      { "predicate": {"custom_model_data": 77604}, "model": "item/nocsy/tofnocsy_phoenix_baby_icon"},
      { "predicate": {"custom_model_data": 77605}, "model": "item/nocsy/nocsy_chibi_dark_mage_icon"},
      { "predicate": {"custom_model_data": 77610}, "model": "item/nocsy/baby_walle_icon"},
      { "predicate": {"custom_model_data": 77611}, "model": "item/nocsy/utah_raptor_icon"},
      { "predicate": {"custom_model_data": 77612}, "model": "item/nocsy/fairy_seed_icon"},
      { "predicate": {"custom_model_data": 77615}, "model": "item/nocsy/nocsy_spooky_witch_icon"},
      { "predicate": {"custom_model_data": 77635}, "model": "item/nocsy/nocsy_fluffy_ram_icon"},
      { "predicate": {"custom_model_data": 77655}, "model": "item/nocsy/toffy_witch_icon"},
      { "predicate": {"custom_model_data": 77885}, "model": "item/nocsy/nocsy_djinn_dragon_icon"},
      { "predicate": {"custom_model_data": 77888}, "model": "item/nocsy/nocsy_chibi_salamander_icon"},
      { "predicate": {"custom_model_data": 77889}, "model": "item/nocsy/nocsy_chibi_pegasus_icon"},
      { "predicate": {"custom_model_data": 77890}, "model": "item/nocsy/nocsy_chibi_stegosaur_icon"},
      { "predicate": {"custom_model_data": 77891}, "model": "item/nocsy/nocsy_chibi_tree_golem_icon"},
      { "predicate": {"custom_model_data": 77892}, "model": "item/nocsy/nocsy_chibi_longear_rabbit_icon"},
      { "predicate": {"custom_model_data": 77893}, "model": "item/nocsy/nocsy_chibi_magma_monster_icon"},
      { "predicate": {"custom_model_data": 77894}, "model": "item/nocsy/nocsy_chibi_dark_water_mage_icon"},
      { "predicate": {"custom_model_data": 77895}, "model": "item/nocsy/nocsy_chibi_onii_icon"},
      { "predicate": {"custom_model_data": 77896}, "model": "item/nocsy/nocsy_chibi_jackoassassin_icon"},
      { "predicate": {"custom_model_data": 77897}, "model": "item/nocsy/nocsy_icon_chibi_shroombie"},
		  { "predicate": {"custom_model_data": 77898}, "model": "item/nocsy/nocsy_icon_chibi_sakura_djinn_dragon"},
		  { "predicate": {"custom_model_data": 77899}, "model": "item/nocsy/nocsy_icon_chibi_pirrot"},
		  { "predicate": {"custom_model_data": 77900}, "model": "item/nocsy/nocsy_icon_chibi_australian_shepherd"},
		  { "predicate": {"custom_model_data": 77901}, "model": "item/nocsy/nocsy_icon_chibi_bumblebee"},
		  { "predicate": {"custom_model_data": 77902}, "model": "item/nocsy/nocsy_chibi_light_spirit"},
		  { "predicate": {"custom_model_data": 77903}, "model": "item/nocsy/nocsy_icon_chibi_amanta"},
		  { "predicate": {"custom_model_data": 77905}, "model": "item/nocsy/nocsy_icon_chibi_amadillo"},
      { "predicate": {"custom_model_data": 77907}, "model": "item/nocsy/nocsy_icon_chibi_oven"},
      { "predicate": {"custom_model_data": 78605}, "model": "item/nocsy/nocsy_halloween_bat_icon"},
      { "predicate": {"custom_model_data": 79601}, "model": "item/nocsy/tofnocsy_chibi_blackbird_berserker"},
      { "predicate": {"custom_model_data": 79602}, "model": "item/nocsy/tofnocsy_chibi_sparrow_berserker_icon"}
    ]
}