{
    "model": {
        "type": "range_dispatch",
        "property": "custom_model_data",
        "fallback": {
            "type": "model",
            "model": "minecraft:item/leather_horse_armor",
            "tints": [
                {
                    "type": "minecraft:dye",
                    "default": -6265536
                }
            ]
        },
        "entries": [
            {
                "threshold": 1,
                "model": {
                    "type": "model",
                    "model": "modelengine:volcano_lizard_chibi/torso",
                    "tints": [
                        {
                            "type": "minecraft:dye",
                            "default": -6265536
                        }
                    ]
                }
            },
            {
                "threshold": 2,
                "model": {
                    "type": "model",
                    "model": "modelengine:volcano_lizard_chibi/leg_front_left",
                    "tints": [
                        {
                            "type": "minecraft:dye",
                            "default": -6265536
                        }
                    ]
                }
            },
            {
                "threshold": 3,
                "model": {
                    "type": "model",
                    "model": "modelengine:volcano_lizard_chibi/horn_middle5",
                    "tints": [
                        {
                            "type": "minecraft:dye",
                            "default": -6265536
                        }
                    ]
                }
            },
            {
                "threshold": 4,
                "model": {
                    "type": "model",
                    "model": "modelengine:volcano_lizard_chibi/head",
                    "tints": [
                        {
                            "type": "minecraft:dye",
                            "default": -6265536
                        }
                    ]
                }
            },
            {
                "threshold": 5,
                "model": {
                    "type": "model",
                    "model": "modelengine:volcano_lizard_chibi/leg_front_right",
                    "tints": [
                        {
                            "type": "minecraft:dye",
                            "default": -6265536
                        }
                    ]
                }
            },
            {
                "threshold": 6,
                "model": {
                    "type": "model",
                    "model": "modelengine:volcano_lizard_chibi/tail",
                    "tints": [
                        {
                            "type": "minecraft:dye",
                            "default": -6265536
                        }
                    ]
                }
            },
            {
                "threshold": 7,
                "model": {
                    "type": "model",
                    "model": "modelengine:volcano_lizard_chibi/horn_middle4",
                    "tints": [
                        {
                            "type": "minecraft:dye",
                            "default": -6265536
                        }
                    ]
                }
            },
            {
                "threshold": 8,
                "model": {
                    "type": "model",
                    "model": "modelengine:volcano_lizard_chibi/leg_back_right",
                    "tints": [
                        {
                            "type": "minecraft:dye",
                            "default": -6265536
                        }
                    ]
                }
            },
            {
                "threshold": 9,
                "model": {
                    "type": "model",
                    "model": "modelengine:volcano_lizard_chibi/leg_back_left",
                    "tints": [
                        {
                            "type": "minecraft:dye",
                            "default": -6265536
                        }
                    ]
                }
            },
            {
                "threshold": 10,
                "model": {
                    "type": "model",
                    "model": "modelengine:volcano_lizard_chibi/tibia_front_right",
                    "tints": [
                        {
                            "type": "minecraft:dye",
                            "default": -6265536
                        }
                    ]
                }
            },
            {
                "threshold": 11,
                "model": {
                    "type": "model",
                    "model": "modelengine:volcano_lizard_chibi/tibia_back_left",
                    "tints": [
                        {
                            "type": "minecraft:dye",
                            "default": -6265536
                        }
                    ]
                }
            },
            {
                "threshold": 12,
                "model": {
                    "type": "model",
                    "model": "modelengine:volcano_lizard_chibi/tibia_front_left",
                    "tints": [
                        {
                            "type": "minecraft:dye",
                            "default": -6265536
                        }
                    ]
                }
            },
            {
                "threshold": 13,
                "model": {
                    "type": "model",
                    "model": "modelengine:volcano_lizard_chibi/tibia_back_right",
                    "tints": [
                        {
                            "type": "minecraft:dye",
                            "default": -6265536
                        }
                    ]
                }
            },
            {
                "threshold": 14,
                "model": {
                    "type": "model",
                    "model": "modelengine:volcano_lizard_chibi/tail_end",
                    "tints": [
                        {
                            "type": "minecraft:dye",
                            "default": -6265536
                        }
                    ]
                }
            },
            {
                "threshold": 15,
                "model": {
                    "type": "model",
                    "model": "modelengine:volcano_lizard_chibi/jaw",
                    "tints": [
                        {
                            "type": "minecraft:dye",
                            "default": -6265536
                        }
                    ]
                }
            },
            {
                "threshold": 16,
                "model": {
                    "type": "model",
                    "model": "modelengine:volcano_lizard_chibi/horn_left",
                    "tints": [
                        {
                            "type": "minecraft:dye",
                            "default": -6265536
                        }
                    ]
                }
            },
            {
                "threshold": 17,
                "model": {
                    "type": "model",
                    "model": "modelengine:volcano_lizard_chibi/horn_right",
                    "tints": [
                        {
                            "type": "minecraft:dye",
                            "default": -6265536
                        }
                    ]
                }
            },
            {
                "threshold": 18,
                "model": {
                    "type": "model",
                    "model": "modelengine:volcano_lizard_chibi/horn_middle",
                    "tints": [
                        {
                            "type": "minecraft:dye",
                            "default": -6265536
                        }
                    ]
                }
            },
            {
                "threshold": 19,
                "model": {
                    "type": "model",
                    "model": "modelengine:volcano_lizard_ascendant/leg_front_right",
                    "tints": [
                        {
                            "type": "minecraft:dye",
                            "default": -6265536
                        }
                    ]
                }
            },
            {
                "threshold": 20,
                "model": {
                    "type": "model",
                    "model": "modelengine:volcano_lizard_ascendant/torso",
                    "tints": [
                        {
                            "type": "minecraft:dye",
                            "default": -6265536
                        }
                    ]
                }
            },
            {
                "threshold": 21,
                "model": {
                    "type": "model",
                    "model": "modelengine:volcano_lizard_ascendant/leg_back_left",
                    "tints": [
                        {
                            "type": "minecraft:dye",
                            "default": -6265536
                        }
                    ]
                }
            },
            {
                "threshold": 22,
                "model": {
                    "type": "model",
                    "model": "modelengine:volcano_lizard_ascendant/leg_front_left",
                    "tints": [
                        {
                            "type": "minecraft:dye",
                            "default": -6265536
                        }
                    ]
                }
            },
            {
                "threshold": 23,
                "model": {
                    "type": "model",
                    "model": "modelengine:volcano_lizard_ascendant/leg_back_right",
                    "tints": [
                        {
                            "type": "minecraft:dye",
                            "default": -6265536
                        }
                    ]
                }
            },
            {
                "threshold": 24,
                "model": {
                    "type": "model",
                    "model": "modelengine:volcano_lizard_ascendant/tibia_front_right",
                    "tints": [
                        {
                            "type": "minecraft:dye",
                            "default": -6265536
                        }
                    ]
                }
            },
            {
                "threshold": 25,
                "model": {
                    "type": "model",
                    "model": "modelengine:volcano_lizard_ascendant/horn_middle3",
                    "tints": [
                        {
                            "type": "minecraft:dye",
                            "default": -6265536
                        }
                    ]
                }
            },
            {
                "threshold": 26,
                "model": {
                    "type": "model",
                    "model": "modelengine:volcano_lizard_ascendant/torso_low",
                    "tints": [
                        {
                            "type": "minecraft:dye",
                            "default": -6265536
                        }
                    ]
                }
            },
            {
                "threshold": 27,
                "model": {
                    "type": "model",
                    "model": "modelengine:volcano_lizard_ascendant/horn_middle5",
                    "tints": [
                        {
                            "type": "minecraft:dye",
                            "default": -6265536
                        }
                    ]
                }
            },
            {
                "threshold": 28,
                "model": {
                    "type": "model",
                    "model": "modelengine:volcano_lizard_ascendant/neck",
                    "tints": [
                        {
                            "type": "minecraft:dye",
                            "default": -6265536
                        }
                    ]
                }
            },
            {
                "threshold": 29,
                "model": {
                    "type": "model",
                    "model": "modelengine:volcano_lizard_ascendant/tibia_back_left",
                    "tints": [
                        {
                            "type": "minecraft:dye",
                            "default": -6265536
                        }
                    ]
                }
            },
            {
                "threshold": 30,
                "model": {
                    "type": "model",
                    "model": "modelengine:volcano_lizard_ascendant/tibia_front_left",
                    "tints": [
                        {
                            "type": "minecraft:dye",
                            "default": -6265536
                        }
                    ]
                }
            },
            {
                "threshold": 31,
                "model": {
                    "type": "model",
                    "model": "modelengine:volcano_lizard_ascendant/tibia_back_right",
                    "tints": [
                        {
                            "type": "minecraft:dye",
                            "default": -6265536
                        }
                    ]
                }
            },
            {
                "threshold": 32,
                "model": {
                    "type": "model",
                    "model": "modelengine:volcano_lizard_ascendant/horn_middle6",
                    "tints": [
                        {
                            "type": "minecraft:dye",
                            "default": -6265536
                        }
                    ]
                }
            },
            {
                "threshold": 33,
                "model": {
                    "type": "model",
                    "model": "modelengine:volcano_lizard_ascendant/horn_middle2",
                    "tints": [
                        {
                            "type": "minecraft:dye",
                            "default": -6265536
                        }
                    ]
                }
            },
            {
                "threshold": 34,
                "model": {
                    "type": "model",
                    "model": "modelengine:volcano_lizard_ascendant/tail",
                    "tints": [
                        {
                            "type": "minecraft:dye",
                            "default": -6265536
                        }
                    ]
                }
            },
            {
                "threshold": 35,
                "model": {
                    "type": "model",
                    "model": "modelengine:volcano_lizard_ascendant/horn_middle4",
                    "tints": [
                        {
                            "type": "minecraft:dye",
                            "default": -6265536
                        }
                    ]
                }
            },
            {
                "threshold": 36,
                "model": {
                    "type": "model",
                    "model": "modelengine:volcano_lizard_ascendant/head",
                    "tints": [
                        {
                            "type": "minecraft:dye",
                            "default": -6265536
                        }
                    ]
                }
            },
            {
                "threshold": 37,
                "model": {
                    "type": "model",
                    "model": "modelengine:volcano_lizard_ascendant/tail_end",
                    "tints": [
                        {
                            "type": "minecraft:dye",
                            "default": -6265536
                        }
                    ]
                }
            },
            {
                "threshold": 38,
                "model": {
                    "type": "model",
                    "model": "modelengine:volcano_lizard_ascendant/jaw",
                    "tints": [
                        {
                            "type": "minecraft:dye",
                            "default": -6265536
                        }
                    ]
                }
            },
            {
                "threshold": 39,
                "model": {
                    "type": "model",
                    "model": "modelengine:volcano_lizard_ascendant/horn_left",
                    "tints": [
                        {
                            "type": "minecraft:dye",
                            "default": -6265536
                        }
                    ]
                }
            },
            {
                "threshold": 40,
                "model": {
                    "type": "model",
                    "model": "modelengine:volcano_lizard_ascendant/horn_right",
                    "tints": [
                        {
                            "type": "minecraft:dye",
                            "default": -6265536
                        }
                    ]
                }
            },
            {
                "threshold": 41,
                "model": {
                    "type": "model",
                    "model": "modelengine:volcano_lizard_ascendant/horn_middle",
                    "tints": [
                        {
                            "type": "minecraft:dye",
                            "default": -6265536
                        }
                    ]
                }
            },
            {
                "threshold": 42,
                "model": {
                    "type": "model",
                    "model": "modelengine:dandelion_chibi/leg_right",
                    "tints": [
                        {
                            "type": "minecraft:dye",
                            "default": -6265536
                        }
                    ]
                }
            },
            {
                "threshold": 43,
                "model": {
                    "type": "model",
                    "model": "modelengine:dandelion_chibi/head",
                    "tints": [
                        {
                            "type": "minecraft:dye",
                            "default": -6265536
                        }
                    ]
                }
            },
            {
                "threshold": 44,
                "model": {
                    "type": "model",
                    "model": "modelengine:dandelion_chibi/tail_end",
                    "tints": [
                        {
                            "type": "minecraft:dye",
                            "default": -6265536
                        }
                    ]
                }
            },
            {
                "threshold": 45,
                "model": {
                    "type": "model",
                    "model": "modelengine:dandelion_chibi/tail_low",
                    "tints": [
                        {
                            "type": "minecraft:dye",
                            "default": -6265536
                        }
                    ]
                }
            },
            {
                "threshold": 46,
                "model": {
                    "type": "model",
                    "model": "modelengine:dandelion_chibi/torso",
                    "tints": [
                        {
                            "type": "minecraft:dye",
                            "default": -6265536
                        }
                    ]
                }
            },
            {
                "threshold": 47,
                "model": {
                    "type": "model",
                    "model": "modelengine:dandelion_chibi/tail",
                    "tints": [
                        {
                            "type": "minecraft:dye",
                            "default": -6265536
                        }
                    ]
                }
            },
            {
                "threshold": 48,
                "model": {
                    "type": "model",
                    "model": "modelengine:dandelion_ascendant/leg_left",
                    "tints": [
                        {
                            "type": "minecraft:dye",
                            "default": -6265536
                        }
                    ]
                }
            },
            {
                "threshold": 49,
                "model": {
                    "type": "model",
                    "model": "modelengine:dandelion_chibi/arm_right",
                    "tints": [
                        {
                            "type": "minecraft:dye",
                            "default": -6265536
                        }
                    ]
                }
            },
            {
                "threshold": 50,
                "model": {
                    "type": "model",
                    "model": "modelengine:dandelion_chibi/leg_left",
                    "tints": [
                        {
                            "type": "minecraft:dye",
                            "default": -6265536
                        }
                    ]
                }
            },
            {
                "threshold": 51,
                "model": {
                    "type": "model",
                    "model": "modelengine:dandelion_chibi/arm_left",
                    "tints": [
                        {
                            "type": "minecraft:dye",
                            "default": -6265536
                        }
                    ]
                }
            },
            {
                "threshold": 52,
                "model": {
                    "type": "model",
                    "model": "modelengine:dandelion_ascendant/torso",
                    "tints": [
                        {
                            "type": "minecraft:dye",
                            "default": -6265536
                        }
                    ]
                }
            },
            {
                "threshold": 53,
                "model": {
                    "type": "model",
                    "model": "modelengine:dandelion_ascendant/leg_right",
                    "tints": [
                        {
                            "type": "minecraft:dye",
                            "default": -6265536
                        }
                    ]
                }
            },
            {
                "threshold": 54,
                "model": {
                    "type": "model",
                    "model": "modelengine:dandelion_ascendant/tibia_left",
                    "tints": [
                        {
                            "type": "minecraft:dye",
                            "default": -6265536
                        }
                    ]
                }
            },
            {
                "threshold": 55,
                "model": {
                    "type": "model",
                    "model": "modelengine:dandelion_ascendant/arm_right",
                    "tints": [
                        {
                            "type": "minecraft:dye",
                            "default": -6265536
                        }
                    ]
                }
            },
            {
                "threshold": 56,
                "model": {
                    "type": "model",
                    "model": "modelengine:dandelion_ascendant/head",
                    "tints": [
                        {
                            "type": "minecraft:dye",
                            "default": -6265536
                        }
                    ]
                }
            },
            {
                "threshold": 57,
                "model": {
                    "type": "model",
                    "model": "modelengine:dandelion_ascendant/tail",
                    "tints": [
                        {
                            "type": "minecraft:dye",
                            "default": -6265536
                        }
                    ]
                }
            },
            {
                "threshold": 58,
                "model": {
                    "type": "model",
                    "model": "modelengine:dandelion_ascendant/arm_left",
                    "tints": [
                        {
                            "type": "minecraft:dye",
                            "default": -6265536
                        }
                    ]
                }
            },
            {
                "threshold": 59,
                "model": {
                    "type": "model",
                    "model": "modelengine:dandelion_ascendant/tibia_right",
                    "tints": [
                        {
                            "type": "minecraft:dye",
                            "default": -6265536
                        }
                    ]
                }
            },
            {
                "threshold": 60,
                "model": {
                    "type": "model",
                    "model": "modelengine:dandelion_ascendant/foot_left",
                    "tints": [
                        {
                            "type": "minecraft:dye",
                            "default": -6265536
                        }
                    ]
                }
            },
            {
                "threshold": 61,
                "model": {
                    "type": "model",
                    "model": "modelengine:dandelion_ascendant/forearm_right",
                    "tints": [
                        {
                            "type": "minecraft:dye",
                            "default": -6265536
                        }
                    ]
                }
            },
            {
                "threshold": 62,
                "model": {
                    "type": "model",
                    "model": "modelengine:dandelion_ascendant/tail_low",
                    "tints": [
                        {
                            "type": "minecraft:dye",
                            "default": -6265536
                        }
                    ]
                }
            },
            {
                "threshold": 63,
                "model": {
                    "type": "model",
                    "model": "modelengine:dandelion_ascendant/forearm_left",
                    "tints": [
                        {
                            "type": "minecraft:dye",
                            "default": -6265536
                        }
                    ]
                }
            },
            {
                "threshold": 64,
                "model": {
                    "type": "model",
                    "model": "modelengine:dandelion_ascendant/foot_right",
                    "tints": [
                        {
                            "type": "minecraft:dye",
                            "default": -6265536
                        }
                    ]
                }
            },
            {
                "threshold": 65,
                "model": {
                    "type": "model",
                    "model": "modelengine:dandelion_ascendant/wrist_right",
                    "tints": [
                        {
                            "type": "minecraft:dye",
                            "default": -6265536
                        }
                    ]
                }
            },
            {
                "threshold": 66,
                "model": {
                    "type": "model",
                    "model": "modelengine:dandelion_ascendant/tail_end",
                    "tints": [
                        {
                            "type": "minecraft:dye",
                            "default": -6265536
                        }
                    ]
                }
            },
            {
                "threshold": 67,
                "model": {
                    "type": "model",
                    "model": "modelengine:dandelion_ascendant/wrist_left",
                    "tints": [
                        {
                            "type": "minecraft:dye",
                            "default": -6265536
                        }
                    ]
                }
            },
            {
                "threshold": 68,
                "model": {
                    "type": "model",
                    "model": "modelengine:mushroom_ascendant/arm_right",
                    "tints": [
                        {
                            "type": "minecraft:dye",
                            "default": -6265536
                        }
                    ]
                }
            },
            {
                "threshold": 69,
                "model": {
                    "type": "model",
                    "model": "modelengine:mushroom_ascendant/forearm_left",
                    "tints": [
                        {
                            "type": "minecraft:dye",
                            "default": -6265536
                        }
                    ]
                }
            },
            {
                "threshold": 70,
                "model": {
                    "type": "model",
                    "model": "modelengine:mushroom_ascendant/mush2",
                    "tints": [
                        {
                            "type": "minecraft:dye",
                            "default": -6265536
                        }
                    ]
                }
            },
            {
                "threshold": 71,
                "model": {
                    "type": "model",
                    "model": "modelengine:mushroom_ascendant/mush3",
                    "tints": [
                        {
                            "type": "minecraft:dye",
                            "default": -6265536
                        }
                    ]
                }
            },
            {
                "threshold": 72,
                "model": {
                    "type": "model",
                    "model": "modelengine:mushroom_chibi/arm_right",
                    "tints": [
                        {
                            "type": "minecraft:dye",
                            "default": -6265536
                        }
                    ]
                }
            },
            {
                "threshold": 73,
                "model": {
                    "type": "model",
                    "model": "modelengine:mushroom_ascendant/leg_right",
                    "tints": [
                        {
                            "type": "minecraft:dye",
                            "default": -6265536
                        }
                    ]
                }
            },
            {
                "threshold": 74,
                "model": {
                    "type": "model",
                    "model": "modelengine:mushroom_chibi/torso",
                    "tints": [
                        {
                            "type": "minecraft:dye",
                            "default": -6265536
                        }
                    ]
                }
            },
            {
                "threshold": 75,
                "model": {
                    "type": "model",
                    "model": "modelengine:mushroom_ascendant/forearm_right",
                    "tints": [
                        {
                            "type": "minecraft:dye",
                            "default": -6265536
                        }
                    ]
                }
            },
            {
                "threshold": 76,
                "model": {
                    "type": "model",
                    "model": "modelengine:mushroom_chibi/head",
                    "tints": [
                        {
                            "type": "minecraft:dye",
                            "default": -6265536
                        }
                    ]
                }
            },
            {
                "threshold": 77,
                "model": {
                    "type": "model",
                    "model": "modelengine:mushroom_ascendant/mush",
                    "tints": [
                        {
                            "type": "minecraft:dye",
                            "default": -6265536
                        }
                    ]
                }
            },
            {
                "threshold": 78,
                "model": {
                    "type": "model",
                    "model": "modelengine:mushroom_ascendant/leg_left",
                    "tints": [
                        {
                            "type": "minecraft:dye",
                            "default": -6265536
                        }
                    ]
                }
            },
            {
                "threshold": 79,
                "model": {
                    "type": "model",
                    "model": "modelengine:mushroom_chibi/leg_right",
                    "tints": [
                        {
                            "type": "minecraft:dye",
                            "default": -6265536
                        }
                    ]
                }
            },
            {
                "threshold": 80,
                "model": {
                    "type": "model",
                    "model": "modelengine:mushroom_ascendant/drape_left",
                    "tints": [
                        {
                            "type": "minecraft:dye",
                            "default": -6265536
                        }
                    ]
                }
            },
            {
                "threshold": 81,
                "model": {
                    "type": "model",
                    "model": "modelengine:mushroom_chibi/leg_left",
                    "tints": [
                        {
                            "type": "minecraft:dye",
                            "default": -6265536
                        }
                    ]
                }
            },
            {
                "threshold": 82,
                "model": {
                    "type": "model",
                    "model": "modelengine:mushroom_ascendant/torso",
                    "tints": [
                        {
                            "type": "minecraft:dye",
                            "default": -6265536
                        }
                    ]
                }
            },
            {
                "threshold": 83,
                "model": {
                    "type": "model",
                    "model": "modelengine:mushroom_ascendant/head",
                    "tints": [
                        {
                            "type": "minecraft:dye",
                            "default": -6265536
                        }
                    ]
                }
            },
            {
                "threshold": 84,
                "model": {
                    "type": "model",
                    "model": "modelengine:mushroom_ascendant/arm_left",
                    "tints": [
                        {
                            "type": "minecraft:dye",
                            "default": -6265536
                        }
                    ]
                }
            },
            {
                "threshold": 85,
                "model": {
                    "type": "model",
                    "model": "modelengine:mushroom_ascendant/drape_right",
                    "tints": [
                        {
                            "type": "minecraft:dye",
                            "default": -6265536
                        }
                    ]
                }
            },
            {
                "threshold": 86,
                "model": {
                    "type": "model",
                    "model": "modelengine:mushroom_chibi/arm_left",
                    "tints": [
                        {
                            "type": "minecraft:dye",
                            "default": -6265536
                        }
                    ]
                }
            },
            {
                "threshold": 87,
                "model": {
                    "type": "model",
                    "model": "modelengine:hoppy_ascendant/leg_left",
                    "tints": [
                        {
                            "type": "minecraft:dye",
                            "default": -6265536
                        }
                    ]
                }
            },
            {
                "threshold": 88,
                "model": {
                    "type": "model",
                    "model": "modelengine:hoppy_chibi/leg_left",
                    "tints": [
                        {
                            "type": "minecraft:dye",
                            "default": -6265536
                        }
                    ]
                }
            },
            {
                "threshold": 89,
                "model": {
                    "type": "model",
                    "model": "modelengine:hoppy_ascendant/body",
                    "tints": [
                        {
                            "type": "minecraft:dye",
                            "default": -6265536
                        }
                    ]
                }
            },
            {
                "threshold": 90,
                "model": {
                    "type": "model",
                    "model": "modelengine:hoppy_chibi/body",
                    "tints": [
                        {
                            "type": "minecraft:dye",
                            "default": -6265536
                        }
                    ]
                }
            },
            {
                "threshold": 91,
                "model": {
                    "type": "model",
                    "model": "modelengine:hoppy_ascendant/leg_right",
                    "tints": [
                        {
                            "type": "minecraft:dye",
                            "default": -6265536
                        }
                    ]
                }
            },
            {
                "threshold": 92,
                "model": {
                    "type": "model",
                    "model": "modelengine:hoppy_chibi/leg_right",
                    "tints": [
                        {
                            "type": "minecraft:dye",
                            "default": -6265536
                        }
                    ]
                }
            },
            {
                "threshold": 93,
                "model": {
                    "type": "model",
                    "model": "modelengine:hoppy_ascendant/foot_left",
                    "tints": [
                        {
                            "type": "minecraft:dye",
                            "default": -6265536
                        }
                    ]
                }
            },
            {
                "threshold": 94,
                "model": {
                    "type": "model",
                    "model": "modelengine:hoppy_chibi/foot_left",
                    "tints": [
                        {
                            "type": "minecraft:dye",
                            "default": -6265536
                        }
                    ]
                }
            },
            {
                "threshold": 95,
                "model": {
                    "type": "model",
                    "model": "modelengine:hoppy_ascendant/arm_left",
                    "tints": [
                        {
                            "type": "minecraft:dye",
                            "default": -6265536
                        }
                    ]
                }
            },
            {
                "threshold": 96,
                "model": {
                    "type": "model",
                    "model": "modelengine:hoppy_chibi/tail",
                    "tints": [
                        {
                            "type": "minecraft:dye",
                            "default": -6265536
                        }
                    ]
                }
            },
            {
                "threshold": 97,
                "model": {
                    "type": "model",
                    "model": "modelengine:hoppy_ascendant/arm_right",
                    "tints": [
                        {
                            "type": "minecraft:dye",
                            "default": -6265536
                        }
                    ]
                }
            },
            {
                "threshold": 98,
                "model": {
                    "type": "model",
                    "model": "modelengine:hoppy_chibi/arms",
                    "tints": [
                        {
                            "type": "minecraft:dye",
                            "default": -6265536
                        }
                    ]
                }
            },
            {
                "threshold": 99,
                "model": {
                    "type": "model",
                    "model": "modelengine:hoppy_ascendant/tail",
                    "tints": [
                        {
                            "type": "minecraft:dye",
                            "default": -6265536
                        }
                    ]
                }
            },
            {
                "threshold": 100,
                "model": {
                    "type": "model",
                    "model": "modelengine:hoppy_chibi/head",
                    "tints": [
                        {
                            "type": "minecraft:dye",
                            "default": -6265536
                        }
                    ]
                }
            },
            {
                "threshold": 101,
                "model": {
                    "type": "model",
                    "model": "modelengine:hoppy_ascendant/tail2",
                    "tints": [
                        {
                            "type": "minecraft:dye",
                            "default": -6265536
                        }
                    ]
                }
            },
            {
                "threshold": 102,
                "model": {
                    "type": "model",
                    "model": "modelengine:hoppy_chibi/foot_right",
                    "tints": [
                        {
                            "type": "minecraft:dye",
                            "default": -6265536
                        }
                    ]
                }
            },
            {
                "threshold": 103,
                "model": {
                    "type": "model",
                    "model": "modelengine:hoppy_ascendant/head",
                    "tints": [
                        {
                            "type": "minecraft:dye",
                            "default": -6265536
                        }
                    ]
                }
            },
            {
                "threshold": 104,
                "model": {
                    "type": "model",
                    "model": "modelengine:hoppy_chibi/tail_end",
                    "tints": [
                        {
                            "type": "minecraft:dye",
                            "default": -6265536
                        }
                    ]
                }
            },
            {
                "threshold": 105,
                "model": {
                    "type": "model",
                    "model": "modelengine:hoppy_ascendant/foot_right",
                    "tints": [
                        {
                            "type": "minecraft:dye",
                            "default": -6265536
                        }
                    ]
                }
            },
            {
                "threshold": 106,
                "model": {
                    "type": "model",
                    "model": "modelengine:hoppy_chibi/ear_right",
                    "tints": [
                        {
                            "type": "minecraft:dye",
                            "default": -6265536
                        }
                    ]
                }
            },
            {
                "threshold": 107,
                "model": {
                    "type": "model",
                    "model": "modelengine:hoppy_chibi/ear_left",
                    "tints": [
                        {
                            "type": "minecraft:dye",
                            "default": -6265536
                        }
                    ]
                }
            },
            {
                "threshold": 108,
                "model": {
                    "type": "model",
                    "model": "modelengine:hoppy_ascendant/tail_end",
                    "tints": [
                        {
                            "type": "minecraft:dye",
                            "default": -6265536
                        }
                    ]
                }
            },
            {
                "threshold": 109,
                "model": {
                    "type": "model",
                    "model": "modelengine:hoppy_ascendant/tail_end2",
                    "tints": [
                        {
                            "type": "minecraft:dye",
                            "default": -6265536
                        }
                    ]
                }
            },
            {
                "threshold": 110,
                "model": {
                    "type": "model",
                    "model": "modelengine:hoppy_ascendant/ear_right",
                    "tints": [
                        {
                            "type": "minecraft:dye",
                            "default": -6265536
                        }
                    ]
                }
            },
            {
                "threshold": 111,
                "model": {
                    "type": "model",
                    "model": "modelengine:hoppy_ascendant/ear_left",
                    "tints": [
                        {
                            "type": "minecraft:dye",
                            "default": -6265536
                        }
                    ]
                }
            },
            {
                "threshold": 112,
                "model": {
                    "type": "model",
                    "model": "modelengine:volcano_lizard_chibi/torso",
                    "tints": [
                        {
                            "type": "minecraft:dye",
                            "default": -6265536
                        }
                    ]
                }
            },
            {
                "threshold": 113,
                "model": {
                    "type": "model",
                    "model": "modelengine:volcano_lizard_chibi/leg_front_left",
                    "tints": [
                        {
                            "type": "minecraft:dye",
                            "default": -6265536
                        }
                    ]
                }
            },
            {
                "threshold": 114,
                "model": {
                    "type": "model",
                    "model": "modelengine:volcano_lizard_chibi/horn_middle5",
                    "tints": [
                        {
                            "type": "minecraft:dye",
                            "default": -6265536
                        }
                    ]
                }
            },
            {
                "threshold": 115,
                "model": {
                    "type": "model",
                    "model": "modelengine:volcano_lizard_chibi/head",
                    "tints": [
                        {
                            "type": "minecraft:dye",
                            "default": -6265536
                        }
                    ]
                }
            },
            {
                "threshold": 116,
                "model": {
                    "type": "model",
                    "model": "modelengine:volcano_lizard_chibi/leg_front_right",
                    "tints": [
                        {
                            "type": "minecraft:dye",
                            "default": -6265536
                        }
                    ]
                }
            },
            {
                "threshold": 117,
                "model": {
                    "type": "model",
                    "model": "modelengine:volcano_lizard_chibi/tail",
                    "tints": [
                        {
                            "type": "minecraft:dye",
                            "default": -6265536
                        }
                    ]
                }
            },
            {
                "threshold": 118,
                "model": {
                    "type": "model",
                    "model": "modelengine:volcano_lizard_chibi/horn_middle4",
                    "tints": [
                        {
                            "type": "minecraft:dye",
                            "default": -6265536
                        }
                    ]
                }
            },
            {
                "threshold": 119,
                "model": {
                    "type": "model",
                    "model": "modelengine:volcano_lizard_chibi/leg_back_right",
                    "tints": [
                        {
                            "type": "minecraft:dye",
                            "default": -6265536
                        }
                    ]
                }
            },
            {
                "threshold": 120,
                "model": {
                    "type": "model",
                    "model": "modelengine:volcano_lizard_chibi/leg_back_left",
                    "tints": [
                        {
                            "type": "minecraft:dye",
                            "default": -6265536
                        }
                    ]
                }
            },
            {
                "threshold": 121,
                "model": {
                    "type": "model",
                    "model": "modelengine:volcano_lizard_chibi/tibia_front_right",
                    "tints": [
                        {
                            "type": "minecraft:dye",
                            "default": -6265536
                        }
                    ]
                }
            },
            {
                "threshold": 122,
                "model": {
                    "type": "model",
                    "model": "modelengine:volcano_lizard_chibi/tibia_back_left",
                    "tints": [
                        {
                            "type": "minecraft:dye",
                            "default": -6265536
                        }
                    ]
                }
            },
            {
                "threshold": 123,
                "model": {
                    "type": "model",
                    "model": "modelengine:volcano_lizard_chibi/tibia_front_left",
                    "tints": [
                        {
                            "type": "minecraft:dye",
                            "default": -6265536
                        }
                    ]
                }
            },
            {
                "threshold": 124,
                "model": {
                    "type": "model",
                    "model": "modelengine:volcano_lizard_chibi/tibia_back_right",
                    "tints": [
                        {
                            "type": "minecraft:dye",
                            "default": -6265536
                        }
                    ]
                }
            },
            {
                "threshold": 125,
                "model": {
                    "type": "model",
                    "model": "modelengine:volcano_lizard_chibi/tail_end",
                    "tints": [
                        {
                            "type": "minecraft:dye",
                            "default": -6265536
                        }
                    ]
                }
            },
            {
                "threshold": 126,
                "model": {
                    "type": "model",
                    "model": "modelengine:volcano_lizard_chibi/jaw",
                    "tints": [
                        {
                            "type": "minecraft:dye",
                            "default": -6265536
                        }
                    ]
                }
            },
            {
                "threshold": 127,
                "model": {
                    "type": "model",
                    "model": "modelengine:volcano_lizard_chibi/horn_left",
                    "tints": [
                        {
                            "type": "minecraft:dye",
                            "default": -6265536
                        }
                    ]
                }
            },
            {
                "threshold": 128,
                "model": {
                    "type": "model",
                    "model": "modelengine:volcano_lizard_chibi/horn_right",
                    "tints": [
                        {
                            "type": "minecraft:dye",
                            "default": -6265536
                        }
                    ]
                }
            },
            {
                "threshold": 129,
                "model": {
                    "type": "model",
                    "model": "modelengine:volcano_lizard_chibi/horn_middle",
                    "tints": [
                        {
                            "type": "minecraft:dye",
                            "default": -6265536
                        }
                    ]
                }
            },
            {
                "threshold": 130,
                "model": {
                    "type": "model",
                    "model": "modelengine:volcano_lizard_ascendant/leg_front_right",
                    "tints": [
                        {
                            "type": "minecraft:dye",
                            "default": -6265536
                        }
                    ]
                }
            },
            {
                "threshold": 131,
                "model": {
                    "type": "model",
                    "model": "modelengine:volcano_lizard_ascendant/torso",
                    "tints": [
                        {
                            "type": "minecraft:dye",
                            "default": -6265536
                        }
                    ]
                }
            },
            {
                "threshold": 132,
                "model": {
                    "type": "model",
                    "model": "modelengine:volcano_lizard_ascendant/leg_back_left",
                    "tints": [
                        {
                            "type": "minecraft:dye",
                            "default": -6265536
                        }
                    ]
                }
            },
            {
                "threshold": 133,
                "model": {
                    "type": "model",
                    "model": "modelengine:volcano_lizard_ascendant/leg_front_left",
                    "tints": [
                        {
                            "type": "minecraft:dye",
                            "default": -6265536
                        }
                    ]
                }
            },
            {
                "threshold": 134,
                "model": {
                    "type": "model",
                    "model": "modelengine:volcano_lizard_ascendant/leg_back_right",
                    "tints": [
                        {
                            "type": "minecraft:dye",
                            "default": -6265536
                        }
                    ]
                }
            },
            {
                "threshold": 135,
                "model": {
                    "type": "model",
                    "model": "modelengine:volcano_lizard_ascendant/tibia_front_right",
                    "tints": [
                        {
                            "type": "minecraft:dye",
                            "default": -6265536
                        }
                    ]
                }
            },
            {
                "threshold": 136,
                "model": {
                    "type": "model",
                    "model": "modelengine:volcano_lizard_ascendant/horn_middle3",
                    "tints": [
                        {
                            "type": "minecraft:dye",
                            "default": -6265536
                        }
                    ]
                }
            },
            {
                "threshold": 137,
                "model": {
                    "type": "model",
                    "model": "modelengine:volcano_lizard_ascendant/torso_low",
                    "tints": [
                        {
                            "type": "minecraft:dye",
                            "default": -6265536
                        }
                    ]
                }
            },
            {
                "threshold": 138,
                "model": {
                    "type": "model",
                    "model": "modelengine:volcano_lizard_ascendant/horn_middle5",
                    "tints": [
                        {
                            "type": "minecraft:dye",
                            "default": -6265536
                        }
                    ]
                }
            },
            {
                "threshold": 139,
                "model": {
                    "type": "model",
                    "model": "modelengine:volcano_lizard_ascendant/neck",
                    "tints": [
                        {
                            "type": "minecraft:dye",
                            "default": -6265536
                        }
                    ]
                }
            },
            {
                "threshold": 140,
                "model": {
                    "type": "model",
                    "model": "modelengine:volcano_lizard_ascendant/tibia_back_left",
                    "tints": [
                        {
                            "type": "minecraft:dye",
                            "default": -6265536
                        }
                    ]
                }
            },
            {
                "threshold": 141,
                "model": {
                    "type": "model",
                    "model": "modelengine:volcano_lizard_ascendant/tibia_front_left",
                    "tints": [
                        {
                            "type": "minecraft:dye",
                            "default": -6265536
                        }
                    ]
                }
            },
            {
                "threshold": 142,
                "model": {
                    "type": "model",
                    "model": "modelengine:volcano_lizard_ascendant/tibia_back_right",
                    "tints": [
                        {
                            "type": "minecraft:dye",
                            "default": -6265536
                        }
                    ]
                }
            },
            {
                "threshold": 143,
                "model": {
                    "type": "model",
                    "model": "modelengine:volcano_lizard_ascendant/horn_middle6",
                    "tints": [
                        {
                            "type": "minecraft:dye",
                            "default": -6265536
                        }
                    ]
                }
            },
            {
                "threshold": 144,
                "model": {
                    "type": "model",
                    "model": "modelengine:volcano_lizard_ascendant/horn_middle2",
                    "tints": [
                        {
                            "type": "minecraft:dye",
                            "default": -6265536
                        }
                    ]
                }
            },
            {
                "threshold": 145,
                "model": {
                    "type": "model",
                    "model": "modelengine:volcano_lizard_ascendant/tail",
                    "tints": [
                        {
                            "type": "minecraft:dye",
                            "default": -6265536
                        }
                    ]
                }
            },
            {
                "threshold": 146,
                "model": {
                    "type": "model",
                    "model": "modelengine:volcano_lizard_ascendant/horn_middle4",
                    "tints": [
                        {
                            "type": "minecraft:dye",
                            "default": -6265536
                        }
                    ]
                }
            },
            {
                "threshold": 147,
                "model": {
                    "type": "model",
                    "model": "modelengine:volcano_lizard_ascendant/head",
                    "tints": [
                        {
                            "type": "minecraft:dye",
                            "default": -6265536
                        }
                    ]
                }
            },
            {
                "threshold": 148,
                "model": {
                    "type": "model",
                    "model": "modelengine:volcano_lizard_ascendant/tail_end",
                    "tints": [
                        {
                            "type": "minecraft:dye",
                            "default": -6265536
                        }
                    ]
                }
            },
            {
                "threshold": 149,
                "model": {
                    "type": "model",
                    "model": "modelengine:volcano_lizard_ascendant/jaw",
                    "tints": [
                        {
                            "type": "minecraft:dye",
                            "default": -6265536
                        }
                    ]
                }
            },
            {
                "threshold": 150,
                "model": {
                    "type": "model",
                    "model": "modelengine:volcano_lizard_ascendant/horn_left",
                    "tints": [
                        {
                            "type": "minecraft:dye",
                            "default": -6265536
                        }
                    ]
                }
            },
            {
                "threshold": 151,
                "model": {
                    "type": "model",
                    "model": "modelengine:volcano_lizard_ascendant/horn_right",
                    "tints": [
                        {
                            "type": "minecraft:dye",
                            "default": -6265536
                        }
                    ]
                }
            },
            {
                "threshold": 152,
                "model": {
                    "type": "model",
                    "model": "modelengine:volcano_lizard_ascendant/horn_middle",
                    "tints": [
                        {
                            "type": "minecraft:dye",
                            "default": -6265536
                        }
                    ]
                }
            }
        ]
    }
}