{"model":{"entries":[{"model":{"model":"modelengine:internal_fire/fire_0","tints":[{"default":-1,"type":"minecraft:dye"}],"type":"minecraft:model"},"threshold":1},{"model":{"model":"modelengine:internal_fire/fire_1","tints":[{"default":-1,"type":"minecraft:dye"}],"type":"minecraft:model"},"threshold":2},{"model":{"model":"modelengine:nocsy_otter_v2/body","tints":[{"default":-1,"type":"minecraft:dye"}],"type":"minecraft:model"},"threshold":3},{"model":{"model":"modelengine:nocsy_otter_v2/tail","tints":[{"default":-1,"type":"minecraft:dye"}],"type":"minecraft:model"},"threshold":4},{"model":{"model":"modelengine:nocsy_otter_v2/head","tints":[{"default":-1,"type":"minecraft:dye"}],"type":"minecraft:model"},"threshold":5},{"model":{"model":"modelengine:nocsy_otter_v2/back_leg_left","tints":[{"default":-1,"type":"minecraft:dye"}],"type":"minecraft:model"},"threshold":6},{"model":{"model":"modelengine:nocsy_otter_v2/front_leg_left","tints":[{"default":-1,"type":"minecraft:dye"}],"type":"minecraft:model"},"threshold":7},{"model":{"model":"modelengine:nocsy_otter_v2/back_leg_right","tints":[{"default":-1,"type":"minecraft:dye"}],"type":"minecraft:model"},"threshold":8},{"model":{"model":"modelengine:nocsy_otter_v2/front_leg_right","tints":[{"default":-1,"type":"minecraft:dye"}],"type":"minecraft:model"},"threshold":9},{"model":{"model":"modelengine:toffy_dark_mage_lvl2/body","tints":[{"default":-1,"type":"minecraft:dye"}],"type":"minecraft:model"},"threshold":10},{"model":{"model":"modelengine:toffy_dark_mage_lvl2/head","tints":[{"default":-1,"type":"minecraft:dye"}],"type":"minecraft:model"},"threshold":11},{"model":{"model":"modelengine:toffy_dark_mage_lvl2/robe_right","tints":[{"default":-1,"type":"minecraft:dye"}],"type":"minecraft:model"},"threshold":12},{"model":{"model":"modelengine:toffy_dark_mage_lvl2/cape","tints":[{"default":-1,"type":"minecraft:dye"}],"type":"minecraft:model"},"threshold":13},{"model":{"model":"modelengine:toffy_dark_mage_lvl2/robe_left","tints":[{"default":-1,"type":"minecraft:dye"}],"type":"minecraft:model"},"threshold":14},{"model":{"model":"modelengine:toffy_dark_mage_lvl2/hat","tints":[{"default":-1,"type":"minecraft:dye"}],"type":"minecraft:model"},"threshold":15},{"model":{"model":"modelengine:toffy_dark_mage_lvl2/scarf","tints":[{"default":-1,"type":"minecraft:dye"}],"type":"minecraft:model"},"threshold":16},{"model":{"model":"modelengine:toffy_dark_mage_lvl2/cape_end","tints":[{"default":-1,"type":"minecraft:dye"}],"type":"minecraft:model"},"threshold":17},{"model":{"model":"modelengine:toffy_dark_mage_lvl2/scarf_end","tints":[{"default":-1,"type":"minecraft:dye"}],"type":"minecraft:model"},"threshold":18},{"model":{"model":"modelengine:toffy_toy_bone/bone","tints":[{"default":-1,"type":"minecraft:dye"}],"type":"minecraft:model"},"threshold":19},{"model":{"model":"modelengine:toffy_yarn/body","tints":[{"default":-1,"type":"minecraft:dye"}],"type":"minecraft:model"},"threshold":20},{"model":{"model":"modelengine:nocsy_corgi/head","tints":[{"default":-1,"type":"minecraft:dye"}],"type":"minecraft:model"},"threshold":21},{"model":{"model":"modelengine:nocsy_corgi/mouth","tints":[{"default":-1,"type":"minecraft:dye"}],"type":"minecraft:model"},"threshold":22},{"model":{"model":"modelengine:nocsy_corgi/left_ear","tints":[{"default":-1,"type":"minecraft:dye"}],"type":"minecraft:model"},"threshold":23},{"model":{"model":"modelengine:nocsy_corgi/right_ear","tints":[{"default":-1,"type":"minecraft:dye"}],"type":"minecraft:model"},"threshold":24},{"model":{"model":"modelengine:nocsy_corgi/left_leg","tints":[{"default":-1,"type":"minecraft:dye"}],"type":"minecraft:model"},"threshold":25},{"model":{"model":"modelengine:nocsy_corgi/left_arm","tints":[{"default":-1,"type":"minecraft:dye"}],"type":"minecraft:model"},"threshold":26},{"model":{"model":"modelengine:nocsy_corgi/right_arm","tints":[{"default":-1,"type":"minecraft:dye"}],"type":"minecraft:model"},"threshold":27},{"model":{"model":"modelengine:nocsy_corgi/body_fur","tints":[{"default":-1,"type":"minecraft:dye"}],"type":"minecraft:model"},"threshold":28},{"model":{"model":"modelengine:nocsy_corgi/right_leg","tints":[{"default":-1,"type":"minecraft:dye"}],"type":"minecraft:model"},"threshold":29},{"model":{"model":"modelengine:nocsy_corgi/bone","tints":[{"default":-1,"type":"minecraft:dye"}],"type":"minecraft:model"},"threshold":30},{"model":{"model":"modelengine:nocsy_corgi/tongue","tints":[{"default":-1,"type":"minecraft:dye"}],"type":"minecraft:model"},"threshold":31},{"model":{"model":"modelengine:nocsy_magic_cat/body","tints":[{"default":-1,"type":"minecraft:dye"}],"type":"minecraft:model"},"threshold":32},{"model":{"model":"modelengine:nocsy_magic_cat/head","tints":[{"default":-1,"type":"minecraft:dye"}],"type":"minecraft:model"},"threshold":33},{"model":{"model":"modelengine:nocsy_magic_cat/head_eyes_closed","tints":[{"default":-1,"type":"minecraft:dye"}],"type":"minecraft:model"},"threshold":34},{"model":{"model":"modelengine:nocsy_magic_cat/front_leg_left","tints":[{"default":-1,"type":"minecraft:dye"}],"type":"minecraft:model"},"threshold":35},{"model":{"model":"modelengine:nocsy_magic_cat/back_leg_left","tints":[{"default":-1,"type":"minecraft:dye"}],"type":"minecraft:model"},"threshold":36},{"model":{"model":"modelengine:nocsy_magic_cat/back_leg_right","tints":[{"default":-1,"type":"minecraft:dye"}],"type":"minecraft:model"},"threshold":37},{"model":{"model":"modelengine:nocsy_magic_cat/front_leg_right","tints":[{"default":-1,"type":"minecraft:dye"}],"type":"minecraft:model"},"threshold":38},{"model":{"model":"modelengine:nocsy_magic_cat/ears","tints":[{"default":-1,"type":"minecraft:dye"}],"type":"minecraft:model"},"threshold":39},{"model":{"model":"modelengine:nocsy_magic_cat/witch_hat","tints":[{"default":-1,"type":"minecraft:dye"}],"type":"minecraft:model"},"threshold":40},{"model":{"model":"modelengine:nocsy_magic_cat/ears2","tints":[{"default":-1,"type":"minecraft:dye"}],"type":"minecraft:model"},"threshold":41},{"model":{"model":"modelengine:nocsy_magic_cat/witch_hat_sleep","tints":[{"default":-1,"type":"minecraft:dye"}],"type":"minecraft:model"},"threshold":42},{"model":{"model":"modelengine:nocsy_magic_cat/front_foot_left","tints":[{"default":-1,"type":"minecraft:dye"}],"type":"minecraft:model"},"threshold":43},{"model":{"model":"modelengine:nocsy_magic_cat/tail","tints":[{"default":-1,"type":"minecraft:dye"}],"type":"minecraft:model"},"threshold":44},{"model":{"model":"modelengine:nocsy_magic_cat/back_foot_left","tints":[{"default":-1,"type":"minecraft:dye"}],"type":"minecraft:model"},"threshold":45},{"model":{"model":"modelengine:nocsy_magic_cat/back_foot_right","tints":[{"default":-1,"type":"minecraft:dye"}],"type":"minecraft:model"},"threshold":46},{"model":{"model":"modelengine:nocsy_magic_cat/front_foot_right","tints":[{"default":-1,"type":"minecraft:dye"}],"type":"minecraft:model"},"threshold":47},{"model":{"model":"modelengine:nocsy_magic_cat/tail_half","tints":[{"default":-1,"type":"minecraft:dye"}],"type":"minecraft:model"},"threshold":48},{"model":{"model":"modelengine:nocsy_magic_cat/tail_end","tints":[{"default":-1,"type":"minecraft:dye"}],"type":"minecraft:model"},"threshold":49},{"model":{"model":"modelengine:tofnocsy_husky/body","tints":[{"default":-1,"type":"minecraft:dye"}],"type":"minecraft:model"},"threshold":50},{"model":{"model":"modelengine:tofnocsy_husky/front_leg_left","tints":[{"default":-1,"type":"minecraft:dye"}],"type":"minecraft:model"},"threshold":51},{"model":{"model":"modelengine:tofnocsy_husky/back_leg_left","tints":[{"default":-1,"type":"minecraft:dye"}],"type":"minecraft:model"},"threshold":52},{"model":{"model":"modelengine:tofnocsy_husky/front_leg_right","tints":[{"default":-1,"type":"minecraft:dye"}],"type":"minecraft:model"},"threshold":53},{"model":{"model":"modelengine:tofnocsy_husky/tail","tints":[{"default":-1,"type":"minecraft:dye"}],"type":"minecraft:model"},"threshold":54},{"model":{"model":"modelengine:tofnocsy_husky/neck","tints":[{"default":-1,"type":"minecraft:dye"}],"type":"minecraft:model"},"threshold":55},{"model":{"model":"modelengine:tofnocsy_husky/back_leg_right","tints":[{"default":-1,"type":"minecraft:dye"}],"type":"minecraft:model"},"threshold":56},{"model":{"model":"modelengine:tofnocsy_husky/front_foot_left","tints":[{"default":-1,"type":"minecraft:dye"}],"type":"minecraft:model"},"threshold":57},{"model":{"model":"modelengine:tofnocsy_husky/back_foot_left","tints":[{"default":-1,"type":"minecraft:dye"}],"type":"minecraft:model"},"threshold":58},{"model":{"model":"modelengine:tofnocsy_husky/front_foot_right","tints":[{"default":-1,"type":"minecraft:dye"}],"type":"minecraft:model"},"threshold":59},{"model":{"model":"modelengine:tofnocsy_husky/head","tints":[{"default":-1,"type":"minecraft:dye"}],"type":"minecraft:model"},"threshold":60},{"model":{"model":"modelengine:tofnocsy_husky/back_foot_right","tints":[{"default":-1,"type":"minecraft:dye"}],"type":"minecraft:model"},"threshold":61},{"model":{"model":"modelengine:tofnocsy_husky/ears","tints":[{"default":-1,"type":"minecraft:dye"}],"type":"minecraft:model"},"threshold":62},{"model":{"model":"modelengine:hoppy_ascendant/leg_left","tints":[{"default":-1,"type":"minecraft:dye"}],"type":"minecraft:model"},"threshold":63},{"model":{"model":"modelengine:hoppy_ascendant/body","tints":[{"default":-1,"type":"minecraft:dye"}],"type":"minecraft:model"},"threshold":64},{"model":{"model":"modelengine:hoppy_ascendant/leg_right","tints":[{"default":-1,"type":"minecraft:dye"}],"type":"minecraft:model"},"threshold":65},{"model":{"model":"modelengine:hoppy_ascendant/foot_left","tints":[{"default":-1,"type":"minecraft:dye"}],"type":"minecraft:model"},"threshold":66},{"model":{"model":"modelengine:hoppy_ascendant/arm_left","tints":[{"default":-1,"type":"minecraft:dye"}],"type":"minecraft:model"},"threshold":67},{"model":{"model":"modelengine:hoppy_ascendant/arm_right","tints":[{"default":-1,"type":"minecraft:dye"}],"type":"minecraft:model"},"threshold":68},{"model":{"model":"modelengine:hoppy_ascendant/tail","tints":[{"default":-1,"type":"minecraft:dye"}],"type":"minecraft:model"},"threshold":69},{"model":{"model":"modelengine:hoppy_ascendant/tail2","tints":[{"default":-1,"type":"minecraft:dye"}],"type":"minecraft:model"},"threshold":70},{"model":{"model":"modelengine:hoppy_ascendant/head","tints":[{"default":-1,"type":"minecraft:dye"}],"type":"minecraft:model"},"threshold":71},{"model":{"model":"modelengine:hoppy_ascendant/foot_right","tints":[{"default":-1,"type":"minecraft:dye"}],"type":"minecraft:model"},"threshold":72},{"model":{"model":"modelengine:hoppy_ascendant/tail_end","tints":[{"default":-1,"type":"minecraft:dye"}],"type":"minecraft:model"},"threshold":73},{"model":{"model":"modelengine:hoppy_ascendant/tail_end2","tints":[{"default":-1,"type":"minecraft:dye"}],"type":"minecraft:model"},"threshold":74},{"model":{"model":"modelengine:hoppy_ascendant/ear_right","tints":[{"default":-1,"type":"minecraft:dye"}],"type":"minecraft:model"},"threshold":75},{"model":{"model":"modelengine:hoppy_ascendant/ear_left","tints":[{"default":-1,"type":"minecraft:dye"}],"type":"minecraft:model"},"threshold":76},{"model":{"model":"modelengine:mushroom_ascendant/leg_left","tints":[{"default":-1,"type":"minecraft:dye"}],"type":"minecraft:model"},"threshold":77},{"model":{"model":"modelengine:mushroom_ascendant/leg_right","tints":[{"default":-1,"type":"minecraft:dye"}],"type":"minecraft:model"},"threshold":78},{"model":{"model":"modelengine:mushroom_ascendant/torso","tints":[{"default":-1,"type":"minecraft:dye"}],"type":"minecraft:model"},"threshold":79},{"model":{"model":"modelengine:mushroom_ascendant/head","tints":[{"default":-1,"type":"minecraft:dye"}],"type":"minecraft:model"},"threshold":80},{"model":{"model":"modelengine:mushroom_ascendant/mush3","tints":[{"default":-1,"type":"minecraft:dye"}],"type":"minecraft:model"},"threshold":81},{"model":{"model":"modelengine:mushroom_ascendant/drape_left","tints":[{"default":-1,"type":"minecraft:dye"}],"type":"minecraft:model"},"threshold":82},{"model":{"model":"modelengine:mushroom_ascendant/mush","tints":[{"default":-1,"type":"minecraft:dye"}],"type":"minecraft:model"},"threshold":83},{"model":{"model":"modelengine:mushroom_ascendant/arm_left","tints":[{"default":-1,"type":"minecraft:dye"}],"type":"minecraft:model"},"threshold":84},{"model":{"model":"modelengine:mushroom_ascendant/arm_right","tints":[{"default":-1,"type":"minecraft:dye"}],"type":"minecraft:model"},"threshold":85},{"model":{"model":"modelengine:mushroom_ascendant/drape_right","tints":[{"default":-1,"type":"minecraft:dye"}],"type":"minecraft:model"},"threshold":86},{"model":{"model":"modelengine:mushroom_ascendant/mush2","tints":[{"default":-1,"type":"minecraft:dye"}],"type":"minecraft:model"},"threshold":87},{"model":{"model":"modelengine:mushroom_ascendant/forearm_left","tints":[{"default":-1,"type":"minecraft:dye"}],"type":"minecraft:model"},"threshold":88},{"model":{"model":"modelengine:mushroom_ascendant/forearm_right","tints":[{"default":-1,"type":"minecraft:dye"}],"type":"minecraft:model"},"threshold":89},{"model":{"model":"modelengine:volcano_lizard_ascendant/leg_front_right","tints":[{"default":-1,"type":"minecraft:dye"}],"type":"minecraft:model"},"threshold":90},{"model":{"model":"modelengine:volcano_lizard_ascendant/torso","tints":[{"default":-1,"type":"minecraft:dye"}],"type":"minecraft:model"},"threshold":91},{"model":{"model":"modelengine:volcano_lizard_ascendant/leg_back_left","tints":[{"default":-1,"type":"minecraft:dye"}],"type":"minecraft:model"},"threshold":92},{"model":{"model":"modelengine:volcano_lizard_ascendant/leg_front_left","tints":[{"default":-1,"type":"minecraft:dye"}],"type":"minecraft:model"},"threshold":93},{"model":{"model":"modelengine:volcano_lizard_ascendant/leg_back_right","tints":[{"default":-1,"type":"minecraft:dye"}],"type":"minecraft:model"},"threshold":94},{"model":{"model":"modelengine:volcano_lizard_ascendant/tibia_front_right","tints":[{"default":-1,"type":"minecraft:dye"}],"type":"minecraft:model"},"threshold":95},{"model":{"model":"modelengine:volcano_lizard_ascendant/horn_middle3","tints":[{"default":-1,"type":"minecraft:dye"}],"type":"minecraft:model"},"threshold":96},{"model":{"model":"modelengine:volcano_lizard_ascendant/torso_low","tints":[{"default":-1,"type":"minecraft:dye"}],"type":"minecraft:model"},"threshold":97},{"model":{"model":"modelengine:volcano_lizard_ascendant/horn_middle5","tints":[{"default":-1,"type":"minecraft:dye"}],"type":"minecraft:model"},"threshold":98},{"model":{"model":"modelengine:volcano_lizard_ascendant/neck","tints":[{"default":-1,"type":"minecraft:dye"}],"type":"minecraft:model"},"threshold":99},{"model":{"model":"modelengine:volcano_lizard_ascendant/tibia_back_left","tints":[{"default":-1,"type":"minecraft:dye"}],"type":"minecraft:model"},"threshold":100},{"model":{"model":"modelengine:volcano_lizard_ascendant/tibia_front_left","tints":[{"default":-1,"type":"minecraft:dye"}],"type":"minecraft:model"},"threshold":101},{"model":{"model":"modelengine:volcano_lizard_ascendant/tibia_back_right","tints":[{"default":-1,"type":"minecraft:dye"}],"type":"minecraft:model"},"threshold":102},{"model":{"model":"modelengine:volcano_lizard_ascendant/horn_middle6","tints":[{"default":-1,"type":"minecraft:dye"}],"type":"minecraft:model"},"threshold":103},{"model":{"model":"modelengine:volcano_lizard_ascendant/horn_middle2","tints":[{"default":-1,"type":"minecraft:dye"}],"type":"minecraft:model"},"threshold":104},{"model":{"model":"modelengine:volcano_lizard_ascendant/tail","tints":[{"default":-1,"type":"minecraft:dye"}],"type":"minecraft:model"},"threshold":105},{"model":{"model":"modelengine:volcano_lizard_ascendant/horn_middle4","tints":[{"default":-1,"type":"minecraft:dye"}],"type":"minecraft:model"},"threshold":106},{"model":{"model":"modelengine:volcano_lizard_ascendant/head","tints":[{"default":-1,"type":"minecraft:dye"}],"type":"minecraft:model"},"threshold":107},{"model":{"model":"modelengine:volcano_lizard_ascendant/tail_end","tints":[{"default":-1,"type":"minecraft:dye"}],"type":"minecraft:model"},"threshold":108},{"model":{"model":"modelengine:volcano_lizard_ascendant/jaw","tints":[{"default":-1,"type":"minecraft:dye"}],"type":"minecraft:model"},"threshold":109},{"model":{"model":"modelengine:volcano_lizard_ascendant/horn_left","tints":[{"default":-1,"type":"minecraft:dye"}],"type":"minecraft:model"},"threshold":110},{"model":{"model":"modelengine:volcano_lizard_ascendant/horn_right","tints":[{"default":-1,"type":"minecraft:dye"}],"type":"minecraft:model"},"threshold":111},{"model":{"model":"modelengine:volcano_lizard_ascendant/horn_middle","tints":[{"default":-1,"type":"minecraft:dye"}],"type":"minecraft:model"},"threshold":112}],"fallback":{"model":"minecraft:item/leather_horse_armor","tints":[{"default":-6265536,"type":"minecraft:dye"}],"type":"minecraft:model"},"property":"minecraft:custom_model_data","type":"minecraft:range_dispatch"},"oversized_in_gui":true}