{
    "model": {
        "type": "range_dispatch",
        "property": "custom_model_data",
        "fallback": {
            "type": "model",
            "model": "item/magma_cream"
        },
        "entries": [
            {
                "threshold": 85500,
                "model": {
                    "type": "model",
                    "model": "item/nocsy/magic_cat/toffy_yarn"
                }
            },
            {
                "threshold": 85501,
                "model": {
                    "type": "model",
                    "model": "item/nocsy/magic_cat/nocsy_magic_cat_icon"
                }
            }
        ]
    }
}