{
	"credit": "Made with Blockbench",
	"texture_size": [64, 64],
	"textures": {
		"2": "modelengine:entity/nocsy/nocsy_baby_werewolf_icon",
		"particle": "modelengine:entity/nocsy/nocsy_baby_werewolf_icon"
	},
	"elements": [
		{
			"name": "tete",
			"from": [4.5, 3.88217, 4.82211],
			"to": [11.5, 10.88217, 11.82211],
			"rotation": {"angle": 0, "axis": "y", "origin": [6.5, 5.88217, 6.82211]},
			"faces": {
				"north": {"uv": [4, 0, 5.75, 1.75], "texture": "#2"},
				"east": {"uv": [4, 2, 5.75, 3.75], "texture": "#2"},
				"south": {"uv": [4, 4, 5.75, 5.75], "texture": "#2"},
				"west": {"uv": [0, 6, 1.75, 7.75], "texture": "#2"},
				"up": {"uv": [7.75, 1.75, 6, 0], "texture": "#2"},
				"down": {"uv": [3.75, 6, 2, 7.75], "texture": "#2"}
			}
		},
		{
			"name": "tete",
			"from": [4.2, 7.61679, 4.49732],
			"to": [6.9, 8.61679, 6.19732],
			"rotation": {"angle": 22.5, "axis": "x", "origin": [8, 8.04179, 5.32232]},
			"faces": {
				"north": {"uv": [5, 9.25, 5.6875, 9.5], "texture": "#2"},
				"east": {"uv": [6.25, 9.75, 6.6875, 10], "texture": "#2"},
				"south": {"uv": [6, 9.25, 6.6875, 9.5], "texture": "#2"},
				"west": {"uv": [9.75, 6.5, 10.1875, 6.75], "texture": "#2"},
				"up": {"uv": [8.6875, 8.4375, 8, 8], "texture": "#2"},
				"down": {"uv": [6.1875, 8.5, 5.5, 8.9375], "texture": "#2"}
			}
		},
		{
			"name": "tete",
			"from": [9.1, 7.61679, 4.49732],
			"to": [11.8, 8.61679, 6.19732],
			"rotation": {"angle": 22.5, "axis": "x", "origin": [8, 8.04179, 5.32232]},
			"faces": {
				"north": {"uv": [9.25, 8.75, 9.9375, 9], "texture": "#2"},
				"east": {"uv": [9.75, 7, 10.1875, 7.25], "texture": "#2"},
				"south": {"uv": [9.25, 9.25, 9.9375, 9.5], "texture": "#2"},
				"west": {"uv": [9.75, 7.5, 10.1875, 7.75], "texture": "#2"},
				"up": {"uv": [7.1875, 8.9375, 6.5, 8.5], "texture": "#2"},
				"down": {"uv": [8.1875, 8.75, 7.5, 9.1875], "texture": "#2"}
			}
		},
		{
			"name": "iris",
			"from": [4.4, 6.08217, 4.69711],
			"to": [6.4, 8.08217, 5.69711],
			"rotation": {"angle": 0, "axis": "y", "origin": [5, 7.38217, 4.69711]},
			"faces": {
				"north": {"uv": [8.5, 8.75, 9, 9.25], "texture": "#2"},
				"east": {"uv": [1.5, 9.5, 1.75, 10], "texture": "#2"},
				"south": {"uv": [2, 9, 2.5, 9.5], "texture": "#2"},
				"west": {"uv": [7.5, 9.5, 7.75, 10], "texture": "#2"},
				"up": {"uv": [8.5, 9.75, 8, 9.5], "texture": "#2"},
				"down": {"uv": [2.5, 9.75, 2, 10], "texture": "#2"}
			}
		},
		{
			"name": "glint",
			"from": [4.75, 7.28217, 4.59711],
			"to": [5.25, 7.78217, 4.59711],
			"rotation": {"angle": 0, "axis": "y", "origin": [5, 7.38217, 4.69711]},
			"faces": {
				"north": {"uv": [10, 2.5, 10.125, 2.625], "texture": "#2"},
				"east": {"uv": [8.5, 10, 8.5, 10.125], "texture": "#2"},
				"south": {"uv": [8, 10, 8.125, 10.125], "texture": "#2"},
				"west": {"uv": [2.5, 10.25, 2.5, 10.375], "texture": "#2"},
				"up": {"uv": [7.625, 8.5, 7.5, 8.5], "texture": "#2"},
				"down": {"uv": [5.125, 9, 5, 9], "texture": "#2"}
			}
		},
		{
			"name": "eye",
			"from": [4.9, 6.18217, 4.62211],
			"to": [6.2, 7.68217, 4.62211],
			"rotation": {"angle": 0, "axis": "y", "origin": [5, 7.38217, 4.69711]},
			"faces": {
				"north": {"uv": [4.75, 9.75, 5.0625, 10.125], "texture": "#2"},
				"east": {"uv": [10.25, 3, 10.25, 3.375], "texture": "#2"},
				"south": {"uv": [9.75, 5, 10.0625, 5.375], "texture": "#2"},
				"west": {"uv": [3.25, 10.25, 3.25, 10.625], "texture": "#2"},
				"up": {"uv": [10.0625, 8.5, 9.75, 8.5], "texture": "#2"},
				"down": {"uv": [3.8125, 10.25, 3.5, 10.25], "texture": "#2"}
			}
		},
		{
			"name": "glint",
			"from": [9.75, 7.28217, 4.59711],
			"to": [10.25, 7.78217, 4.59711],
			"rotation": {"angle": 0, "axis": "y", "origin": [11, 7.38217, 4.69711]},
			"faces": {
				"north": {"uv": [1.5, 10.25, 1.625, 10.375], "texture": "#2"},
				"east": {"uv": [10.25, 3.75, 10.25, 3.875], "texture": "#2"},
				"south": {"uv": [2, 10.25, 2.125, 10.375], "texture": "#2"},
				"west": {"uv": [4.25, 10.25, 4.25, 10.375], "texture": "#2"},
				"up": {"uv": [10.375, 4.25, 10.25, 4.25], "texture": "#2"},
				"down": {"uv": [10.375, 4.5, 10.25, 4.5], "texture": "#2"}
			}
		},
		{
			"name": "eye",
			"from": [9.8, 6.18217, 4.62211],
			"to": [11.1, 7.68217, 4.62211],
			"rotation": {"angle": 0, "axis": "y", "origin": [11, 7.38217, 4.69711]},
			"faces": {
				"north": {"uv": [5.5, 9.75, 5.8125, 10.125], "texture": "#2"},
				"east": {"uv": [4.5, 10.25, 4.5, 10.625], "texture": "#2"},
				"south": {"uv": [9.75, 5.75, 10.0625, 6.125], "texture": "#2"},
				"west": {"uv": [6.25, 10.25, 6.25, 10.625], "texture": "#2"},
				"up": {"uv": [10.5625, 4.75, 10.25, 4.75], "texture": "#2"},
				"down": {"uv": [9.0625, 10.25, 8.75, 10.25], "texture": "#2"}
			}
		},
		{
			"name": "iris",
			"from": [9.6, 6.08217, 4.69711],
			"to": [11.6, 8.08217, 5.69711],
			"rotation": {"angle": 0, "axis": "y", "origin": [11, 7.38217, 4.69711]},
			"faces": {
				"north": {"uv": [2.75, 9, 3.25, 9.5], "texture": "#2"},
				"east": {"uv": [8.75, 9.5, 9, 10], "texture": "#2"},
				"south": {"uv": [3.5, 9, 4, 9.5], "texture": "#2"},
				"west": {"uv": [2.75, 9.75, 3, 10.25], "texture": "#2"},
				"up": {"uv": [3.75, 10, 3.25, 9.75], "texture": "#2"},
				"down": {"uv": [4.5, 9.75, 4, 10], "texture": "#2"}
			}
		},
		{
			"name": "fourrure_tete",
			"from": [4.5, 11.56084, 4.5275],
			"to": [11.5, 11.56084, 11.5275],
			"rotation": {"angle": -22.5, "axis": "x", "origin": [8, 12.56084, 7.5275]},
			"faces": {
				"north": {"uv": [10.25, 8.75, 12, 8.75], "texture": "#2"},
				"east": {"uv": [10.25, 9, 12, 9], "texture": "#2"},
				"south": {"uv": [10.25, 9.25, 12, 9.25], "texture": "#2"},
				"west": {"uv": [9.5, 10.25, 11.25, 10.25], "texture": "#2"},
				"up": {"uv": [7.75, 3.75, 6, 2], "texture": "#2"},
				"down": {"uv": [5.75, 6, 4, 7.75], "texture": "#2"}
			}
		},
		{
			"name": "fourrure_joue",
			"from": [3.503, -0.70775, 4.82211],
			"to": [3.503, 4.29225, 11.82211],
			"rotation": {"angle": -22.5, "axis": "z", "origin": [9.503, 2.89225, 6.82211]},
			"faces": {
				"north": {"uv": [6.5, 10.25, 6.5, 11.5], "texture": "#2"},
				"east": {"uv": [6, 4, 7.75, 5.25], "texture": "#2"},
				"south": {"uv": [6.75, 10.25, 6.75, 11.5], "texture": "#2"},
				"west": {"uv": [6, 5.5, 7.75, 6.75], "texture": "#2"},
				"up": {"uv": [7.5, 12, 7.5, 10.25], "texture": "#2"},
				"down": {"uv": [7.75, 10.25, 7.75, 12], "texture": "#2"}
			}
		},
		{
			"name": "fourrure_joue",
			"from": [12.497, -0.70775, 4.82211],
			"to": [12.497, 4.29225, 11.82211],
			"rotation": {"angle": 22.5, "axis": "z", "origin": [6.497, 2.89225, 6.82211]},
			"faces": {
				"north": {"uv": [10.5, 1, 10.5, 2.25], "texture": "#2"},
				"east": {"uv": [6, 7, 7.75, 8.25], "texture": "#2"},
				"south": {"uv": [10.5, 2.5, 10.5, 3.75], "texture": "#2"},
				"west": {"uv": [0, 8, 1.75, 9.25], "texture": "#2"},
				"up": {"uv": [2.75, 12.25, 2.75, 10.5], "texture": "#2"},
				"down": {"uv": [3, 10.5, 3, 12.25], "texture": "#2"}
			}
		},
		{
			"name": "fourrure_arriere_tete",
			"from": [4.49548, -0.59333, 12.79083],
			"to": [11.49548, 4.40667, 12.79083],
			"rotation": {"angle": -22.5, "axis": "x", "origin": [9.49548, 3.00667, 7.09083]},
			"faces": {
				"north": {"uv": [8, 0, 9.75, 1.25], "texture": "#2"},
				"east": {"uv": [3.5, 10.5, 3.5, 11.75], "texture": "#2"},
				"south": {"uv": [8, 1.5, 9.75, 2.75], "texture": "#2"},
				"west": {"uv": [3.75, 10.5, 3.75, 11.75], "texture": "#2"},
				"up": {"uv": [12, 9.5, 10.25, 9.5], "texture": "#2"},
				"down": {"uv": [12.25, 4, 10.5, 4], "texture": "#2"}
			}
		},
		{
			"name": "oreille",
			"from": [-0.47849, 5.91232, 8.82211],
			"to": [6.52151, 16.91232, 9.07211],
			"rotation": {"angle": 22.5, "axis": "z", "origin": [4.62151, 11.81232, 8.82211]},
			"faces": {
				"north": {"uv": [0, 0, 1.75, 2.75], "texture": "#2"},
				"east": {"uv": [7, 9.25, 7.0625, 12], "texture": "#2"},
				"south": {"uv": [2, 0, 3.75, 2.75], "texture": "#2"},
				"west": {"uv": [0, 9.5, 0.0625, 12.25], "texture": "#2"},
				"up": {"uv": [11.5, 8.0625, 9.75, 8], "texture": "#2"},
				"down": {"uv": [11, 9.75, 9.25, 9.8125], "texture": "#2"}
			}
		},
		{
			"name": "oreille",
			"from": [9.47849, 5.91232, 8.82211],
			"to": [16.47849, 16.91232, 9.07211],
			"rotation": {"angle": -22.5, "axis": "z", "origin": [11.37849, 11.81232, 8.82211]},
			"faces": {
				"north": {"uv": [0, 3, 1.75, 5.75], "texture": "#2"},
				"east": {"uv": [0.5, 9.5, 0.5625, 12.25], "texture": "#2"},
				"south": {"uv": [2, 3, 3.75, 5.75], "texture": "#2"},
				"west": {"uv": [1, 9.5, 1.0625, 12.25], "texture": "#2"},
				"up": {"uv": [11.75, 0.0625, 10, 0], "texture": "#2"},
				"down": {"uv": [11.75, 0.5, 10, 0.5625], "texture": "#2"}
			}
		},
		{
			"name": "museau",
			"from": [6, 4.58217, 2.52211],
			"to": [10, 7.58217, 5.52211],
			"rotation": {"angle": 0, "axis": "y", "origin": [6, 5.38217, 7.52211]},
			"faces": {
				"north": {"uv": [2, 8, 3, 8.75], "texture": "#2"},
				"east": {"uv": [4.5, 8, 5.25, 8.75], "texture": "#2"},
				"south": {"uv": [8, 3, 9, 3.75], "texture": "#2"},
				"west": {"uv": [8, 5, 8.75, 5.75], "texture": "#2"},
				"up": {"uv": [4.25, 8.75, 3.25, 8], "texture": "#2"},
				"down": {"uv": [9, 4, 8, 4.75], "texture": "#2"}
			}
		},
		{
			"name": "dent",
			"from": [6.4, 3.48217, 3.42211],
			"to": [6.4, 4.48217, 4.42211],
			"rotation": {"angle": -45, "axis": "x", "origin": [6, 4.08217, 3.02211]},
			"faces": {
				"north": {"uv": [4, 10.5, 4, 10.75], "texture": "#2"},
				"east": {"uv": [5.5, 8, 5.75, 8.25], "texture": "#2"},
				"south": {"uv": [4.75, 10.5, 4.75, 10.75], "texture": "#2"},
				"west": {"uv": [10, 1, 10.25, 1.25], "texture": "#2"},
				"up": {"uv": [5, 10.75, 5, 10.5], "texture": "#2"},
				"down": {"uv": [10.5, 5, 10.5, 5.25], "texture": "#2"}
			}
		},
		{
			"name": "dent",
			"from": [9.6, 3.48217, 3.42211],
			"to": [9.6, 4.48217, 4.42211],
			"rotation": {"angle": -45, "axis": "x", "origin": [10, 4.08217, 3.02211]},
			"faces": {
				"north": {"uv": [5.25, 10.5, 5.25, 10.75], "texture": "#2"},
				"east": {"uv": [10, 1.5, 10.25, 1.75], "texture": "#2"},
				"south": {"uv": [5.5, 10.5, 5.5, 10.75], "texture": "#2"},
				"west": {"uv": [10, 2, 10.25, 2.25], "texture": "#2"},
				"up": {"uv": [10.5, 5.75, 10.5, 5.5], "texture": "#2"},
				"down": {"uv": [5.75, 10.5, 5.75, 10.75], "texture": "#2"}
			}
		},
		{
			"name": "nez",
			"from": [7, 5.78217, 2.22211],
			"to": [9, 7.78217, 4.22211],
			"rotation": {"angle": 0, "axis": "y", "origin": [8, 6.78217, 3.22211]},
			"faces": {
				"north": {"uv": [4.25, 9, 4.75, 9.5], "texture": "#2"},
				"east": {"uv": [9, 5, 9.5, 5.5], "texture": "#2"},
				"south": {"uv": [9, 5.75, 9.5, 6.25], "texture": "#2"},
				"west": {"uv": [9, 6.5, 9.5, 7], "texture": "#2"},
				"up": {"uv": [9.5, 7.75, 9, 7.25], "texture": "#2"},
				"down": {"uv": [9.5, 8, 9, 8.5], "texture": "#2"}
			}
		},
		{
			"name": "bouche",
			"from": [6.5, 3.96061, 2.91147],
			"to": [9.5, 4.96061, 5.91147],
			"rotation": {"angle": 0, "axis": "y", "origin": [5.5, 5.88217, 6.82211]},
			"faces": {
				"north": {"uv": [9.25, 3, 10, 3.25], "texture": "#2"},
				"east": {"uv": [9.25, 3.5, 10, 3.75], "texture": "#2"},
				"south": {"uv": [9.25, 4, 10, 4.25], "texture": "#2"},
				"west": {"uv": [9.25, 4.5, 10, 4.75], "texture": "#2"},
				"up": {"uv": [8.75, 6.75, 8, 6], "texture": "#2"},
				"down": {"uv": [8.75, 7, 8, 7.75], "texture": "#2"}
			}
		}
	],
	"gui_light": "front",
	"display": {
		"gui": {
			"rotation": [-180, 36, -180],
			"scale": [1.3, 1.3, 1.3]
		},
		"fixed": {
			"translation": [0, 0, -1.5]
		}
	},
	"groups": [
		{
			"name": "h_head",
			"origin": [8, 3.84883, 9.55544],
			"rotation": [2.5, 0, 0],
			"color": 0,
			"children": [
				0,
				1,
				2,
				3,
				4,
				5,
				6,
				7,
				8,
				9,
				10,
				11,
				12,
				13,
				14,
				15,
				16,
				17,
				18,
				{
					"name": "h_mouth",
					"origin": [8, 4.58217, 5.22211],
					"rotation": [-7.5, 0, 0],
					"color": 0,
					"children": [19]
				}
			]
		}
	]
}