{
	"credit": "Made with Blockbench (donator 539696764168339260)",
	"texture_size": [64, 64],
	"textures": {
		"0": "modelengine:entity/nocsy/toffy_claws",
		"particle": "modelengine:entity/nocsy/toffy_claws"
	},
	"elements": [
		{
			"from": [5.5, 3.5, 12],
			"to": [10.5, 8.5, 14],
			"faces": {
				"north": {"uv": [0, 3.75, 1.25, 5], "texture": "#0"},
				"east": {"uv": [0, 5.25, 0.5, 6.5], "texture": "#0"},
				"south": {"uv": [1.5, 3.75, 2.75, 5], "texture": "#0"},
				"west": {"uv": [0.75, 5.25, 1.25, 6.5], "texture": "#0"},
				"up": {"uv": [2.75, 5.75, 1.5, 5.25], "texture": "#0"},
				"down": {"uv": [4.25, 5.25, 3, 5.75], "texture": "#0"}
			}
		},
		{
			"from": [6.5, 7.5, 12],
			"to": [9.5, 9.5, 15],
			"rotation": {"angle": -45, "axis": "y", "origin": [8, 8.5, 13.5]},
			"faces": {
				"north": {"uv": [5.5, 2.5, 6.25, 3], "texture": "#0"},
				"east": {"uv": [5.5, 5.25, 6.25, 5.75], "texture": "#0"},
				"south": {"uv": [1.5, 6, 2.25, 6.5], "texture": "#0"},
				"west": {"uv": [2.5, 6, 3.25, 6.5], "texture": "#0"},
				"up": {"uv": [5.25, 6, 4.5, 5.25], "texture": "#0"},
				"down": {"uv": [6.25, 0, 5.5, 0.75], "texture": "#0"}
			}
		},
		{
			"from": [6, 7.5, 10],
			"to": [10, 8.5, 12],
			"faces": {
				"north": {"uv": [7, 2.75, 8, 3], "texture": "#0"},
				"east": {"uv": [7, 3.75, 7.5, 4], "texture": "#0"},
				"south": {"uv": [7, 3.25, 8, 3.5], "texture": "#0"},
				"west": {"uv": [7, 4.25, 7.5, 4.5], "texture": "#0"},
				"up": {"uv": [6.5, 1.5, 5.5, 1], "texture": "#0"},
				"down": {"uv": [6.5, 1.75, 5.5, 2.25], "texture": "#0"}
			}
		},
		{
			"from": [5.5, 3.5, 9],
			"to": [10.5, 8.5, 10],
			"faces": {
				"north": {"uv": [3, 3.75, 4.25, 5], "texture": "#0"},
				"east": {"uv": [2.5, 6.75, 2.75, 8], "texture": "#0"},
				"south": {"uv": [4.5, 3.75, 5.75, 5], "texture": "#0"},
				"west": {"uv": [3, 6.75, 3.25, 8], "texture": "#0"},
				"up": {"uv": [8, 2, 6.75, 1.75], "texture": "#0"},
				"down": {"uv": [8.25, 2.25, 7, 2.5], "texture": "#0"}
			}
		},
		{
			"from": [5.25, 3.5, 7],
			"to": [6.25, 9.5, 8],
			"rotation": {"angle": 45, "axis": "x", "origin": [7.25, 6, 7.5]},
			"faces": {
				"north": {"uv": [6.5, 4.25, 6.75, 5.75], "texture": "#0"},
				"east": {"uv": [6.5, 6, 6.75, 7.5], "texture": "#0"},
				"south": {"uv": [0, 6.75, 0.25, 8.25], "texture": "#0"},
				"west": {"uv": [6.75, 0, 7, 1.5], "texture": "#0"},
				"up": {"uv": [7.25, 6.5, 7, 6.25], "texture": "#0"},
				"down": {"uv": [7.25, 6.75, 7, 7], "texture": "#0"}
			}
		},
		{
			"from": [9.75, 3.5, 7],
			"to": [10.75, 9.5, 8],
			"rotation": {"angle": 45, "axis": "x", "origin": [8.75, 6, 7.5]},
			"faces": {
				"north": {"uv": [6.75, 4.25, 6.5, 5.75], "texture": "#0"},
				"east": {"uv": [7, 0, 6.75, 1.5], "texture": "#0"},
				"south": {"uv": [0.25, 6.75, 0, 8.25], "texture": "#0"},
				"west": {"uv": [6.75, 6, 6.5, 7.5], "texture": "#0"},
				"up": {"uv": [7, 6.5, 7.25, 6.25], "texture": "#0"},
				"down": {"uv": [7, 6.75, 7.25, 7], "texture": "#0"}
			}
		},
		{
			"from": [8.25, 3.5, 7],
			"to": [9.25, 9.5, 8],
			"rotation": {"angle": 45, "axis": "x", "origin": [8.75, 6, 7.5]},
			"faces": {
				"north": {"uv": [6.75, 4.25, 6.5, 5.75], "texture": "#0"},
				"east": {"uv": [7, 0, 6.75, 1.5], "texture": "#0"},
				"south": {"uv": [0.25, 6.75, 0, 8.25], "texture": "#0"},
				"west": {"uv": [6.75, 6, 6.5, 7.5], "texture": "#0"},
				"up": {"uv": [7, 6.5, 7.25, 6.25], "texture": "#0"},
				"down": {"uv": [7, 6.75, 7.25, 7], "texture": "#0"}
			}
		},
		{
			"from": [6.75, 3.5, 7],
			"to": [7.75, 9.5, 8],
			"rotation": {"angle": 45, "axis": "x", "origin": [7.25, 6, 7.5]},
			"faces": {
				"north": {"uv": [6.5, 4.25, 6.75, 5.75], "texture": "#0"},
				"east": {"uv": [6.5, 6, 6.75, 7.5], "texture": "#0"},
				"south": {"uv": [0, 6.75, 0.25, 8.25], "texture": "#0"},
				"west": {"uv": [6.75, 0, 7, 1.5], "texture": "#0"},
				"up": {"uv": [7.25, 6.5, 7, 6.25], "texture": "#0"},
				"down": {"uv": [7.25, 6.75, 7, 7], "texture": "#0"}
			}
		},
		{
			"from": [8, 4.5, -1],
			"to": [8, 8.5, 9],
			"rotation": {"angle": 0, "axis": "y", "origin": [16, 0, 0]},
			"faces": {
				"north": {"uv": [4, 7.75, 4, 8.75], "texture": "#0"},
				"east": {"uv": [2.75, 1.25, 5.25, 2.25], "texture": "#0"},
				"south": {"uv": [4.25, 7.75, 4.25, 8.75], "texture": "#0"},
				"west": {"uv": [2.75, 2.5, 5.25, 3.5], "texture": "#0"},
				"up": {"uv": [5.5, 10.25, 5.5, 7.75], "texture": "#0"},
				"down": {"uv": [5.75, 7.75, 5.75, 10.25], "texture": "#0"}
			}
		},
		{
			"from": [6, 4.5, -1],
			"to": [6, 8.5, 9],
			"rotation": {"angle": 0, "axis": "y", "origin": [16, 0, 0]},
			"faces": {
				"north": {"uv": [4, 7.75, 4, 8.75], "texture": "#0"},
				"east": {"uv": [2.75, 1.25, 5.25, 2.25], "texture": "#0"},
				"south": {"uv": [4.25, 7.75, 4.25, 8.75], "texture": "#0"},
				"west": {"uv": [2.75, 2.5, 5.25, 3.5], "texture": "#0"},
				"up": {"uv": [5.5, 10.25, 5.5, 7.75], "texture": "#0"},
				"down": {"uv": [5.75, 7.75, 5.75, 10.25], "texture": "#0"}
			}
		},
		{
			"from": [10, 4.5, -1],
			"to": [10, 8.5, 9],
			"faces": {
				"north": {"uv": [4, 7.75, 4, 8.75], "texture": "#0"},
				"east": {"uv": [5.25, 2.5, 2.75, 3.5], "texture": "#0"},
				"south": {"uv": [4.25, 7.75, 4.25, 8.75], "texture": "#0"},
				"west": {"uv": [5.25, 1.25, 2.75, 2.25], "texture": "#0"},
				"up": {"uv": [5.5, 10.25, 5.5, 7.75], "texture": "#0"},
				"down": {"uv": [5.75, 7.75, 5.75, 10.25], "texture": "#0"}
			}
		}
	],
	"gui_light": "front",
	"display": {
		"thirdperson_righthand": {
			"translation": [0, 0.25, -1],
			"scale": [1.1, 1.1, 1.1]
		},
		"thirdperson_lefthand": {
			"translation": [0, 0.25, -1],
			"scale": [1.1, 1.1, 1.1]
		},
		"firstperson_righthand": {
			"rotation": [0, 0, 22.75],
			"translation": [0, 2.25, 0]
		},
		"firstperson_lefthand": {
			"rotation": [0, 0, 22.75],
			"translation": [0, 2.25, 0]
		},
		"ground": {
			"translation": [0, 1.5, 0],
			"scale": [0.5, 0.5, 0.5]
		},
		"gui": {
			"rotation": [-130.79, 40.72, 165.26],
			"translation": [0, 1.5, 0]
		},
		"head": {
			"rotation": [32.5, 0, 0],
			"translation": [0, 5.25, -7.5]
		},
		"fixed": {
			"rotation": [-38.5, 0, 0],
			"translation": [0, 0, -4.75]
		}
	},
	"groups": [
		0,
		1,
		2,
		3,
		4,
		5,
		6,
		7,
		{
			"name": "claws",
			"origin": [16, 0, 0],
			"color": 0,
			"children": [8, 9, 10]
		}
	]
}