{"textures":{"0":"modelengine:entity/toffynocsy_owl_lvl2","particle":"#0"},"elements":[{"from":[2.5,7.75,5.0],"to":[13.5,9.75,12.0],"faces":{"east":{"uv":[4.5,3.875,5.375,4.125],"tintindex":0,"rotation":0,"texture":"#0"},"south":{"uv":[9.125,1.625,10.5,1.875],"tintindex":0,"rotation":0,"texture":"#0"},"north":{"uv":[1.5,9.125,2.875,9.375],"tintindex":0,"rotation":0,"texture":"#0"},"west":{"uv":[9.25,3.875,10.125,4.125],"tintindex":0,"rotation":0,"texture":"#0"},"up":{"uv":[1.375,6.75,0.0,5.875],"tintindex":0,"rotation":0,"texture":"#0"},"down":{"uv":[7.25,2.625,5.875,3.5],"tintindex":0,"rotation":0,"texture":"#0"}}},{"from":[7.5,8.248215,3.8541641],"to":[8.5,10.248215,4.854164],"faces":{"east":{"uv":[7.5,5.875,7.625,6.125],"tintindex":0,"rotation":0,"texture":"#0"},"south":{"uv":[0.75,10.25,0.875,10.5],"tintindex":0,"rotation":0,"texture":"#0"},"north":{"uv":[3.75,6.375,3.875,6.625],"tintindex":0,"rotation":0,"texture":"#0"},"west":{"uv":[8.875,10.25,9.0,10.5],"tintindex":0,"rotation":0,"texture":"#0"},"up":{"uv":[7.75,1.25,7.625,1.125],"tintindex":0,"rotation":0,"texture":"#0"},"down":{"uv":[10.0,6.625,9.875,6.75],"tintindex":0,"rotation":0,"texture":"#0"}},"rotation":{"origin":[8.0,9.248215,4.354164],"angle":45.0,"axis":"y"}},{"from":[9.1,9.450001,4.45],"to":[11.35,11.700001,4.45],"faces":{"south":{"uv":[10.125,4.625,10.375,4.875],"tintindex":0,"rotation":0,"texture":"#0"},"north":{"uv":[10.125,4.25,10.375,4.5],"tintindex":0,"rotation":0,"texture":"#0"}}},{"from":[5.55,10.775,4.375],"to":[6.05,11.275,4.375],"faces":{"south":{"uv":[1.0,10.375,1.125,10.5],"tintindex":0,"rotation":0,"texture":"#0"},"north":{"uv":[10.375,0.5,10.5,0.625],"tintindex":0,"rotation":0,"texture":"#0"}}},{"from":[6.3998685,7.7749996,2.7821012],"to":[12.349869,9.725,4.7821007],"faces":{"east":{"uv":[8.125,10.125,8.375,10.375],"tintindex":0,"rotation":0,"texture":"#0"},"south":{"uv":[9.25,4.625,10.0,4.875],"tintindex":0,"rotation":0,"texture":"#0"},"north":{"uv":[9.25,4.25,10.0,4.5],"tintindex":0,"rotation":0,"texture":"#0"},"west":{"uv":[10.125,8.5,10.375,8.75],"tintindex":0,"rotation":0,"texture":"#0"},"up":{"uv":[5.5,9.5,4.75,9.25],"tintindex":0,"rotation":0,"texture":"#0"},"down":{"uv":[8.0,9.25,7.25,9.5],"tintindex":0,"rotation":0,"texture":"#0"}},"rotation":{"origin":[7.349869,8.75,6.7821007],"angle":-22.5,"axis":"y"}},{"from":[6.3998685,7.7749996,12.217899],"to":[12.349869,9.725,14.217899],"faces":{"east":{"uv":[0.0,10.25,0.25,10.5],"tintindex":0,"rotation":0,"texture":"#0"},"south":{"uv":[9.5,0.0,10.25,0.25],"tintindex":0,"rotation":0,"texture":"#0"},"north":{"uv":[0.0,9.5,0.75,9.75],"tintindex":0,"rotation":0,"texture":"#0"},"west":{"uv":[0.375,10.25,0.625,10.5],"tintindex":0,"rotation":0,"texture":"#0"},"up":{"uv":[10.25,0.625,9.5,0.375],"tintindex":0,"rotation":0,"texture":"#0"},"down":{"uv":[1.625,9.5,0.875,9.75],"tintindex":0,"rotation":0,"texture":"#0"}},"rotation":{"origin":[7.349869,8.75,10.217899],"angle":22.5,"axis":"y"}},{"from":[4.675,9.450001,4.45],"to":[6.925,11.700001,4.45],"faces":{"south":{"uv":[10.125,2.375,10.375,2.625],"tintindex":0,"rotation":0,"texture":"#0"},"north":{"uv":[10.0,8.875,10.25,9.125],"tintindex":0,"rotation":0,"texture":"#0"}}},{"from":[8.557091,10.337988,3.6750002],"to":[16.55709,15.337988,3.6750002],"faces":{"south":{"uv":[0.0,8.0,1.0,8.625],"tintindex":0,"rotation":0,"texture":"#0"},"north":{"uv":[3.75,7.875,4.75,8.5],"tintindex":0,"rotation":0,"texture":"#0"}},"rotation":{"origin":[10.807091,13.712988,4.25],"angle":-22.5,"axis":"x"}},{"from":[3.6501312,7.7749996,12.217899],"to":[9.600131,9.725,14.217899],"faces":{"east":{"uv":[10.25,1.125,10.5,1.375],"tintindex":0,"rotation":0,"texture":"#0"},"south":{"uv":[2.625,9.625,3.375,9.875],"tintindex":0,"rotation":0,"texture":"#0"},"north":{"uv":[1.75,9.5,2.5,9.75],"tintindex":0,"rotation":0,"texture":"#0"},"west":{"uv":[10.25,3.875,10.5,4.125],"tintindex":0,"rotation":0,"texture":"#0"},"up":{"uv":[5.5,9.875,4.75,9.625],"tintindex":0,"rotation":0,"texture":"#0"},"down":{"uv":[7.25,9.625,6.5,9.875],"tintindex":0,"rotation":0,"texture":"#0"}},"rotation":{"origin":[8.650131,8.75,10.217899],"angle":-22.5,"axis":"y"}},{"from":[3.6501312,7.7749996,2.7821012],"to":[9.600131,9.725,4.7821007],"faces":{"east":{"uv":[10.125,9.75,10.375,10.0],"tintindex":0,"rotation":0,"texture":"#0"},"south":{"uv":[5.625,9.375,6.375,9.625],"tintindex":0,"rotation":0,"texture":"#0"},"north":{"uv":[9.25,8.5,10.0,8.75],"tintindex":0,"rotation":0,"texture":"#0"},"west":{"uv":[10.125,10.125,10.375,10.375],"tintindex":0,"rotation":0,"texture":"#0"},"up":{"uv":[8.875,9.625,8.125,9.375],"tintindex":0,"rotation":0,"texture":"#0"},"down":{"uv":[9.75,9.375,9.0,9.625],"tintindex":0,"rotation":0,"texture":"#0"}},"rotation":{"origin":[8.650131,8.75,6.7821007],"angle":22.5,"axis":"y"}},{"from":[-0.55709076,10.337988,3.6750002],"to":[7.4429097,15.337988,3.6750002],"faces":{"south":{"uv":[8.125,4.375,9.125,5.0],"tintindex":0,"rotation":0,"texture":"#0"},"north":{"uv":[8.125,3.625,9.125,4.25],"tintindex":0,"rotation":0,"texture":"#0"}},"rotation":{"origin":[5.1929097,13.712988,4.25],"angle":-22.5,"axis":"x"}},{"from":[9.2,9.950001,4.425],"to":[10.7,11.450001,4.425],"faces":{"south":{"uv":[6.875,1.125,7.125,1.25],"tintindex":0,"rotation":0,"texture":"#0"},"north":{"uv":[6.625,3.625,6.875,3.75],"tintindex":0,"rotation":0,"texture":"#0"}}},{"from":[3.5,13.5,3.25],"to":[12.5,16.5,11.25],"faces":{"east":{"uv":[8.875,8.875,9.875,9.25],"tintindex":0,"rotation":0,"texture":"#0"},"south":{"uv":[8.625,6.375,9.75,6.75],"tintindex":0,"rotation":0,"texture":"#0"},"north":{"uv":[8.625,5.875,9.75,6.25],"tintindex":0,"rotation":0,"texture":"#0"},"west":{"uv":[9.125,1.125,10.125,1.5],"tintindex":0,"rotation":0,"texture":"#0"},"up":{"uv":[7.25,1.0,6.125,0.0],"tintindex":0,"rotation":0,"texture":"#0"},"down":{"uv":[6.5,6.25,5.375,7.25],"tintindex":0,"rotation":0,"texture":"#0"}}},{"from":[3.5,8.5,8.25],"to":[12.5,13.5,13.25],"faces":{"east":{"uv":[0.0,8.75,0.625,9.375],"tintindex":0,"rotation":0,"texture":"#0"},"south":{"uv":[7.875,1.875,9.0,2.5],"tintindex":0,"rotation":0,"texture":"#0"},"north":{"uv":[7.875,1.125,9.0,1.75],"tintindex":0,"rotation":0,"texture":"#0"},"west":{"uv":[0.75,8.75,1.375,9.375],"tintindex":0,"rotation":0,"texture":"#0"},"up":{"uv":[9.0,7.625,7.875,7.0],"tintindex":0,"rotation":0,"texture":"#0"},"down":{"uv":[9.0,7.75,7.875,8.375],"tintindex":0,"rotation":0,"texture":"#0"}}},{"from":[9.375,10.799999,4.375],"to":[9.875,11.299999,4.375],"faces":{"south":{"uv":[10.375,0.25,10.5,0.375],"tintindex":0,"rotation":0,"texture":"#0"},"north":{"uv":[10.375,0.0,10.5,0.125],"tintindex":0,"rotation":0,"texture":"#0"}}},{"from":[5.35,9.950001,4.425],"to":[6.85,11.450001,4.425],"faces":{"south":{"uv":[1.125,7.375,1.375,7.5],"tintindex":0,"rotation":0,"texture":"#0"},"north":{"uv":[7.25,1.125,7.5,1.25],"tintindex":0,"rotation":0,"texture":"#0"}}},{"from":[3.5,5.5,3.275],"to":[6.5,14.5,3.275],"faces":{"south":{"uv":[4.25,8.625,4.625,9.75],"tintindex":0,"rotation":0,"texture":"#0"},"north":{"uv":[3.75,8.625,4.125,9.75],"tintindex":0,"rotation":0,"texture":"#0"}}},{"from":[4.0,8.0,4.5],"to":[12.0,16.0,12.5],"faces":{"east":{"uv":[3.75,6.75,4.75,7.75],"tintindex":0,"rotation":0,"texture":"#0"},"south":{"uv":[0.0,6.875,1.0,7.875],"tintindex":0,"rotation":0,"texture":"#0"},"north":{"uv":[6.625,6.25,7.625,7.25],"tintindex":0,"rotation":0,"texture":"#0"},"west":{"uv":[7.0,3.625,8.0,4.625],"tintindex":0,"rotation":0,"texture":"#0"},"up":{"uv":[8.0,5.75,7.0,4.75],"tintindex":0,"rotation":0,"texture":"#0"},"down":{"uv":[8.375,0.0,7.375,1.0],"tintindex":0,"rotation":0,"texture":"#0"}}}],"display":{"gui":{"rotation":[-150.0,-45.0,180.0]}}}