{"textures":{"0":"modelengine:entity/fairy_seed","particle":"#0"},"elements":[{"from":[7.5,7.25,5.0],"to":[7.5,14.25,11.0],"faces":{"east":{"uv":[9.75,6.5,11.25,8.25],"tintindex":0,"rotation":0,"texture":"#0"},"west":{"uv":[10.0,0.0,11.5,1.75],"tintindex":0,"rotation":0,"texture":"#0"}},"rotation":{"origin":[6.75,9.25,8.0],"angle":22.5,"axis":"z"}},{"from":[4.1642137,7.9571075,8.0],"to":[12.164213,14.957108,8.0],"faces":{"south":{"uv":[9.75,4.5,11.75,6.25],"tintindex":0,"rotation":0,"texture":"#0"},"north":{"uv":[0.0,9.5,2.0,11.25],"tintindex":0,"rotation":0,"texture":"#0"}}}],"display":{"gui":{"rotation":[-150.0,-45.0,180.0]}}}