{"textures":{"0":"modelengine:entity/tofnocsy_phoenix_baby","particle":"#0"},"elements":[{"from":[6.0,8.568794,2.11314],"to":[10.0,13.568794,5.11314],"faces":{"east":{"uv":[0.875,4.0,1.25,4.625],"tintindex":0,"rotation":0,"texture":"#0"},"south":{"uv":[0.875,5.125,1.375,5.75],"tintindex":0,"rotation":0,"texture":"#0"},"north":{"uv":[4.875,2.125,5.375,2.75],"tintindex":0,"rotation":0,"texture":"#0"},"west":{"uv":[3.875,4.75,4.25,5.375],"tintindex":0,"rotation":0,"texture":"#0"},"up":{"uv":[5.625,5.375,5.125,5.0],"tintindex":0,"rotation":0,"texture":"#0"},"down":{"uv":[3.5,5.375,3.0,5.75],"tintindex":0,"rotation":0,"texture":"#0"}},"rotation":{"origin":[8.0,9.068794,4.11314],"angle":22.5,"axis":"x"}},{"from":[5.0,5.0,4.0],"to":[11.0,11.0,13.0],"faces":{"east":{"uv":[1.375,3.0,2.5,3.75],"tintindex":0,"rotation":0,"texture":"#0"},"south":{"uv":[0.0,4.0,0.75,4.75],"tintindex":0,"rotation":0,"texture":"#0"},"north":{"uv":[3.5,3.875,4.25,4.625],"tintindex":0,"rotation":0,"texture":"#0"},"west":{"uv":[2.625,3.0,3.75,3.75],"tintindex":0,"rotation":0,"texture":"#0"},"up":{"uv":[4.0,1.125,3.25,0.0],"tintindex":0,"rotation":0,"texture":"#0"},"down":{"uv":[2.125,3.875,1.375,5.0],"tintindex":0,"rotation":0,"texture":"#0"}},"rotation":{"origin":[8.0,8.0,8.0],"angle":22.5,"axis":"x"}}],"display":{"gui":{"rotation":[-150.0,-45.0,180.0]}}}