{"textures":{"0":"modelengine:entity/nocsy_corgi","particle":"#0"},"elements":[{"from":[6.9333334,-0.5,5.3999996],"to":[11.933333,2.5,10.4],"faces":{"east":{"uv":[8.0,4.25,8.625,4.625],"tintindex":0,"rotation":0,"texture":"#0"},"south":{"uv":[4.875,8.0,5.5,8.375],"tintindex":0,"rotation":0,"texture":"#0"},"north":{"uv":[4.125,8.0,4.75,8.375],"tintindex":0,"rotation":0,"texture":"#0"},"west":{"uv":[5.625,8.0,6.25,8.375],"tintindex":0,"rotation":0,"texture":"#0"},"up":{"uv":[5.125,7.375,4.5,6.75],"tintindex":0,"rotation":0,"texture":"#0"},"down":{"uv":[7.125,6.75,6.5,7.375],"tintindex":0,"rotation":0,"texture":"#0"}}},{"from":[7.3333335,2.5,6.8999996],"to":[11.333334,8.5,9.9],"faces":{"east":{"uv":[1.0,7.5,1.375,8.25],"tintindex":0,"rotation":0,"texture":"#0"},"south":{"uv":[5.875,7.125,6.375,7.875],"tintindex":0,"rotation":0,"texture":"#0"},"north":{"uv":[5.25,7.125,5.75,7.875],"tintindex":0,"rotation":0,"texture":"#0"},"west":{"uv":[1.5,7.5,1.875,8.25],"tintindex":0,"rotation":0,"texture":"#0"},"up":{"uv":[7.5,8.625,7.0,8.25],"tintindex":0,"rotation":0,"texture":"#0"},"down":{"uv":[0.5,8.375,0.0,8.75],"tintindex":0,"rotation":0,"texture":"#0"}}}],"display":{"gui":{"rotation":[-150.0,-45.0,180.0]}}}