{"textures":{"0":"modelengine:entity/nocsy_corgi","particle":"#0"},"elements":[{"from":[2.0,4.7629075,2.4083495],"to":[14.0,13.762908,8.408349],"faces":{"east":{"uv":[2.5,5.0,3.25,6.125],"tintindex":0,"rotation":0,"texture":"#0"},"south":{"uv":[0.0,1.25,1.5,2.375],"tintindex":0,"rotation":0,"texture":"#0"},"north":{"uv":[0.0,0.0,1.5,1.125],"tintindex":0,"rotation":0,"texture":"#0"},"west":{"uv":[3.375,5.0,4.125,6.125],"tintindex":0,"rotation":0,"texture":"#0"},"up":{"uv":[1.5,4.75,0.0,4.0],"tintindex":0,"rotation":0,"texture":"#0"},"down":{"uv":[3.125,4.0,1.625,4.75],"tintindex":0,"rotation":0,"texture":"#0"}},"rotation":{"origin":[8.0,11.262908,5.408349],"angle":22.5,"axis":"x"}},{"from":[3.5,4.839028,6.0256658],"to":[12.5,11.839028,15.025666],"faces":{"east":{"uv":[2.375,4.875,1.25,5.75],"tintindex":0,"rotation":0,"texture":"#0"},"south":{"uv":[0.0,4.875,1.125,5.75],"tintindex":0,"rotation":0,"texture":"#0"},"north":{"uv":[4.625,3.5,5.75,4.375],"tintindex":0,"rotation":0,"texture":"#0"},"west":{"uv":[1.25,4.875,2.375,5.75],"tintindex":0,"rotation":0,"texture":"#0"},"up":{"uv":[4.5,2.625,3.375,1.5],"tintindex":0,"rotation":0,"texture":"#0"},"down":{"uv":[4.5,2.75,3.375,3.875],"tintindex":0,"rotation":0,"texture":"#0"}}},{"from":[5.5,7.379184,14.33746],"to":[10.5,11.379184,18.33746],"faces":{"east":{"uv":[7.375,4.25,7.875,4.75],"tintindex":0,"rotation":0,"texture":"#0"},"south":{"uv":[7.25,7.125,7.875,7.625],"tintindex":0,"rotation":0,"texture":"#0"},"north":{"uv":[7.25,6.5,7.875,7.0],"tintindex":0,"rotation":0,"texture":"#0"},"west":{"uv":[3.5,7.5,4.0,8.0],"tintindex":0,"rotation":0,"texture":"#0"},"up":{"uv":[8.0,3.5,7.375,3.0],"tintindex":0,"rotation":0,"texture":"#0"},"down":{"uv":[8.0,3.625,7.375,4.125],"tintindex":0,"rotation":0,"texture":"#0"}},"rotation":{"origin":[8.0,9.879184,15.83746],"angle":22.5,"axis":"x"}},{"from":[2.0,3.5960422,1.105977],"to":[14.0,6.596042,1.105977],"faces":{"south":{"uv":[5.625,3.0,7.125,3.375],"tintindex":0,"rotation":0,"texture":"#0"},"north":{"uv":[5.625,2.5,7.125,2.875],"tintindex":0,"rotation":0,"texture":"#0"}},"rotation":{"origin":[8.0,4.096042,1.105977],"angle":-22.5,"axis":"x"}}],"display":{"gui":{"rotation":[-150.0,-45.0,180.0]}}}