{"textures":{"1":"modelengine:entity/toy_bone","particle":"#1"},"elements":[{"from":[7.809699,6.293291,6.5],"to":[16.8097,8.293291,8.5],"faces":{"east":{"uv":[3.0,6.5,4.0,7.5],"tintindex":0,"rotation":0,"texture":"#1"},"south":{"uv":[0.0,0.0,4.5,1.0],"tintindex":0,"rotation":0,"texture":"#1"},"north":{"uv":[0.0,1.5,4.5,2.5],"tintindex":0,"rotation":0,"texture":"#1"},"west":{"uv":[4.5,6.5,5.5,7.5],"tintindex":0,"rotation":0,"texture":"#1"},"up":{"uv":[1.0,7.5,0.0,3.0],"tintindex":0,"rotation":90,"texture":"#1"},"down":{"uv":[2.5,3.0,1.5,7.5],"tintindex":0,"rotation":270,"texture":"#1"}}},{"from":[15.809699,6.293291,7.0],"to":[17.8097,8.293291,9.0],"faces":{"east":{"uv":[6.0,6.5,7.0,7.5],"tintindex":0,"rotation":0,"texture":"#1"},"south":{"uv":[7.0,0.0,8.0,1.0],"tintindex":0,"rotation":0,"texture":"#1"},"north":{"uv":[7.0,3.0,8.0,4.0],"tintindex":0,"rotation":0,"texture":"#1"},"west":{"uv":[7.0,1.5,8.0,2.5],"tintindex":0,"rotation":0,"texture":"#1"},"up":{"uv":[8.0,5.5,7.0,4.5],"tintindex":0,"rotation":90,"texture":"#1"},"down":{"uv":[8.5,6.0,7.5,7.0],"tintindex":0,"rotation":270,"texture":"#1"}},"rotation":{"origin":[14.309699,7.293291,7.5],"angle":22.5,"axis":"z"}},{"from":[16.619398,7.25,5.5],"to":[19.619398,9.25,8.5],"faces":{"east":{"uv":[5.0,2.0,6.5,3.0],"tintindex":0,"rotation":0,"texture":"#1"},"south":{"uv":[3.0,5.0,4.5,6.0],"tintindex":0,"rotation":0,"texture":"#1"},"north":{"uv":[5.0,5.0,6.5,6.0],"tintindex":0,"rotation":0,"texture":"#1"},"west":{"uv":[5.0,3.5,6.5,4.5],"tintindex":0,"rotation":0,"texture":"#1"},"up":{"uv":[4.5,4.5,3.0,3.0],"tintindex":0,"rotation":90,"texture":"#1"},"down":{"uv":[6.5,0.0,5.0,1.5],"tintindex":0,"rotation":270,"texture":"#1"}},"rotation":{"origin":[16.619398,8.25,8.0],"angle":-45.0,"axis":"z"}},{"from":[6.0,7.0,5.5],"to":[8.0,9.0,7.5],"faces":{"east":{"uv":[7.5,7.5,8.5,8.5],"tintindex":0,"rotation":0,"texture":"#1"},"south":{"uv":[0.0,8.0,1.0,9.0],"tintindex":0,"rotation":0,"texture":"#1"},"north":{"uv":[3.0,8.0,4.0,9.0],"tintindex":0,"rotation":0,"texture":"#1"},"west":{"uv":[1.5,8.0,2.5,9.0],"tintindex":0,"rotation":0,"texture":"#1"},"up":{"uv":[5.5,9.0,4.5,8.0],"tintindex":0,"rotation":90,"texture":"#1"},"down":{"uv":[7.0,8.0,6.0,9.0],"tintindex":0,"rotation":270,"texture":"#1"}},"rotation":{"origin":[8.0,8.0,8.0],"angle":45.0,"axis":"z"}},{"from":[6.809699,6.043291,7.0],"to":[8.809699,8.043291,9.0],"faces":{"east":{"uv":[8.5,0.0,9.5,1.0],"tintindex":0,"rotation":0,"texture":"#1"},"south":{"uv":[8.5,1.5,9.5,2.5],"tintindex":0,"rotation":0,"texture":"#1"},"north":{"uv":[8.5,4.5,9.5,5.5],"tintindex":0,"rotation":0,"texture":"#1"},"west":{"uv":[8.5,3.0,9.5,4.0],"tintindex":0,"rotation":0,"texture":"#1"},"up":{"uv":[10.0,7.0,9.0,6.0],"tintindex":0,"rotation":90,"texture":"#1"},"down":{"uv":[8.5,9.0,7.5,10.0],"tintindex":0,"rotation":270,"texture":"#1"}},"rotation":{"origin":[10.309699,7.043291,7.5],"angle":-22.5,"axis":"z"}}],"display":{"gui":{"rotation":[-150.0,-45.0,180.0]}}}