{"textures":{"0":"modelengine:entity/nocsy_corgi","particle":"#0"},"elements":[{"from":[2.6,5.25,3.7499995],"to":[2.6,14.250001,8.75],"faces":{"east":{"uv":[4.25,5.5,4.875,6.625],"tintindex":0,"rotation":0,"texture":"#0"},"west":{"uv":[5.0,5.5,5.625,6.625],"tintindex":0,"rotation":0,"texture":"#0"}},"rotation":{"origin":[8.0,9.75,4.75],"angle":-22.5,"axis":"y"}},{"from":[13.4,5.25,3.7499995],"to":[13.4,14.250001,8.75],"faces":{"east":{"uv":[5.625,0.0,6.25,1.125],"tintindex":0,"rotation":0,"texture":"#0"},"west":{"uv":[5.625,1.25,6.25,2.375],"tintindex":0,"rotation":0,"texture":"#0"}},"rotation":{"origin":[8.0,9.75,4.75],"angle":22.5,"axis":"y"}},{"from":[9.2,9.878996,0.59959745],"to":[12.4,11.878996,2.5995975],"faces":{"east":{"uv":[4.25,5.0,4.5,5.25],"tintindex":0,"rotation":0,"texture":"#0"},"south":{"uv":[8.625,5.875,9.0,6.125],"tintindex":0,"rotation":0,"texture":"#0"},"north":{"uv":[8.625,5.5,9.0,5.75],"tintindex":0,"rotation":0,"texture":"#0"},"west":{"uv":[4.875,7.5,5.125,7.75],"tintindex":0,"rotation":0,"texture":"#0"},"up":{"uv":[9.0,6.5,8.625,6.25],"tintindex":0,"rotation":0,"texture":"#0"},"down":{"uv":[9.0,6.625,8.625,6.875],"tintindex":0,"rotation":0,"texture":"#0"}},"rotation":{"origin":[8.0,11.478995,2.0995975],"angle":-22.5,"axis":"x"}},{"from":[5.5,6.75,-2.75],"to":[10.5,9.55,1.2499995],"faces":{"east":{"uv":[6.375,8.0,6.875,8.375],"tintindex":0,"rotation":0,"texture":"#0"},"south":{"uv":[6.5,7.5,7.125,7.875],"tintindex":0,"rotation":0,"texture":"#0"},"north":{"uv":[4.125,7.5,4.75,7.875],"tintindex":0,"rotation":0,"texture":"#0"},"west":{"uv":[8.0,6.375,8.5,6.75],"tintindex":0,"rotation":0,"texture":"#0"},"up":{"uv":[7.75,2.25,7.125,1.75],"tintindex":0,"rotation":0,"texture":"#0"},"down":{"uv":[7.875,2.375,7.25,2.875],"tintindex":0,"rotation":0,"texture":"#0"}}},{"from":[9.3,8.35,0.8749995],"to":[12.3,11.35,1.8749995],"faces":{"east":{"uv":[3.125,8.75,3.25,9.125],"tintindex":0,"rotation":0,"texture":"#0"},"south":{"uv":[1.875,8.5,2.25,8.875],"tintindex":0,"rotation":0,"texture":"#0"},"north":{"uv":[1.375,8.375,1.75,8.75],"tintindex":0,"rotation":0,"texture":"#0"},"west":{"uv":[8.75,3.375,8.875,3.75],"tintindex":0,"rotation":0,"texture":"#0"},"up":{"uv":[7.0,5.125,6.625,5.0],"tintindex":0,"rotation":0,"texture":"#0"},"down":{"uv":[4.5,8.75,4.125,8.875],"tintindex":0,"rotation":0,"texture":"#0"}}},{"from":[4.3,9.85,0.7750001],"to":[5.1,10.650001,0.7750001],"faces":{"south":{"uv":[2.25,5.875,2.375,6.0],"tintindex":0,"rotation":0,"texture":"#0"},"north":{"uv":[3.0,2.25,3.125,2.375],"tintindex":0,"rotation":0,"texture":"#0"}}},{"from":[3.0,5.25,1.2499995],"to":[13.0,14.250001,8.25],"faces":{"east":{"uv":[4.625,1.0,5.5,2.125],"tintindex":0,"rotation":0,"texture":"#0"},"south":{"uv":[1.625,1.25,2.875,2.375],"tintindex":0,"rotation":0,"texture":"#0"},"north":{"uv":[1.625,0.0,2.875,1.125],"tintindex":0,"rotation":0,"texture":"#0"},"west":{"uv":[4.625,2.25,5.5,3.375],"tintindex":0,"rotation":0,"texture":"#0"},"up":{"uv":[4.5,4.875,3.25,4.0],"tintindex":0,"rotation":0,"texture":"#0"},"down":{"uv":[5.375,0.0,4.125,0.875],"tintindex":0,"rotation":0,"texture":"#0"}}},{"from":[10.0,9.85,0.7750001],"to":[10.8,10.650001,0.7750001],"faces":{"south":{"uv":[3.5,7.125,3.625,7.25],"tintindex":0,"rotation":0,"texture":"#0"},"north":{"uv":[6.875,2.25,7.0,2.375],"tintindex":0,"rotation":0,"texture":"#0"}}},{"from":[7.1,8.150001,-3.0499997],"to":[8.9,9.75,-1.2499996],"faces":{"east":{"uv":[8.75,1.75,9.0,2.0],"tintindex":0,"rotation":0,"texture":"#0"},"south":{"uv":[8.75,2.125,9.0,2.375],"tintindex":0,"rotation":0,"texture":"#0"},"north":{"uv":[8.625,8.5,8.875,8.75],"tintindex":0,"rotation":0,"texture":"#0"},"west":{"uv":[2.375,8.75,2.625,9.0],"tintindex":0,"rotation":0,"texture":"#0"},"up":{"uv":[9.0,2.75,8.75,2.5],"tintindex":0,"rotation":0,"texture":"#0"},"down":{"uv":[3.0,8.75,2.75,9.0],"tintindex":0,"rotation":0,"texture":"#0"}}},{"from":[3.6999998,8.35,0.8749995],"to":[6.7,11.35,1.8749995],"faces":{"east":{"uv":[2.0,7.5,2.125,7.875],"tintindex":0,"rotation":0,"texture":"#0"},"south":{"uv":[3.75,6.25,4.125,6.625],"tintindex":0,"rotation":0,"texture":"#0"},"north":{"uv":[4.125,1.0,4.5,1.375],"tintindex":0,"rotation":0,"texture":"#0"},"west":{"uv":[8.75,2.875,8.875,3.25],"tintindex":0,"rotation":0,"texture":"#0"},"up":{"uv":[6.25,5.375,5.875,5.25],"tintindex":0,"rotation":0,"texture":"#0"},"down":{"uv":[6.75,2.25,6.375,2.375],"tintindex":0,"rotation":0,"texture":"#0"}}},{"from":[3.6,9.878996,0.59959745],"to":[6.8,11.878996,2.5995975],"faces":{"east":{"uv":[3.0,1.5,3.25,1.75],"tintindex":0,"rotation":0,"texture":"#0"},"south":{"uv":[6.5,8.5,6.875,8.75],"tintindex":0,"rotation":0,"texture":"#0"},"north":{"uv":[5.25,6.75,5.625,7.0],"tintindex":0,"rotation":0,"texture":"#0"},"west":{"uv":[3.0,1.875,3.25,2.125],"tintindex":0,"rotation":0,"texture":"#0"},"up":{"uv":[9.0,5.0,8.625,4.75],"tintindex":0,"rotation":0,"texture":"#0"},"down":{"uv":[9.0,5.125,8.625,5.375],"tintindex":0,"rotation":0,"texture":"#0"}},"rotation":{"origin":[8.0,11.478995,2.0995975],"angle":-22.5,"axis":"x"}}],"display":{"gui":{"rotation":[-150.0,-45.0,180.0]}}}