{"textures":{"0":"modelengine:entity/nocsy_corgi","particle":"#0"},"elements":[{"from":[6.9333334,4.4999995,5.2],"to":[11.933333,10.5,10.2],"faces":{"east":{"uv":[5.875,4.375,6.5,5.125],"tintindex":0,"rotation":0,"texture":"#0"},"south":{"uv":[2.25,6.25,2.875,7.0],"tintindex":0,"rotation":0,"texture":"#0"},"north":{"uv":[5.875,3.5,6.5,4.25],"tintindex":0,"rotation":0,"texture":"#0"},"west":{"uv":[3.0,6.25,3.625,7.0],"tintindex":0,"rotation":0,"texture":"#0"},"up":{"uv":[7.25,4.125,6.625,3.5],"tintindex":0,"rotation":0,"texture":"#0"},"down":{"uv":[7.25,4.25,6.625,4.875],"tintindex":0,"rotation":0,"texture":"#0"}}},{"from":[7.3333335,2.5,6.9],"to":[11.333334,4.4999995,9.9],"faces":{"east":{"uv":[8.625,7.75,9.0,8.0],"tintindex":0,"rotation":0,"texture":"#0"},"south":{"uv":[3.5,8.625,4.0,8.875],"tintindex":0,"rotation":0,"texture":"#0"},"north":{"uv":[8.625,1.375,9.125,1.625],"tintindex":0,"rotation":0,"texture":"#0"},"west":{"uv":[8.625,8.125,9.0,8.375],"tintindex":0,"rotation":0,"texture":"#0"},"up":{"uv":[8.5,8.25,8.0,7.875],"tintindex":0,"rotation":0,"texture":"#0"},"down":{"uv":[8.625,3.0,8.125,3.375],"tintindex":0,"rotation":0,"texture":"#0"}}},{"from":[6.9333334,-0.5,5.4],"to":[11.933333,2.5,10.400001],"faces":{"east":{"uv":[7.875,4.875,8.5,5.25],"tintindex":0,"rotation":0,"texture":"#0"},"south":{"uv":[7.875,5.375,8.5,5.75],"tintindex":0,"rotation":0,"texture":"#0"},"north":{"uv":[7.875,1.5,8.5,1.875],"tintindex":0,"rotation":0,"texture":"#0"},"west":{"uv":[7.875,5.875,8.5,6.25],"tintindex":0,"rotation":0,"texture":"#0"},"up":{"uv":[0.625,7.375,0.0,6.75],"tintindex":0,"rotation":0,"texture":"#0"},"down":{"uv":[1.375,6.75,0.75,7.375],"tintindex":0,"rotation":0,"texture":"#0"}}}],"display":{"gui":{"rotation":[-150.0,-45.0,180.0]}}}