{"textures":{"0":"modelengine:entity/nocsy_corgi","particle":"#0"},"elements":[{"from":[4.0625434,4.8236713,8.023192],"to":[12.062544,15.823671,8.123192],"faces":{"east":{"uv":[7.625,8.25,7.75,9.625],"tintindex":0,"rotation":0,"texture":"#0"},"south":{"uv":[1.125,2.5,2.125,3.875],"tintindex":0,"rotation":0,"texture":"#0"},"north":{"uv":[0.0,2.5,1.0,3.875],"tintindex":0,"rotation":0,"texture":"#0"},"west":{"uv":[0.625,8.375,0.75,9.75],"tintindex":0,"rotation":0,"texture":"#0"},"up":{"uv":[9.125,4.125,8.125,4.0],"tintindex":0,"rotation":0,"texture":"#0"},"down":{"uv":[9.5,1.125,8.5,1.25],"tintindex":0,"rotation":0,"texture":"#0"}}}],"display":{"gui":{"rotation":[-150.0,-45.0,180.0]}}}