{"textures":{"0":"modelengine:entity/nocsy_corgi","particle":"#0"},"elements":[{"from":[6.0,9.719117,2.7374268],"to":[10.0,9.719117,8.737427],"faces":{"up":{"uv":[7.625,0.75,7.125,0.0],"tintindex":0,"rotation":0,"texture":"#0"},"down":{"uv":[7.625,0.875,7.125,1.625],"tintindex":0,"rotation":0,"texture":"#0"}}},{"from":[5.5,7.619117,3.4374266],"to":[10.5,9.619117,8.437427],"faces":{"east":{"uv":[8.5,0.0,9.125,0.25],"tintindex":0,"rotation":0,"texture":"#0"},"south":{"uv":[8.5,0.375,9.125,0.625],"tintindex":0,"rotation":0,"texture":"#0"},"north":{"uv":[7.875,8.375,8.5,8.625],"tintindex":0,"rotation":0,"texture":"#0"},"west":{"uv":[8.5,0.75,9.125,1.0],"tintindex":0,"rotation":0,"texture":"#0"},"up":{"uv":[7.0,0.625,6.375,0.0],"tintindex":0,"rotation":0,"texture":"#0"},"down":{"uv":[7.0,0.75,6.375,1.375],"tintindex":0,"rotation":0,"texture":"#0"}}}],"display":{"gui":{"rotation":[-150.0,-45.0,180.0]}}}