{"textures":{"0":"modelengine:entity/nocsy_corgi","particle":"#0"},"elements":[{"from":[3.9374566,4.8236713,8.023192],"to":[11.937456,15.823671,8.123192],"faces":{"east":{"uv":[0.875,8.375,1.0,9.75],"tintindex":0,"rotation":0,"texture":"#0"},"south":{"uv":[3.0,0.0,4.0,1.375],"tintindex":0,"rotation":0,"texture":"#0"},"north":{"uv":[2.25,2.5,3.25,3.875],"tintindex":0,"rotation":0,"texture":"#0"},"west":{"uv":[1.125,8.375,1.25,9.75],"tintindex":0,"rotation":0,"texture":"#0"},"up":{"uv":[3.375,8.625,2.375,8.5],"tintindex":0,"rotation":0,"texture":"#0"},"down":{"uv":[5.125,8.5,4.125,8.625],"tintindex":0,"rotation":0,"texture":"#0"}}}],"display":{"gui":{"rotation":[-150.0,-45.0,180.0]}}}