{"textures":{"0":"modelengine:entity/nocsy_corgi","particle":"#0"},"elements":[{"from":[4.6666665,2.5,6.8999996],"to":[8.666666,8.5,9.9],"faces":{"east":{"uv":[0.0,7.5,0.375,8.25],"tintindex":0,"rotation":0,"texture":"#0"},"south":{"uv":[2.875,7.125,3.375,7.875],"tintindex":0,"rotation":0,"texture":"#0"},"north":{"uv":[2.25,7.125,2.75,7.875],"tintindex":0,"rotation":0,"texture":"#0"},"west":{"uv":[0.5,7.5,0.875,8.25],"tintindex":0,"rotation":0,"texture":"#0"},"up":{"uv":[4.0,8.5,3.5,8.125],"tintindex":0,"rotation":0,"texture":"#0"},"down":{"uv":[8.625,3.5,8.125,3.875],"tintindex":0,"rotation":0,"texture":"#0"}}},{"from":[4.0666666,-0.5,5.3999996],"to":[9.066667,2.5,10.4],"faces":{"east":{"uv":[8.0,2.0,8.625,2.375],"tintindex":0,"rotation":0,"texture":"#0"},"south":{"uv":[8.0,2.5,8.625,2.875],"tintindex":0,"rotation":0,"texture":"#0"},"north":{"uv":[2.0,8.0,2.625,8.375],"tintindex":0,"rotation":0,"texture":"#0"},"west":{"uv":[2.75,8.0,3.375,8.375],"tintindex":0,"rotation":0,"texture":"#0"},"up":{"uv":[2.125,7.375,1.5,6.75],"tintindex":0,"rotation":0,"texture":"#0"},"down":{"uv":[4.375,6.75,3.75,7.375],"tintindex":0,"rotation":0,"texture":"#0"}}}],"display":{"gui":{"rotation":[-150.0,-45.0,180.0]}}}