{"textures":{"0":"modelengine:entity/nocsy_corgi","particle":"#0"},"elements":[{"from":[4.0666666,-0.5,5.4],"to":[9.066667,2.5,10.400001],"faces":{"east":{"uv":[7.75,0.5,8.375,0.875],"tintindex":0,"rotation":0,"texture":"#0"},"south":{"uv":[7.75,1.0,8.375,1.375],"tintindex":0,"rotation":0,"texture":"#0"},"north":{"uv":[7.75,0.0,8.375,0.375],"tintindex":0,"rotation":0,"texture":"#0"},"west":{"uv":[7.25,7.75,7.875,8.125],"tintindex":0,"rotation":0,"texture":"#0"},"up":{"uv":[7.125,5.875,6.5,5.25],"tintindex":0,"rotation":0,"texture":"#0"},"down":{"uv":[7.125,6.0,6.5,6.625],"tintindex":0,"rotation":0,"texture":"#0"}}},{"from":[4.6666665,2.5,6.9],"to":[8.666666,4.4999995,9.9],"faces":{"east":{"uv":[8.625,7.0,9.0,7.25],"tintindex":0,"rotation":0,"texture":"#0"},"south":{"uv":[5.875,8.5,6.375,8.75],"tintindex":0,"rotation":0,"texture":"#0"},"north":{"uv":[5.25,8.5,5.75,8.75],"tintindex":0,"rotation":0,"texture":"#0"},"west":{"uv":[8.625,7.375,9.0,7.625],"tintindex":0,"rotation":0,"texture":"#0"},"up":{"uv":[8.5,7.25,8.0,6.875],"tintindex":0,"rotation":0,"texture":"#0"},"down":{"uv":[8.5,7.375,8.0,7.75],"tintindex":0,"rotation":0,"texture":"#0"}}},{"from":[4.0666666,4.4999995,5.2],"to":[9.066667,10.5,10.2],"faces":{"east":{"uv":[0.0,5.875,0.625,6.625],"tintindex":0,"rotation":0,"texture":"#0"},"south":{"uv":[0.75,5.875,1.375,6.625],"tintindex":0,"rotation":0,"texture":"#0"},"north":{"uv":[5.75,5.5,6.375,6.25],"tintindex":0,"rotation":0,"texture":"#0"},"west":{"uv":[1.5,5.875,2.125,6.625],"tintindex":0,"rotation":0,"texture":"#0"},"up":{"uv":[7.0,2.125,6.375,1.5],"tintindex":0,"rotation":0,"texture":"#0"},"down":{"uv":[6.375,6.375,5.75,7.0],"tintindex":0,"rotation":0,"texture":"#0"}}}],"display":{"gui":{"rotation":[-150.0,-45.0,180.0]}}}