{"textures":{"0":"modelengine:entity/nocsy_chibi_tree_golem","particle":"#0"},"elements":[{"from":[15.296101,4.0,2.243277],"to":[15.296101,17.0,14.243277],"faces":{"east":{"uv":[0.0,0.0,1.5,1.625],"tintindex":0,"rotation":0,"texture":"#0"},"west":{"uv":[1.625,0.0,3.125,1.625],"tintindex":0,"rotation":0,"texture":"#0"}},"rotation":{"origin":[15.296101,9.0,8.243278],"angle":22.5,"axis":"y"}},{"from":[3.0,6.0,3.0],"to":[13.0,14.0,13.0],"faces":{"east":{"uv":[4.125,2.125,5.375,3.125],"tintindex":0,"rotation":0,"texture":"#0"},"south":{"uv":[4.125,3.25,5.375,4.25],"tintindex":0,"rotation":0,"texture":"#0"},"north":{"uv":[4.125,1.0,5.375,2.0],"tintindex":0,"rotation":0,"texture":"#0"},"west":{"uv":[4.125,4.375,5.375,5.375],"tintindex":0,"rotation":0,"texture":"#0"},"up":{"uv":[4.0,3.0,2.75,1.75],"tintindex":0,"rotation":0,"texture":"#0"},"down":{"uv":[4.0,3.125,2.75,4.375],"tintindex":0,"rotation":0,"texture":"#0"}}},{"from":[14.534826,12.0,7.536241],"to":[14.534826,20.0,17.53624],"faces":{"east":{"uv":[2.75,4.5,4.0,5.5],"tintindex":0,"rotation":0,"texture":"#0"},"west":{"uv":[5.5,0.0,6.75,1.0],"tintindex":0,"rotation":0,"texture":"#0"}},"rotation":{"origin":[14.534826,16.0,12.536242],"angle":45.0,"axis":"y"}},{"from":[2.0,10.227979,15.233681],"to":[14.0,14.22798,15.233681],"faces":{"south":{"uv":[5.25,6.375,6.75,6.875],"tintindex":0,"rotation":0,"texture":"#0"},"north":{"uv":[5.25,5.75,6.75,6.25],"tintindex":0,"rotation":0,"texture":"#0"}},"rotation":{"origin":[8.0,11.227979,15.233681],"angle":-22.5,"axis":"x"}},{"from":[0.7038994,4.0,2.243277],"to":[0.7038994,17.0,14.243277],"faces":{"east":{"uv":[0.0,0.0,1.5,1.625],"tintindex":0,"rotation":0,"texture":"#0"},"west":{"uv":[1.625,0.0,3.125,1.625],"tintindex":0,"rotation":0,"texture":"#0"}},"rotation":{"origin":[0.7038994,9.0,8.243278],"angle":-22.5,"axis":"y"}},{"from":[0.7059803,9.0,8.532815],"to":[0.7059803,17.0,18.532814],"faces":{"east":{"uv":[0.0,4.5,1.25,5.5],"tintindex":0,"rotation":0,"texture":"#0"},"south":{"uv":[4.125,3.25,5.375,4.25],"tintindex":0,"rotation":0,"texture":"#0"},"north":{"uv":[4.125,1.0,5.375,2.0],"tintindex":0,"rotation":0,"texture":"#0"},"west":{"uv":[1.375,4.5,2.625,5.5],"tintindex":0,"rotation":0,"texture":"#0"},"up":{"uv":[4.0,3.0,2.75,1.75],"tintindex":0,"rotation":0,"texture":"#0"},"down":{"uv":[4.0,3.125,2.75,4.375],"tintindex":0,"rotation":0,"texture":"#0"}},"rotation":{"origin":[5.7059803,10.0,13.532815],"angle":-22.5,"axis":"y"}},{"from":[2.0,15.912493,2.6197805],"to":[14.0,15.912493,8.619781],"faces":{"up":{"uv":[7.0,1.875,5.5,1.125],"tintindex":0,"rotation":0,"texture":"#0"},"down":{"uv":[7.0,2.0,5.5,2.75],"tintindex":0,"rotation":0,"texture":"#0"}},"rotation":{"origin":[9.0,15.912493,7.6197805],"angle":-22.5,"axis":"x"}},{"from":[2.0,15.338469,8.352593],"to":[14.0,15.338469,14.352593],"faces":{"up":{"uv":[7.0,3.625,5.5,2.875],"tintindex":0,"rotation":0,"texture":"#0"},"down":{"uv":[7.0,3.75,5.5,4.5],"tintindex":0,"rotation":0,"texture":"#0"}},"rotation":{"origin":[8.0,15.338469,10.852593],"angle":22.5,"axis":"x"}},{"from":[3.0,4.0,2.6999998],"to":[13.0,17.0,2.6999998],"faces":{"south":{"uv":[1.375,1.75,2.625,3.375],"tintindex":0,"rotation":0,"texture":"#0"},"north":{"uv":[0.0,1.75,1.25,3.375],"tintindex":0,"rotation":0,"texture":"#0"}}},{"from":[2.0,3.4571056,14.850998],"to":[14.0,10.457106,14.850998],"faces":{"south":{"uv":[0.0,3.5,1.5,4.375],"tintindex":0,"rotation":0,"texture":"#0"},"north":{"uv":[3.25,0.0,4.75,0.875],"tintindex":0,"rotation":0,"texture":"#0"}},"rotation":{"origin":[8.0,8.457106,14.850998],"angle":22.5,"axis":"x"}},{"from":[5.2,8.9,2.9],"to":[6.2,9.9,2.9],"faces":{"south":{"uv":[7.125,8.125,7.25,8.25],"tintindex":0,"rotation":0,"texture":"#0"},"north":{"uv":[6.875,8.125,7.0,8.25],"tintindex":0,"rotation":0,"texture":"#0"}}},{"from":[9.8,8.9,2.9],"to":[10.8,9.9,2.9],"faces":{"south":{"uv":[6.875,8.125,7.0,8.25],"tintindex":0,"rotation":0,"texture":"#0"},"north":{"uv":[7.125,8.125,7.25,8.25],"tintindex":0,"rotation":0,"texture":"#0"}}}],"display":{"gui":{"rotation":[-150.0,-45.0,180.0]}}}