{"textures":{"0":"modelengine:entity/nocsy_chibi_tree_golem","particle":"#0"},"elements":[{"from":[6.6813684,3.4050188,5.7109213],"to":[9.681369,8.405019,9.710921],"faces":{"east":{"uv":[0.75,6.75,1.25,7.375],"tintindex":0,"rotation":0,"texture":"#0"},"south":{"uv":[7.125,2.625,7.5,3.25],"tintindex":0,"rotation":0,"texture":"#0"},"north":{"uv":[3.375,6.75,3.75,7.375],"tintindex":0,"rotation":0,"texture":"#0"},"west":{"uv":[1.375,6.75,1.875,7.375],"tintindex":0,"rotation":0,"texture":"#0"},"up":{"uv":[4.75,8.0,4.375,7.5],"tintindex":0,"rotation":0,"texture":"#0"},"down":{"uv":[7.875,4.875,7.5,5.375],"tintindex":0,"rotation":0,"texture":"#0"}}},{"from":[5.8018208,4.405019,7.132705],"to":[5.8018208,9.405019,12.132706],"faces":{"east":{"uv":[3.25,1.0,3.875,1.625],"tintindex":0,"rotation":0,"texture":"#0"},"south":{"uv":[7.125,2.625,7.5,3.25],"tintindex":0,"rotation":0,"texture":"#0"},"north":{"uv":[3.375,6.75,3.75,7.375],"tintindex":0,"rotation":0,"texture":"#0"},"west":{"uv":[3.875,6.625,4.5,7.25],"tintindex":0,"rotation":0,"texture":"#0"},"up":{"uv":[4.75,8.0,4.375,7.5],"tintindex":0,"rotation":0,"texture":"#0"},"down":{"uv":[7.875,4.875,7.5,5.375],"tintindex":0,"rotation":0,"texture":"#0"}},"rotation":{"origin":[7.3018208,6.905019,9.132706],"angle":-22.5,"axis":"y"}},{"from":[6.6913686,5.268573,6.195795],"to":[9.671369,6.2485723,7.1757946],"faces":{"east":{"uv":[5.25,5.5,5.375,5.625],"tintindex":0,"rotation":0,"texture":"#0"},"south":{"uv":[8.0,0.0,8.375,0.125],"tintindex":0,"rotation":0,"texture":"#0"},"north":{"uv":[7.875,4.625,8.25,4.75],"tintindex":0,"rotation":0,"texture":"#0"},"west":{"uv":[3.875,6.375,4.0,6.5],"tintindex":0,"rotation":0,"texture":"#0"},"up":{"uv":[8.375,0.375,8.0,0.25],"tintindex":0,"rotation":0,"texture":"#0"},"down":{"uv":[8.375,0.5,8.0,0.625],"tintindex":0,"rotation":0,"texture":"#0"}},"rotation":{"origin":[8.181369,3.7585726,8.185795],"angle":-45.0,"axis":"x"}}],"display":{"gui":{"rotation":[-150.0,-45.0,180.0]}}}