{"textures":{"0":"modelengine:entity/nocsy_chibi_tree_golem","particle":"#0"},"elements":[{"from":[6.5,2.0,7.0],"to":[9.5,7.0,10.0],"faces":{"east":{"uv":[0.0,7.5,0.375,8.125],"tintindex":0,"rotation":0,"texture":"#0"},"south":{"uv":[7.5,0.0,7.875,0.625],"tintindex":0,"rotation":0,"texture":"#0"},"north":{"uv":[7.375,4.125,7.75,4.75],"tintindex":0,"rotation":0,"texture":"#0"},"west":{"uv":[0.5,7.5,0.875,8.125],"tintindex":0,"rotation":0,"texture":"#0"},"up":{"uv":[8.125,1.125,7.75,0.75],"tintindex":0,"rotation":0,"texture":"#0"},"down":{"uv":[8.125,1.25,7.75,1.625],"tintindex":0,"rotation":0,"texture":"#0"}}},{"from":[3.9400473,3.3000002,5.938633],"to":[7.940047,7.3,5.938633],"faces":{"east":{"uv":[7.5,0.0,7.875,0.625],"tintindex":0,"rotation":0,"texture":"#0"},"south":{"uv":[7.125,2.0,7.625,2.5],"tintindex":0,"rotation":0,"texture":"#0"},"north":{"uv":[7.125,1.375,7.625,1.875],"tintindex":0,"rotation":0,"texture":"#0"},"west":{"uv":[7.375,4.125,7.75,4.75],"tintindex":0,"rotation":0,"texture":"#0"},"up":{"uv":[8.125,1.125,7.75,0.75],"tintindex":0,"rotation":0,"texture":"#0"},"down":{"uv":[8.125,1.25,7.75,1.625],"tintindex":0,"rotation":0,"texture":"#0"}},"rotation":{"origin":[6.440047,3.8000002,5.938633],"angle":-45.0,"axis":"y"}}],"display":{"gui":{"rotation":[-150.0,-45.0,180.0]}}}