{"textures":{"0":"modelengine:entity/nocsy_chibi_tree_golem","particle":"#0"},"elements":[{"from":[6.5,2.0,7.0],"to":[9.5,7.0,10.0],"faces":{"east":{"uv":[1.5,7.5,1.875,8.125],"tintindex":0,"rotation":0,"texture":"#0"},"south":{"uv":[2.75,7.5,3.125,8.125],"tintindex":0,"rotation":0,"texture":"#0"},"north":{"uv":[1.0,7.5,1.375,8.125],"tintindex":0,"rotation":0,"texture":"#0"},"west":{"uv":[3.25,7.5,3.625,8.125],"tintindex":0,"rotation":0,"texture":"#0"},"up":{"uv":[8.125,2.125,7.75,1.75],"tintindex":0,"rotation":0,"texture":"#0"},"down":{"uv":[2.375,7.75,2.0,8.125],"tintindex":0,"rotation":0,"texture":"#0"}}},{"from":[9.385819,3.0,8.574025],"to":[13.385819,8.0,8.574025],"faces":{"east":{"uv":[1.5,7.5,1.875,8.125],"tintindex":0,"rotation":0,"texture":"#0"},"south":{"uv":[5.25,7.0,5.75,7.625],"tintindex":0,"rotation":0,"texture":"#0"},"north":{"uv":[6.875,6.875,7.375,7.5],"tintindex":0,"rotation":0,"texture":"#0"},"west":{"uv":[3.25,7.5,3.625,8.125],"tintindex":0,"rotation":0,"texture":"#0"},"up":{"uv":[8.125,2.125,7.75,1.75],"tintindex":0,"rotation":0,"texture":"#0"},"down":{"uv":[2.375,7.75,2.0,8.125],"tintindex":0,"rotation":0,"texture":"#0"}},"rotation":{"origin":[10.885819,5.5,8.574025],"angle":-22.5,"axis":"y"}}],"display":{"gui":{"rotation":[-150.0,-45.0,180.0]}}}