{"textures":{"0":"modelengine:entity/nocsy_chibi_tree_golem","particle":"#0"},"elements":[{"from":[6.3186316,3.4050188,5.7109213],"to":[9.318632,8.405019,9.710921],"faces":{"east":{"uv":[2.75,6.75,3.25,7.375],"tintindex":0,"rotation":0,"texture":"#0"},"south":{"uv":[3.875,7.375,4.25,8.0],"tintindex":0,"rotation":0,"texture":"#0"},"north":{"uv":[7.125,3.375,7.5,4.0],"tintindex":0,"rotation":0,"texture":"#0"},"west":{"uv":[6.875,0.0,7.375,0.625],"tintindex":0,"rotation":0,"texture":"#0"},"up":{"uv":[7.875,6.0,7.5,5.5],"tintindex":0,"rotation":0,"texture":"#0"},"down":{"uv":[7.875,6.125,7.5,6.625],"tintindex":0,"rotation":0,"texture":"#0"}}},{"from":[6.328632,5.268573,6.195795],"to":[9.308632,6.2485723,7.1757946],"faces":{"east":{"uv":[7.625,3.875,7.75,4.0],"tintindex":0,"rotation":0,"texture":"#0"},"south":{"uv":[8.0,5.125,8.375,5.25],"tintindex":0,"rotation":0,"texture":"#0"},"north":{"uv":[8.0,4.875,8.375,5.0],"tintindex":0,"rotation":0,"texture":"#0"},"west":{"uv":[6.625,8.125,6.75,8.25],"tintindex":0,"rotation":0,"texture":"#0"},"up":{"uv":[8.375,5.5,8.0,5.375],"tintindex":0,"rotation":0,"texture":"#0"},"down":{"uv":[8.375,5.625,8.0,5.75],"tintindex":0,"rotation":0,"texture":"#0"}},"rotation":{"origin":[7.818631,3.7585726,8.185795],"angle":-45.0,"axis":"x"}},{"from":[10.198179,4.405019,7.132705],"to":[10.198179,9.405019,12.132706],"faces":{"east":{"uv":[6.625,4.625,7.25,5.25],"tintindex":0,"rotation":0,"texture":"#0"},"south":{"uv":[3.875,7.375,4.25,8.0],"tintindex":0,"rotation":0,"texture":"#0"},"north":{"uv":[7.125,3.375,7.5,4.0],"tintindex":0,"rotation":0,"texture":"#0"},"west":{"uv":[0.0,6.75,0.625,7.375],"tintindex":0,"rotation":0,"texture":"#0"},"up":{"uv":[7.875,6.0,7.5,5.5],"tintindex":0,"rotation":0,"texture":"#0"},"down":{"uv":[7.875,6.125,7.5,6.625],"tintindex":0,"rotation":0,"texture":"#0"}},"rotation":{"origin":[8.698179,6.905019,9.132706],"angle":22.5,"axis":"y"}},{"from":[9.951186,4.4,5.073734],"to":[13.951185,9.4,5.073734],"faces":{"south":{"uv":[6.875,6.125,7.375,6.75],"tintindex":0,"rotation":0,"texture":"#0"},"north":{"uv":[6.875,5.375,7.375,6.0],"tintindex":0,"rotation":0,"texture":"#0"}},"rotation":{"origin":[11.451186,5.9,7.073734],"angle":22.5,"axis":"y"}}],"display":{"gui":{"rotation":[-150.0,-45.0,180.0]}}}