{"textures":{"0":"modelengine:entity/nocsy_chibi_tree_golem","particle":"#0"},"elements":[{"from":[7.8142138,4.2786794,4.4],"to":[11.014214,7.478679,6.6],"faces":{"east":{"uv":[7.375,7.75,7.625,8.125],"tintindex":0,"rotation":0,"texture":"#0"},"south":{"uv":[6.875,7.625,7.25,8.0],"tintindex":0,"rotation":0,"texture":"#0"},"north":{"uv":[6.375,7.625,6.75,8.0],"tintindex":0,"rotation":0,"texture":"#0"},"west":{"uv":[7.75,7.75,8.0,8.125],"tintindex":0,"rotation":0,"texture":"#0"},"up":{"uv":[8.25,4.125,7.875,3.875],"tintindex":0,"rotation":0,"texture":"#0"},"down":{"uv":[8.25,4.25,7.875,4.5],"tintindex":0,"rotation":0,"texture":"#0"}},"rotation":{"origin":[9.414213,5.8786793,5.5],"angle":45.0,"axis":"z"}},{"from":[7.9142137,4.3786793,4.5],"to":[10.914213,7.3786793,6.5],"faces":{"east":{"uv":[6.5,7.0,6.75,7.375],"tintindex":0,"rotation":0,"texture":"#0"},"south":{"uv":[5.875,7.625,6.25,8.0],"tintindex":0,"rotation":0,"texture":"#0"},"north":{"uv":[7.625,3.375,8.0,3.75],"tintindex":0,"rotation":0,"texture":"#0"},"west":{"uv":[4.875,7.5,5.125,7.875],"tintindex":0,"rotation":0,"texture":"#0"},"up":{"uv":[8.125,2.5,7.75,2.25],"tintindex":0,"rotation":0,"texture":"#0"},"down":{"uv":[5.625,7.75,5.25,8.0],"tintindex":0,"rotation":0,"texture":"#0"}},"rotation":{"origin":[9.414213,5.8786793,5.5],"angle":45.0,"axis":"z"}}],"display":{"gui":{"rotation":[-150.0,-45.0,180.0]}}}