{"textures":{"0":"modelengine:entity/nocsy_chibi_tree_golem","particle":"#0"},"elements":[{"from":[6.0,8.0,8.0],"to":[10.0,8.0,12.0],"faces":{"east":{"uv":[1.625,3.5,2.625,4.375],"tintindex":0,"rotation":0,"texture":"#0"},"south":{"uv":[5.5,4.625,6.5,5.625],"tintindex":0,"rotation":0,"texture":"#0"},"north":{"uv":[4.125,5.5,5.125,6.5],"tintindex":0,"rotation":0,"texture":"#0"},"west":{"uv":[2.0,5.625,3.0,6.5],"tintindex":0,"rotation":0,"texture":"#0"},"up":{"uv":[7.625,1.25,7.125,0.75],"tintindex":0,"rotation":0,"texture":"#0"},"down":{"uv":[6.375,7.0,5.875,7.5],"tintindex":0,"rotation":0,"texture":"#0"}}},{"from":[8.0,6.0,8.0],"to":[8.0,10.0,12.0],"faces":{"east":{"uv":[5.875,7.0,6.375,7.5],"tintindex":0,"rotation":0,"texture":"#0"},"south":{"uv":[5.5,4.625,6.5,5.625],"tintindex":0,"rotation":0,"texture":"#0"},"north":{"uv":[4.125,5.5,5.125,6.5],"tintindex":0,"rotation":0,"texture":"#0"},"west":{"uv":[7.125,0.75,7.625,1.25],"tintindex":0,"rotation":0,"texture":"#0"},"up":{"uv":[2.625,4.375,1.625,3.5],"tintindex":0,"rotation":0,"texture":"#0"},"down":{"uv":[3.0,5.625,2.0,6.5],"tintindex":0,"rotation":0,"texture":"#0"}}}],"display":{"gui":{"rotation":[-150.0,-45.0,180.0]}}}