{"textures":{"0":"modelengine:entity/nocsy_chibi_tree_golem","particle":"#0"},"elements":[{"from":[8.0,4.3,7.9],"to":[8.0,12.3,12.9],"faces":{"east":{"uv":[3.125,5.625,3.75,6.625],"tintindex":0,"rotation":0,"texture":"#0"},"south":{"uv":[5.5,4.625,6.5,5.625],"tintindex":0,"rotation":0,"texture":"#0"},"north":{"uv":[4.125,5.5,5.125,6.5],"tintindex":0,"rotation":0,"texture":"#0"},"west":{"uv":[2.0,6.625,2.625,7.625],"tintindex":0,"rotation":0,"texture":"#0"},"up":{"uv":[2.625,4.375,1.625,3.5],"tintindex":0,"rotation":0,"texture":"#0"},"down":{"uv":[3.0,5.625,2.0,6.5],"tintindex":0,"rotation":0,"texture":"#0"}}}],"display":{"gui":{"rotation":[-150.0,-45.0,180.0]}}}