{"textures":{"0":"modelengine:entity/nocsy_chibi_tree_golem","particle":"#0"},"elements":[{"from":[-1.9021473,8.876888,7.5],"to":[1.0978527,9.876888,8.5],"faces":{"east":{"uv":[0.5,8.25,0.625,8.375],"tintindex":0,"rotation":0,"texture":"#0"},"south":{"uv":[8.0,6.125,8.375,6.25],"tintindex":0,"rotation":0,"texture":"#0"},"north":{"uv":[8.0,5.875,8.375,6.0],"tintindex":0,"rotation":0,"texture":"#0"},"west":{"uv":[0.75,8.25,0.875,8.375],"tintindex":0,"rotation":0,"texture":"#0"},"up":{"uv":[8.375,6.5,8.0,6.375],"tintindex":0,"rotation":0,"texture":"#0"},"down":{"uv":[8.5,3.375,8.125,3.5],"tintindex":0,"rotation":0,"texture":"#0"}},"rotation":{"origin":[0.09785271,9.376888,8.0],"angle":45.0,"axis":"z"}},{"from":[-1.4741049,3.6099572,7.8],"to":[2.525895,9.609957,7.8],"faces":{"south":{"uv":[4.625,6.625,5.125,7.375],"tintindex":0,"rotation":0,"texture":"#0"},"north":{"uv":[4.875,0.0,5.375,0.75],"tintindex":0,"rotation":0,"texture":"#0"}}},{"from":[-1.1339493,6.6217513,7.5],"to":[-0.13394928,8.621752,8.5],"faces":{"east":{"uv":[2.5,7.75,2.625,8.0],"tintindex":0,"rotation":0,"texture":"#0"},"south":{"uv":[4.875,8.0,5.0,8.25],"tintindex":0,"rotation":0,"texture":"#0"},"north":{"uv":[7.125,4.125,7.25,4.375],"tintindex":0,"rotation":0,"texture":"#0"},"west":{"uv":[2.5,8.125,2.625,8.375],"tintindex":0,"rotation":0,"texture":"#0"},"up":{"uv":[8.375,0.875,8.25,0.75],"tintindex":0,"rotation":0,"texture":"#0"},"down":{"uv":[1.125,8.25,1.0,8.375],"tintindex":0,"rotation":0,"texture":"#0"}},"rotation":{"origin":[-0.6339493,7.1217513,8.0],"angle":22.5,"axis":"z"}},{"from":[12.732537,7.1553764,7.5],"to":[14.732537,8.155376,8.5],"faces":{"east":{"uv":[8.25,1.25,8.375,1.375],"tintindex":0,"rotation":0,"texture":"#0"},"south":{"uv":[5.5,8.125,5.75,8.25],"tintindex":0,"rotation":0,"texture":"#0"},"north":{"uv":[5.125,8.125,5.375,8.25],"tintindex":0,"rotation":0,"texture":"#0"},"west":{"uv":[1.5,8.25,1.625,8.375],"tintindex":0,"rotation":0,"texture":"#0"},"up":{"uv":[6.125,8.25,5.875,8.125],"tintindex":0,"rotation":0,"texture":"#0"},"down":{"uv":[6.5,8.125,6.25,8.25],"tintindex":0,"rotation":0,"texture":"#0"}},"rotation":{"origin":[13.732537,7.6553764,8.0],"angle":-22.5,"axis":"z"}},{"from":[10.889088,11.596193,7.5],"to":[12.889087,12.596193,8.5],"faces":{"east":{"uv":[8.25,1.0,8.375,1.125],"tintindex":0,"rotation":0,"texture":"#0"},"south":{"uv":[3.75,8.125,4.0,8.25],"tintindex":0,"rotation":0,"texture":"#0"},"north":{"uv":[8.125,3.625,8.375,3.75],"tintindex":0,"rotation":0,"texture":"#0"},"west":{"uv":[1.25,8.25,1.375,8.375],"tintindex":0,"rotation":0,"texture":"#0"},"up":{"uv":[4.375,8.25,4.125,8.125],"tintindex":0,"rotation":0,"texture":"#0"},"down":{"uv":[4.75,8.125,4.5,8.25],"tintindex":0,"rotation":0,"texture":"#0"}},"rotation":{"origin":[16.889088,12.096193,8.0],"angle":45.0,"axis":"z"}},{"from":[0.57925606,7.615221,7.5],"to":[1.579256,9.615221,8.5],"faces":{"east":{"uv":[3.875,6.0,4.0,6.25],"tintindex":0,"rotation":0,"texture":"#0"},"south":{"uv":[6.625,5.375,6.75,5.625],"tintindex":0,"rotation":0,"texture":"#0"},"north":{"uv":[3.875,5.625,4.0,5.875],"tintindex":0,"rotation":0,"texture":"#0"},"west":{"uv":[6.875,0.75,7.0,1.0],"tintindex":0,"rotation":0,"texture":"#0"},"up":{"uv":[0.125,8.375,0.0,8.25],"tintindex":0,"rotation":0,"texture":"#0"},"down":{"uv":[0.375,8.25,0.25,8.375],"tintindex":0,"rotation":0,"texture":"#0"}},"rotation":{"origin":[1.079256,8.615221,8.0],"angle":22.5,"axis":"z"}},{"from":[1.0,7.5,7.5],"to":[13.0,8.5,8.5],"faces":{"east":{"uv":[8.125,7.75,8.25,7.875],"tintindex":0,"rotation":0,"texture":"#0"},"south":{"uv":[7.5,7.0,9.0,7.125],"tintindex":0,"rotation":0,"texture":"#0"},"north":{"uv":[7.5,6.75,9.0,6.875],"tintindex":0,"rotation":0,"texture":"#0"},"west":{"uv":[8.125,8.0,8.25,8.125],"tintindex":0,"rotation":0,"texture":"#0"},"up":{"uv":[9.0,7.375,7.5,7.25],"tintindex":0,"rotation":0,"texture":"#0"},"down":{"uv":[9.0,7.5,7.5,7.625],"tintindex":0,"rotation":0,"texture":"#0"}}},{"from":[10.889088,11.596193,8.0],"to":[15.889087,13.596193,8.0],"faces":{"south":{"uv":[7.625,3.0,8.25,3.25],"tintindex":0,"rotation":0,"texture":"#0"},"north":{"uv":[7.625,2.625,8.25,2.875],"tintindex":0,"rotation":0,"texture":"#0"}},"rotation":{"origin":[16.889088,12.096193,7.5],"angle":45.0,"axis":"z"}}],"display":{"gui":{"rotation":[-150.0,-45.0,180.0]}}}