{"textures":{"0":"modelengine:entity/utahraptor3"},"elements":[{"from":[7.428571,6.857143,7.428571],"to":[8.571428,8.571428,8.571428],"rotation":{"angle":0.0,"axis":"y","origin":[10.857143,2.8571424,10.857143]},"faces":{"east":{"uv":[8.75,2.0,9.0,2.375],"rotation":0,"texture":"#0","tintindex":0},"south":{"uv":[8.75,2.5,9.0,2.875],"rotation":0,"texture":"#0","tintindex":0},"north":{"uv":[8.75,1.5,9.0,1.875],"rotation":0,"texture":"#0","tintindex":0},"west":{"uv":[8.75,3.0,9.0,3.375],"rotation":0,"texture":"#0","tintindex":0},"up":{"uv":[9.375,2.5,9.125,2.25],"rotation":0,"texture":"#0","tintindex":0},"down":{"uv":[2.875,9.125,2.625,9.375],"rotation":0,"texture":"#0","tintindex":0}}},{"from":[8.0,5.714286,8.571428],"to":[8.0,9.142858,11.428572],"rotation":{"angle":0.0,"axis":"y","origin":[10.857143,2.8571424,10.857143]},"faces":{"east":{"uv":[3.0,7.75,3.625,8.5],"rotation":0,"texture":"#0","tintindex":0},"south":{"uv":[6.5,9.25,6.5,10.0],"rotation":0,"texture":"#0","tintindex":0},"north":{"uv":[6.375,9.25,6.375,10.0],"rotation":0,"texture":"#0","tintindex":0},"west":{"uv":[3.75,7.875,4.375,8.625],"rotation":0,"texture":"#0","tintindex":0},"up":{"uv":[6.625,9.875,6.625,9.25],"rotation":0,"texture":"#0","tintindex":0},"down":{"uv":[6.75,9.25,6.75,9.875],"rotation":0,"texture":"#0","tintindex":0}}}],"display":{"head":{"translation":[0.0,-6.4,0.0],"scale":[4.0,4.0,4.0]}}}