{"textures":{"0":"modelengine:entity/utahraptor3"},"elements":[{"from":[7.428571,6.857143,7.428571],"to":[8.571428,8.571428,8.571428],"rotation":{"angle":0.0,"axis":"y","origin":[5.142857,2.8571424,10.857143]},"faces":{"east":{"uv":[8.625,4.75,8.875,5.125],"rotation":0,"texture":"#0","tintindex":0},"south":{"uv":[4.875,8.625,5.125,9.0],"rotation":0,"texture":"#0","tintindex":0},"north":{"uv":[4.5,8.625,4.75,9.0],"rotation":0,"texture":"#0","tintindex":0},"west":{"uv":[8.625,5.25,8.875,5.625],"rotation":0,"texture":"#0","tintindex":0},"up":{"uv":[9.25,5.375,9.0,5.125],"rotation":0,"texture":"#0","tintindex":0},"down":{"uv":[9.25,6.5,9.0,6.75],"rotation":0,"texture":"#0","tintindex":0}}},{"from":[8.0,5.714286,8.571428],"to":[8.0,9.142858,11.428572],"rotation":{"angle":0.0,"axis":"y","origin":[5.142857,2.8571424,10.857143]},"faces":{"east":{"uv":[1.5,7.75,2.125,8.5],"rotation":0,"texture":"#0","tintindex":0},"south":{"uv":[5.625,9.125,5.625,9.875],"rotation":0,"texture":"#0","tintindex":0},"north":{"uv":[5.5,9.125,5.5,9.875],"rotation":0,"texture":"#0","tintindex":0},"west":{"uv":[2.25,7.75,2.875,8.5],"rotation":0,"texture":"#0","tintindex":0},"up":{"uv":[9.125,6.375,9.125,5.75],"rotation":0,"texture":"#0","tintindex":0},"down":{"uv":[7.875,9.125,7.875,9.75],"rotation":0,"texture":"#0","tintindex":0}}}],"display":{"head":{"translation":[0.0,-6.4,0.0],"scale":[4.0,4.0,4.0]}}}