{"textures":{"0":"modelengine:entity/utahraptor3"},"elements":[{"from":[7.4428573,5.714286,7.428571],"to":[8.585714,8.0,8.571428],"rotation":{"angle":0.0,"axis":"y","origin":[5.142857,5.142857,10.857143]},"faces":{"east":{"uv":[0.0,8.625,0.25,9.125],"rotation":0,"texture":"#0","tintindex":0},"south":{"uv":[8.625,0.0,8.875,0.5],"rotation":0,"texture":"#0","tintindex":0},"north":{"uv":[7.875,8.5,8.125,9.0],"rotation":0,"texture":"#0","tintindex":0},"west":{"uv":[0.375,8.625,0.625,9.125],"rotation":0,"texture":"#0","tintindex":0},"up":{"uv":[9.25,7.125,9.0,6.875],"rotation":0,"texture":"#0","tintindex":0},"down":{"uv":[9.25,8.625,9.0,8.875],"rotation":0,"texture":"#0","tintindex":0}}},{"from":[8.014286,5.142857,8.0],"to":[8.014286,9.142858,11.428572],"rotation":{"angle":0.0,"axis":"y","origin":[5.142857,5.142857,10.857143]},"faces":{"east":{"uv":[7.0,4.875,7.75,5.75],"rotation":0,"texture":"#0","tintindex":0},"south":{"uv":[5.125,9.125,5.125,10.0],"rotation":0,"texture":"#0","tintindex":0},"north":{"uv":[5.0,9.125,5.0,10.0],"rotation":0,"texture":"#0","tintindex":0},"west":{"uv":[7.0,5.875,7.75,6.75],"rotation":0,"texture":"#0","tintindex":0},"up":{"uv":[5.25,9.875,5.25,9.125],"rotation":0,"texture":"#0","tintindex":0},"down":{"uv":[5.375,9.125,5.375,9.875],"rotation":0,"texture":"#0","tintindex":0}}},{"from":[7.428571,4.714286,7.142857],"to":[8.571428,5.8571424,8.857143],"rotation":{"angle":-22.5,"axis":"z","origin":[8.0,5.142857,8.0]},"faces":{"east":{"uv":[8.625,5.75,9.0,6.0],"rotation":0,"texture":"#0","tintindex":0},"south":{"uv":[9.125,1.5,9.375,1.75],"rotation":0,"texture":"#0","tintindex":0},"north":{"uv":[9.0,9.0,9.25,9.25],"rotation":0,"texture":"#0","tintindex":0},"west":{"uv":[8.625,6.125,9.0,6.375],"rotation":0,"texture":"#0","tintindex":0},"up":{"uv":[8.875,6.875,8.625,6.5],"rotation":0,"texture":"#0","tintindex":0},"down":{"uv":[8.875,7.0,8.625,7.375],"rotation":0,"texture":"#0","tintindex":0}}}],"display":{"head":{"translation":[0.0,-6.4,0.0],"scale":[4.0,4.0,4.0]}}}