{"textures":{"0":"modelengine:entity/utahraptor3"},"elements":[{"from":[7.4142857,5.714286,7.428571],"to":[8.557143,8.0,8.571428],"rotation":{"angle":0.0,"axis":"y","origin":[10.857143,5.142857,10.857143]},"faces":{"east":{"uv":[1.125,8.625,1.375,9.125],"rotation":0,"texture":"#0","tintindex":0},"south":{"uv":[1.5,8.625,1.75,9.125],"rotation":0,"texture":"#0","tintindex":0},"north":{"uv":[0.75,8.625,1.0,9.125],"rotation":0,"texture":"#0","tintindex":0},"west":{"uv":[1.875,8.625,2.125,9.125],"rotation":0,"texture":"#0","tintindex":0},"up":{"uv":[9.375,2.875,9.125,2.625],"rotation":0,"texture":"#0","tintindex":0},"down":{"uv":[3.25,9.125,3.0,9.375],"rotation":0,"texture":"#0","tintindex":0}}},{"from":[7.9857144,5.142857,8.0],"to":[7.9857144,9.142858,11.428572],"rotation":{"angle":0.0,"axis":"y","origin":[10.857143,5.142857,10.857143]},"faces":{"east":{"uv":[7.0,6.875,7.75,7.75],"rotation":0,"texture":"#0","tintindex":0},"south":{"uv":[7.0,9.25,7.0,10.125],"rotation":0,"texture":"#0","tintindex":0},"north":{"uv":[6.875,9.25,6.875,10.125],"rotation":0,"texture":"#0","tintindex":0},"west":{"uv":[7.25,0.0,8.0,0.875],"rotation":0,"texture":"#0","tintindex":0},"up":{"uv":[7.125,10.0,7.125,9.25],"rotation":0,"texture":"#0","tintindex":0},"down":{"uv":[7.25,9.25,7.25,10.0],"rotation":0,"texture":"#0","tintindex":0}}},{"from":[7.428571,4.714286,7.142857],"to":[8.571428,5.8571424,8.857143],"rotation":{"angle":22.5,"axis":"z","origin":[8.0,5.142857,8.0]},"faces":{"east":{"uv":[3.75,8.75,4.125,9.0],"rotation":0,"texture":"#0","tintindex":0},"south":{"uv":[3.375,9.125,3.625,9.375],"rotation":0,"texture":"#0","tintindex":0},"north":{"uv":[9.125,3.0,9.375,3.25],"rotation":0,"texture":"#0","tintindex":0},"west":{"uv":[5.25,8.75,5.625,9.0],"rotation":0,"texture":"#0","tintindex":0},"up":{"uv":[9.0,7.875,8.75,7.5],"rotation":0,"texture":"#0","tintindex":0},"down":{"uv":[9.125,0.625,8.875,1.0],"rotation":0,"texture":"#0","tintindex":0}}}],"display":{"head":{"translation":[0.0,-6.4,0.0],"scale":[4.0,4.0,4.0]}}}