{"textures":{"0":"modelengine:entity/utahraptor3"},"elements":[{"from":[6.0,8.0,6.285714],"to":[10.0,12.0,10.285714],"rotation":{"angle":0.0,"axis":"y","origin":[8.0,4.5714283,16.0]},"faces":{"east":{"uv":[4.0,5.875,4.875,6.75],"rotation":0,"texture":"#0","tintindex":0},"south":{"uv":[6.0,4.25,6.875,5.125],"rotation":0,"texture":"#0","tintindex":0},"north":{"uv":[3.0,5.875,3.875,6.75],"rotation":0,"texture":"#0","tintindex":0},"west":{"uv":[5.0,6.0,5.875,6.875],"rotation":0,"texture":"#0","tintindex":0},"up":{"uv":[6.875,6.125,6.0,5.25],"rotation":0,"texture":"#0","tintindex":0},"down":{"uv":[7.125,0.0,6.25,0.875],"rotation":0,"texture":"#0","tintindex":0}}},{"from":[8.0,9.142858,8.0],"to":[8.0,13.142858,12.0],"rotation":{"angle":0.0,"axis":"y","origin":[8.0,4.5714283,16.0]},"faces":{"east":{"uv":[6.25,1.0,7.125,1.875],"rotation":0,"texture":"#0","tintindex":0},"south":{"uv":[4.375,8.75,4.375,9.625],"rotation":0,"texture":"#0","tintindex":0},"north":{"uv":[4.25,8.75,4.25,9.625],"rotation":0,"texture":"#0","tintindex":0},"west":{"uv":[6.0,6.25,6.875,7.125],"rotation":0,"texture":"#0","tintindex":0},"up":{"uv":[5.75,9.625,5.75,8.75],"rotation":0,"texture":"#0","tintindex":0},"down":{"uv":[7.75,8.875,7.75,9.75],"rotation":0,"texture":"#0","tintindex":0}}},{"from":[6.5714283,9.142858,4.8571424],"to":[9.428572,11.428572,7.714286],"rotation":{"angle":0.0,"axis":"y","origin":[8.0,10.0,6.285714]},"faces":{"east":{"uv":[6.75,7.875,7.375,8.375],"rotation":0,"texture":"#0","tintindex":0},"south":{"uv":[7.875,7.0,8.5,7.5],"rotation":0,"texture":"#0","tintindex":0},"north":{"uv":[7.875,6.375,8.5,6.875],"rotation":0,"texture":"#0","tintindex":0},"west":{"uv":[7.5,7.875,8.125,8.375],"rotation":0,"texture":"#0","tintindex":0},"up":{"uv":[8.125,3.875,7.5,3.25],"rotation":0,"texture":"#0","tintindex":0},"down":{"uv":[5.125,7.875,4.5,8.5],"rotation":0,"texture":"#0","tintindex":0}}},{"from":[10.436825,7.714286,9.913224],"to":[10.436825,11.714286,13.913224],"rotation":{"angle":22.5,"axis":"y","origin":[10.436825,10.285714,11.056081]},"faces":{"east":{"uv":[6.5,2.0,7.375,2.875],"rotation":0,"texture":"#0","tintindex":0},"south":{"uv":[4.625,9.125,4.625,10.0],"rotation":0,"texture":"#0","tintindex":0},"north":{"uv":[4.5,9.125,4.5,10.0],"rotation":0,"texture":"#0","tintindex":0},"west":{"uv":[6.5,3.0,7.375,3.875],"rotation":0,"texture":"#0","tintindex":0},"up":{"uv":[4.75,10.0,4.75,9.125],"rotation":0,"texture":"#0","tintindex":0},"down":{"uv":[4.875,9.125,4.875,10.0],"rotation":0,"texture":"#0","tintindex":0}}},{"from":[5.563175,7.714286,9.913224],"to":[5.563175,11.714286,13.913224],"rotation":{"angle":-22.5,"axis":"y","origin":[5.563175,10.285714,11.056081]},"faces":{"east":{"uv":[0.0,6.75,0.875,7.625],"rotation":0,"texture":"#0","tintindex":0},"south":{"uv":[2.125,9.25,2.125,10.125],"rotation":0,"texture":"#0","tintindex":0},"north":{"uv":[2.0,9.25,2.0,10.125],"rotation":0,"texture":"#0","tintindex":0},"west":{"uv":[1.0,6.75,1.875,7.625],"rotation":0,"texture":"#0","tintindex":0},"up":{"uv":[9.25,4.5,9.25,3.625],"rotation":0,"texture":"#0","tintindex":0},"down":{"uv":[5.875,9.25,5.875,10.125],"rotation":0,"texture":"#0","tintindex":0}}},{"from":[7.142857,8.571428,5.428571],"to":[9.428572,9.714286,7.714286],"rotation":{"angle":-45.0,"axis":"y","origin":[8.0,10.0,6.285714]},"faces":{"east":{"uv":[8.5,4.375,9.0,4.625],"rotation":0,"texture":"#0","tintindex":0},"south":{"uv":[6.625,8.5,7.125,8.75],"rotation":0,"texture":"#0","tintindex":0},"north":{"uv":[8.5,4.0,9.0,4.25],"rotation":0,"texture":"#0","tintindex":0},"west":{"uv":[7.25,8.5,7.75,8.75],"rotation":0,"texture":"#0","tintindex":0},"up":{"uv":[5.75,8.625,5.25,8.125],"rotation":0,"texture":"#0","tintindex":0},"down":{"uv":[8.75,0.875,8.25,1.375],"rotation":0,"texture":"#0","tintindex":0}}},{"from":[9.485714,10.0,8.0],"to":[10.057143,10.571428,8.428572],"rotation":{"angle":0.0,"axis":"y","origin":[8.0,4.5714283,16.0]},"faces":{"east":{"uv":[6.25,2.0,6.375,2.125],"rotation":0,"texture":"#0","tintindex":0},"south":{"uv":[4.125,9.125,4.125,9.25],"rotation":0,"texture":"#0","tintindex":0},"north":{"uv":[5.875,8.125,5.875,8.25],"rotation":0,"texture":"#0","tintindex":0},"west":{"uv":[6.25,2.25,6.375,2.375],"rotation":0,"texture":"#0","tintindex":0},"up":{"uv":[9.125,4.25,9.125,4.125],"rotation":0,"texture":"#0","tintindex":0},"down":{"uv":[9.125,4.375,9.125,4.5],"rotation":0,"texture":"#0","tintindex":0}}},{"from":[9.471429,9.285714,7.5714283],"to":[10.042857,10.714286,8.571428],"rotation":{"angle":0.0,"axis":"y","origin":[8.0,4.5714283,16.0]},"faces":{"east":{"uv":[2.25,8.625,2.5,9.0],"rotation":0,"texture":"#0","tintindex":0},"south":{"uv":[10.0,4.125,10.125,4.5],"rotation":0,"texture":"#0","tintindex":0},"north":{"uv":[10.0,4.125,10.125,4.5],"rotation":0,"texture":"#0","tintindex":0},"west":{"uv":[2.625,8.625,2.875,9.0],"rotation":0,"texture":"#0","tintindex":0},"up":{"uv":[5.5,9.0,5.625,8.75],"rotation":0,"texture":"#0","tintindex":0},"down":{"uv":[5.5,9.0,5.625,8.75],"rotation":0,"texture":"#0","tintindex":0}}},{"from":[5.957143,9.285714,7.5714283],"to":[6.528571,10.714286,8.571428],"rotation":{"angle":0.0,"axis":"y","origin":[8.0,4.5714283,16.0]},"faces":{"east":{"uv":[2.875,8.625,2.625,9.0],"rotation":0,"texture":"#0","tintindex":0},"south":{"uv":[10.125,4.125,10.0,4.5],"rotation":0,"texture":"#0","tintindex":0},"north":{"uv":[10.125,4.125,10.0,4.5],"rotation":0,"texture":"#0","tintindex":0},"west":{"uv":[2.5,8.625,2.25,9.0],"rotation":0,"texture":"#0","tintindex":0},"up":{"uv":[5.625,9.0,5.5,8.75],"rotation":0,"texture":"#0","tintindex":0},"down":{"uv":[5.625,9.0,5.5,8.75],"rotation":0,"texture":"#0","tintindex":0}}},{"from":[5.942857,10.0,8.0],"to":[6.5142856,10.571428,8.428572],"rotation":{"angle":0.0,"axis":"y","origin":[8.0,4.5714283,16.0]},"faces":{"east":{"uv":[6.375,2.25,6.25,2.375],"rotation":0,"texture":"#0","tintindex":0},"south":{"uv":[4.125,9.125,4.125,9.25],"rotation":0,"texture":"#0","tintindex":0},"north":{"uv":[5.875,8.125,5.875,8.25],"rotation":0,"texture":"#0","tintindex":0},"west":{"uv":[6.375,2.0,6.25,2.125],"rotation":0,"texture":"#0","tintindex":0},"up":{"uv":[9.125,4.25,9.125,4.125],"rotation":0,"texture":"#0","tintindex":0},"down":{"uv":[9.125,4.375,9.125,4.5],"rotation":0,"texture":"#0","tintindex":0}}}],"display":{"head":{"translation":[0.0,-6.4,0.0],"scale":[4.0,4.0,4.0]}}}