{"textures":{"0":"modelengine:entity/utahraptor3"},"elements":[{"from":[7.428571,5.142857,6.5714283],"to":[9.142858,8.571428,9.428572],"rotation":{"angle":0.0,"axis":"y","origin":[8.0,3.4285712,9.142858]},"faces":{"east":{"uv":[1.375,7.75,0.75,8.5],"rotation":0,"texture":"#0","tintindex":0},"south":{"uv":[8.5,0.0,8.125,0.75],"rotation":0,"texture":"#0","tintindex":0},"north":{"uv":[8.375,4.0,8.0,4.75],"rotation":0,"texture":"#0","tintindex":0},"west":{"uv":[0.625,7.75,0.0,8.5],"rotation":0,"texture":"#0","tintindex":0},"up":{"uv":[8.25,2.125,8.625,1.5],"rotation":0,"texture":"#0","tintindex":0},"down":{"uv":[8.25,2.25,8.625,2.875],"rotation":0,"texture":"#0","tintindex":0}}},{"from":[7.714286,4.5714283,7.142857],"to":[8.857143,5.142857,8.857143],"rotation":{"angle":0.0,"axis":"y","origin":[8.0,3.4285712,9.142858]},"faces":{"east":{"uv":[6.875,4.0,6.5,4.125],"rotation":0,"texture":"#0","tintindex":0},"south":{"uv":[9.375,3.375,9.125,3.5],"rotation":0,"texture":"#0","tintindex":0},"north":{"uv":[8.125,7.625,7.875,7.75],"rotation":0,"texture":"#0","tintindex":0},"west":{"uv":[5.875,4.25,5.5,4.375],"rotation":0,"texture":"#0","tintindex":0},"up":{"uv":[3.0,9.0,3.25,8.625],"rotation":0,"texture":"#0","tintindex":0},"down":{"uv":[3.375,8.625,3.625,9.0],"rotation":0,"texture":"#0","tintindex":0}}},{"from":[7.714286,3.4285712,7.428571],"to":[8.857143,4.5714283,8.571428],"rotation":{"angle":0.0,"axis":"y","origin":[8.0,3.4285712,9.142858]},"faces":{"east":{"uv":[7.625,8.875,7.375,9.125],"rotation":0,"texture":"#0","tintindex":0},"south":{"uv":[7.25,8.875,7.0,9.125],"rotation":0,"texture":"#0","tintindex":0},"north":{"uv":[9.125,1.125,8.875,1.375],"rotation":0,"texture":"#0","tintindex":0},"west":{"uv":[6.875,8.875,6.625,9.125],"rotation":0,"texture":"#0","tintindex":0},"up":{"uv":[9.0,0.25,9.25,0.0],"rotation":0,"texture":"#0","tintindex":0},"down":{"uv":[9.0,4.75,9.25,5.0],"rotation":0,"texture":"#0","tintindex":0}}}],"display":{"head":{"translation":[0.0,-6.4,0.0],"scale":[4.0,4.0,4.0]}}}