{"textures":{"0":"modelengine:entity/utahraptor3"},"elements":[{"from":[6.857143,5.142857,6.5714283],"to":[8.571428,8.571428,9.428572],"rotation":{"angle":0.0,"axis":"y","origin":[8.0,3.4285712,9.142858]},"faces":{"east":{"uv":[0.0,7.75,0.625,8.5],"rotation":0,"texture":"#0","tintindex":0},"south":{"uv":[8.125,0.0,8.5,0.75],"rotation":0,"texture":"#0","tintindex":0},"north":{"uv":[8.0,4.0,8.375,4.75],"rotation":0,"texture":"#0","tintindex":0},"west":{"uv":[0.75,7.75,1.375,8.5],"rotation":0,"texture":"#0","tintindex":0},"up":{"uv":[8.625,2.125,8.25,1.5],"rotation":0,"texture":"#0","tintindex":0},"down":{"uv":[8.625,2.25,8.25,2.875],"rotation":0,"texture":"#0","tintindex":0}}},{"from":[7.142857,4.5714283,7.142857],"to":[8.285714,5.142857,8.857143],"rotation":{"angle":0.0,"axis":"y","origin":[8.0,3.4285712,9.142858]},"faces":{"east":{"uv":[5.5,4.25,5.875,4.375],"rotation":0,"texture":"#0","tintindex":0},"south":{"uv":[9.125,3.375,9.375,3.5],"rotation":0,"texture":"#0","tintindex":0},"north":{"uv":[7.875,7.625,8.125,7.75],"rotation":0,"texture":"#0","tintindex":0},"west":{"uv":[6.5,4.0,6.875,4.125],"rotation":0,"texture":"#0","tintindex":0},"up":{"uv":[3.25,9.0,3.0,8.625],"rotation":0,"texture":"#0","tintindex":0},"down":{"uv":[3.625,8.625,3.375,9.0],"rotation":0,"texture":"#0","tintindex":0}}},{"from":[7.142857,3.4285712,7.428571],"to":[8.285714,4.5714283,8.571428],"rotation":{"angle":0.0,"axis":"y","origin":[8.0,3.4285712,9.142858]},"faces":{"east":{"uv":[6.625,8.875,6.875,9.125],"rotation":0,"texture":"#0","tintindex":0},"south":{"uv":[7.0,8.875,7.25,9.125],"rotation":0,"texture":"#0","tintindex":0},"north":{"uv":[8.875,1.125,9.125,1.375],"rotation":0,"texture":"#0","tintindex":0},"west":{"uv":[7.375,8.875,7.625,9.125],"rotation":0,"texture":"#0","tintindex":0},"up":{"uv":[9.25,0.25,9.0,0.0],"rotation":0,"texture":"#0","tintindex":0},"down":{"uv":[9.25,4.75,9.0,5.0],"rotation":0,"texture":"#0","tintindex":0}}}],"display":{"head":{"translation":[0.0,-6.4,0.0],"scale":[4.0,4.0,4.0]}}}