{"textures":{"0":"modelengine:entity/utahraptor3"},"elements":[{"from":[6.5714283,6.857143,6.5714283],"to":[9.428572,11.428572,9.428572],"rotation":{"angle":0.0,"axis":"y","origin":[8.0,9.142858,7.428571]},"faces":{"east":{"uv":[6.0,7.25,6.625,8.25],"rotation":0,"texture":"#0","tintindex":0},"south":{"uv":[7.5,1.0,8.125,2.0],"rotation":0,"texture":"#0","tintindex":0},"north":{"uv":[5.25,7.0,5.875,8.0],"rotation":0,"texture":"#0","tintindex":0},"west":{"uv":[7.5,2.125,8.125,3.125],"rotation":0,"texture":"#0","tintindex":0},"up":{"uv":[8.5,5.5,7.875,4.875],"rotation":0,"texture":"#0","tintindex":0},"down":{"uv":[8.5,5.625,7.875,6.25],"rotation":0,"texture":"#0","tintindex":0}}}],"display":{"head":{"translation":[0.0,-6.4,0.0],"scale":[4.0,4.0,4.0]}}}