{"textures":{"0":"modelengine:entity/utahraptor3"},"elements":[{"from":[6.0,6.285714,4.8571424],"to":[10.0,9.714286,11.142858],"rotation":{"angle":0.0,"axis":"y","origin":[8.0,4.0,11.142858]},"faces":{"east":{"uv":[0.0,5.875,1.375,6.625],"rotation":0,"texture":"#0","tintindex":0},"south":{"uv":[4.25,7.0,5.125,7.75],"rotation":0,"texture":"#0","tintindex":0},"north":{"uv":[7.0,4.0,7.875,4.75],"rotation":0,"texture":"#0","tintindex":0},"west":{"uv":[1.5,5.875,2.875,6.625],"rotation":0,"texture":"#0","tintindex":0},"up":{"uv":[5.875,5.875,5.0,4.5],"rotation":0,"texture":"#0","tintindex":0},"down":{"uv":[6.375,2.75,5.5,4.125],"rotation":0,"texture":"#0","tintindex":0}}},{"from":[8.0,9.62837,6.5582047],"to":[8.0,13.056942,11.129634],"rotation":{"angle":0.0,"axis":"y","origin":[8.0,2.771227,8.843919]},"faces":{"east":{"uv":[2.0,6.875,3.0,7.625],"rotation":0,"texture":"#0","tintindex":0},"south":{"uv":[0.625,9.25,0.625,10.0],"rotation":0,"texture":"#0","tintindex":0},"north":{"uv":[0.5,9.25,0.5,10.0],"rotation":0,"texture":"#0","tintindex":0},"west":{"uv":[3.125,6.875,4.125,7.625],"rotation":0,"texture":"#0","tintindex":0},"up":{"uv":[0.75,10.25,0.75,9.25],"rotation":0,"texture":"#0","tintindex":0},"down":{"uv":[0.875,9.25,0.875,10.25],"rotation":0,"texture":"#0","tintindex":0}}}],"display":{"head":{"translation":[0.0,-6.4,0.0],"scale":[4.0,4.0,4.0]}}}