{"textures":{"0":"modelengine:entity/toffynocsy_owl_lvl2","particle":"#0"},"elements":[{"from":[6.75,5.5,7.25],"to":[7.75,6.5,8.75],"faces":{"east":{"uv":[4.0,9.875,4.375,10.125],"tintindex":0,"rotation":0,"texture":"#0"},"south":{"uv":[6.0,10.25,6.25,10.5],"tintindex":0,"rotation":0,"texture":"#0"},"north":{"uv":[4.0,10.25,4.25,10.5],"tintindex":0,"rotation":0,"texture":"#0"},"west":{"uv":[9.875,5.75,10.25,6.0],"tintindex":0,"rotation":0,"texture":"#0"},"up":{"uv":[10.125,6.5,9.875,6.125],"tintindex":0,"rotation":0,"texture":"#0"},"down":{"uv":[2.75,10.0,2.5,10.375],"tintindex":0,"rotation":0,"texture":"#0"}},"rotation":{"origin":[7.25,6.0,8.0],"angle":-22.5,"axis":"x"}},{"from":[10.375,5.5,7.25],"to":[11.375,6.5,8.75],"faces":{"east":{"uv":[5.625,9.75,6.0,10.0],"tintindex":0,"rotation":0,"texture":"#0"},"south":{"uv":[10.125,6.625,10.375,6.875],"tintindex":0,"rotation":0,"texture":"#0"},"north":{"uv":[5.625,10.125,5.875,10.375],"tintindex":0,"rotation":0,"texture":"#0"},"west":{"uv":[8.125,9.75,8.5,10.0],"tintindex":0,"rotation":0,"texture":"#0"},"up":{"uv":[1.375,7.25,1.125,6.875],"tintindex":0,"rotation":0,"texture":"#0"},"down":{"uv":[6.375,9.75,6.125,10.125],"tintindex":0,"rotation":0,"texture":"#0"}},"rotation":{"origin":[10.875,6.0,8.0],"angle":-22.5,"axis":"x"}},{"from":[11.5,5.5,7.25],"to":[12.0,6.5,8.75],"faces":{"east":{"uv":[7.0,5.875,7.375,6.125],"tintindex":0,"rotation":0,"texture":"#0"},"south":{"uv":[9.375,10.25,9.5,10.5],"tintindex":0,"rotation":0,"texture":"#0"},"north":{"uv":[9.125,10.25,9.25,10.5],"tintindex":0,"rotation":0,"texture":"#0"},"west":{"uv":[9.625,7.375,10.0,7.625],"tintindex":0,"rotation":0,"texture":"#0"},"up":{"uv":[5.5,6.0,5.375,5.625],"tintindex":0,"rotation":0,"texture":"#0"},"down":{"uv":[3.375,10.0,3.25,10.375],"tintindex":0,"rotation":0,"texture":"#0"}}},{"from":[9.375,5.125,7.25],"to":[10.375,6.625,8.75],"faces":{"east":{"uv":[2.0,3.75,2.375,4.125],"tintindex":0,"rotation":0,"texture":"#0"},"south":{"uv":[9.0,9.75,9.25,10.125],"tintindex":0,"rotation":0,"texture":"#0"},"north":{"uv":[8.625,9.75,8.875,10.125],"tintindex":0,"rotation":0,"texture":"#0"},"west":{"uv":[1.5,5.875,1.875,6.25],"tintindex":0,"rotation":0,"texture":"#0"},"up":{"uv":[9.625,10.125,9.375,9.75],"tintindex":0,"rotation":0,"texture":"#0"},"down":{"uv":[10.0,9.75,9.75,10.125],"tintindex":0,"rotation":0,"texture":"#0"}},"rotation":{"origin":[9.875,6.125,8.0],"angle":22.5,"axis":"x"}},{"from":[4.0,5.75,7.5],"to":[11.5,6.25,8.5],"faces":{"east":{"uv":[6.5,9.375,6.75,9.5],"tintindex":0,"rotation":0,"texture":"#0"},"south":{"uv":[9.25,3.625,11.125,3.75],"tintindex":0,"rotation":0,"texture":"#0"},"north":{"uv":[9.25,3.375,11.125,3.5],"tintindex":0,"rotation":0,"texture":"#0"},"west":{"uv":[6.875,9.375,7.125,9.5],"tintindex":0,"rotation":0,"texture":"#0"},"up":{"uv":[10.375,1.0,8.5,0.75],"tintindex":0,"rotation":0,"texture":"#0"},"down":{"uv":[9.125,8.5,7.25,8.75],"tintindex":0,"rotation":0,"texture":"#0"}}},{"from":[5.75,5.125,7.25],"to":[6.75,6.625,8.75],"faces":{"east":{"uv":[4.875,6.75,5.25,7.125],"tintindex":0,"rotation":0,"texture":"#0"},"south":{"uv":[4.5,10.0,4.75,10.375],"tintindex":0,"rotation":0,"texture":"#0"},"north":{"uv":[2.875,10.0,3.125,10.375],"tintindex":0,"rotation":0,"texture":"#0"},"west":{"uv":[9.625,6.875,10.0,7.25],"tintindex":0,"rotation":0,"texture":"#0"},"up":{"uv":[5.125,10.375,4.875,10.0],"tintindex":0,"rotation":0,"texture":"#0"},"down":{"uv":[5.5,10.0,5.25,10.375],"tintindex":0,"rotation":0,"texture":"#0"}},"rotation":{"origin":[6.25,6.125,8.0],"angle":22.5,"axis":"x"}},{"from":[4.625,5.5,7.25],"to":[5.625,6.5,8.75],"faces":{"east":{"uv":[9.875,9.375,10.25,9.625],"tintindex":0,"rotation":0,"texture":"#0"},"south":{"uv":[8.5,10.25,8.75,10.5],"tintindex":0,"rotation":0,"texture":"#0"},"north":{"uv":[10.25,6.125,10.5,6.375],"tintindex":0,"rotation":0,"texture":"#0"},"west":{"uv":[6.5,10.0,6.875,10.25],"tintindex":0,"rotation":0,"texture":"#0"},"up":{"uv":[7.25,10.375,7.0,10.0],"tintindex":0,"rotation":0,"texture":"#0"},"down":{"uv":[10.25,7.75,10.0,8.125],"tintindex":0,"rotation":0,"texture":"#0"}},"rotation":{"origin":[5.125,5.875,8.0],"angle":-22.5,"axis":"x"}},{"from":[8.25,5.5,7.25],"to":[9.25,6.5,8.75],"faces":{"east":{"uv":[0.0,9.875,0.375,10.125],"tintindex":0,"rotation":0,"texture":"#0"},"south":{"uv":[10.125,7.375,10.375,7.625],"tintindex":0,"rotation":0,"texture":"#0"},"north":{"uv":[10.125,7.0,10.375,7.25],"tintindex":0,"rotation":0,"texture":"#0"},"west":{"uv":[0.5,9.875,0.875,10.125],"tintindex":0,"rotation":0,"texture":"#0"},"up":{"uv":[1.25,10.25,1.0,9.875],"tintindex":0,"rotation":0,"texture":"#0"},"down":{"uv":[1.625,9.875,1.375,10.25],"tintindex":0,"rotation":0,"texture":"#0"}},"rotation":{"origin":[8.75,5.875,8.0],"angle":-22.5,"axis":"x"}},{"from":[12.0,6.0,7.5],"to":[25.0,6.0,9.5],"faces":{"up":{"uv":[7.75,1.875,4.5,1.375],"tintindex":0,"rotation":0,"texture":"#0"},"down":{"uv":[7.75,2.0,4.5,2.5],"tintindex":0,"rotation":0,"texture":"#0"}}},{"from":[12.0,5.75,8.0],"to":[20.5,6.25,8.5],"faces":{"east":{"uv":[1.25,10.375,1.375,10.5],"tintindex":0,"rotation":0,"texture":"#0"},"south":{"uv":[9.125,8.25,11.25,8.375],"tintindex":0,"rotation":0,"texture":"#0"},"north":{"uv":[9.125,5.5,11.25,5.625],"tintindex":0,"rotation":0,"texture":"#0"},"west":{"uv":[1.5,10.375,1.625,10.5],"tintindex":0,"rotation":0,"texture":"#0"},"up":{"uv":[11.375,3.0,9.25,2.875],"tintindex":0,"rotation":0,"texture":"#0"},"down":{"uv":[11.375,3.125,9.25,3.25],"tintindex":0,"rotation":0,"texture":"#0"}}}],"display":{"gui":{"rotation":[-150.0,-45.0,180.0]}}}