{"textures":{"0":"modelengine:entity/toffynocsy_owl_lvl2","particle":"#0"},"elements":[{"from":[-1.5,-5.5,10.75],"to":[17.5,8.5,10.75],"faces":{"south":{"uv":[0.0,1.875,2.375,3.625],"tintindex":0,"rotation":0,"texture":"#0"},"north":{"uv":[0.0,0.0,2.375,1.75],"tintindex":0,"rotation":0,"texture":"#0"}},"rotation":{"origin":[8.0,5.0,10.75],"angle":-45.0,"axis":"x"}},{"from":[5.0,3.5,9.25],"to":[11.0,9.5,12.25],"faces":{"east":{"uv":[3.125,8.75,3.5,9.5],"tintindex":0,"rotation":0,"texture":"#0"},"south":{"uv":[4.875,8.375,5.625,9.125],"tintindex":0,"rotation":0,"texture":"#0"},"north":{"uv":[8.375,2.625,9.125,3.375],"tintindex":0,"rotation":0,"texture":"#0"},"west":{"uv":[9.125,6.875,9.5,7.625],"tintindex":0,"rotation":0,"texture":"#0"},"up":{"uv":[9.875,8.125,9.125,7.75],"tintindex":0,"rotation":0,"texture":"#0"},"down":{"uv":[10.0,2.375,9.25,2.75],"tintindex":0,"rotation":0,"texture":"#0"}},"rotation":{"origin":[8.0,5.0,10.75],"angle":-45.0,"axis":"x"}}],"display":{"gui":{"rotation":[-150.0,-45.0,180.0]}}}