{"textures":{"0":"modelengine:entity/toffynocsy_owl_lvl2","particle":"#0"},"elements":[{"from":[1.9362192,10.269553,2.9098005],"to":[13.936219,12.269553,12.909801],"faces":{"east":{"uv":[9.125,2.0,10.375,2.25],"tintindex":0,"rotation":0,"texture":"#0"},"south":{"uv":[7.25,8.875,8.75,9.125],"tintindex":0,"rotation":0,"texture":"#0"},"north":{"uv":[1.5,8.75,3.0,9.0],"tintindex":0,"rotation":0,"texture":"#0"},"west":{"uv":[9.125,5.125,10.375,5.375],"tintindex":0,"rotation":0,"texture":"#0"},"up":{"uv":[5.5,5.5,4.0,4.25],"tintindex":0,"rotation":0,"texture":"#0"},"down":{"uv":[6.0,0.0,4.5,1.25],"tintindex":0,"rotation":0,"texture":"#0"}},"rotation":{"origin":[7.936219,11.769553,7.9098005],"angle":22.5,"axis":"z"}},{"from":[4.436219,-0.23044682,5.9098005],"to":[11.436219,6.769553,10.909801],"faces":{"east":{"uv":[5.75,8.375,6.375,9.25],"tintindex":0,"rotation":0,"texture":"#0"},"south":{"uv":[6.875,7.375,7.75,8.25],"tintindex":0,"rotation":0,"texture":"#0"},"north":{"uv":[5.875,7.375,6.75,8.25],"tintindex":0,"rotation":0,"texture":"#0"},"west":{"uv":[6.5,8.375,7.125,9.25],"tintindex":0,"rotation":0,"texture":"#0"},"up":{"uv":[9.0,5.75,8.125,5.125],"tintindex":0,"rotation":0,"texture":"#0"},"down":{"uv":[9.375,0.0,8.5,0.625],"tintindex":0,"rotation":0,"texture":"#0"}},"rotation":{"origin":[7.936219,2.7695532,7.9098005],"angle":-22.5,"axis":"x"}},{"from":[2.9362192,4.769553,3.9098005],"to":[12.936219,13.769553,11.909801],"faces":{"east":{"uv":[1.5,6.375,2.5,7.5],"tintindex":0,"rotation":0,"texture":"#0"},"south":{"uv":[5.625,3.875,6.875,5.0],"tintindex":0,"rotation":0,"texture":"#0"},"north":{"uv":[4.5,2.625,5.75,3.75],"tintindex":0,"rotation":0,"texture":"#0"},"west":{"uv":[2.625,6.375,3.625,7.5],"tintindex":0,"rotation":0,"texture":"#0"},"up":{"uv":[5.25,6.625,4.0,5.625],"tintindex":0,"rotation":0,"texture":"#0"},"down":{"uv":[6.875,5.125,5.625,6.125],"tintindex":0,"rotation":0,"texture":"#0"}}}],"display":{"gui":{"rotation":[-150.0,-45.0,180.0]}}}