{"textures":{"0":"modelengine:entity/toffynocsy_owl_lvl2","particle":"#0"},"elements":[{"from":[7.5,-8.5,1.0],"to":[7.5,7.5,16.0],"faces":{"east":{"uv":[0.0,3.75,1.875,5.75],"tintindex":0,"rotation":0,"texture":"#0"},"west":{"uv":[2.0,4.25,3.875,6.25],"tintindex":0,"rotation":0,"texture":"#0"}}},{"from":[7.0,0.5,5.0],"to":[8.0,8.5,11.0],"faces":{"east":{"uv":[2.875,7.625,3.625,8.625],"tintindex":0,"rotation":0,"texture":"#0"},"south":{"uv":[7.875,9.625,8.0,10.625],"tintindex":0,"rotation":0,"texture":"#0"},"north":{"uv":[7.625,9.625,7.75,10.625],"tintindex":0,"rotation":0,"texture":"#0"},"west":{"uv":[7.75,5.875,8.5,6.875],"tintindex":0,"rotation":0,"texture":"#0"},"up":{"uv":[2.375,10.625,2.25,9.875],"tintindex":0,"rotation":0,"texture":"#0"},"down":{"uv":[3.875,9.875,3.75,10.625],"tintindex":0,"rotation":0,"texture":"#0"}}}],"display":{"gui":{"rotation":[-150.0,-45.0,180.0]}}}