{"textures":{"0":"modelengine:entity/toffynocsy_owl_lvl2","particle":"#0"},"elements":[{"from":[8.0,0.5,5.0],"to":[9.0,8.5,11.0],"faces":{"east":{"uv":[1.125,7.625,1.875,8.625],"tintindex":0,"rotation":0,"texture":"#0"},"south":{"uv":[7.375,9.625,7.5,10.625],"tintindex":0,"rotation":0,"texture":"#0"},"north":{"uv":[3.5,9.625,3.625,10.625],"tintindex":0,"rotation":0,"texture":"#0"},"west":{"uv":[2.0,7.625,2.75,8.625],"tintindex":0,"rotation":0,"texture":"#0"},"up":{"uv":[1.875,10.625,1.75,9.875],"tintindex":0,"rotation":0,"texture":"#0"},"down":{"uv":[2.125,9.875,2.0,10.625],"tintindex":0,"rotation":0,"texture":"#0"}}},{"from":[8.5,-8.5,1.0],"to":[8.5,7.5,16.0],"faces":{"east":{"uv":[2.5,0.0,4.375,2.0],"tintindex":0,"rotation":0,"texture":"#0"},"west":{"uv":[2.5,2.125,4.375,4.125],"tintindex":0,"rotation":0,"texture":"#0"}}}],"display":{"gui":{"rotation":[-150.0,-45.0,180.0]}}}