{"textures":{"0":"modelengine:entity/nocsy_chibi_bumblebee","particle":"#0"},"elements":[{"from":[5.5,2.5,5.5],"to":[10.5,6.5,10.5],"faces":{"east":{"uv":[7.5,8.25,8.75,9.25],"tintindex":0,"rotation":0,"texture":"#0"},"south":{"uv":[8.5,3.5,9.75,4.5],"tintindex":0,"rotation":0,"texture":"#0"},"north":{"uv":[6.0,8.25,7.25,9.25],"tintindex":0,"rotation":0,"texture":"#0"},"west":{"uv":[4.25,8.5,5.5,9.5],"tintindex":0,"rotation":0,"texture":"#0"},"up":{"uv":[8.5,3.25,7.25,2.0],"tintindex":0,"rotation":0,"texture":"#0"},"down":{"uv":[4.0,7.25,2.75,8.5],"tintindex":0,"rotation":0,"texture":"#0"}}}],"display":{"gui":{"rotation":[-150.0,-45.0,180.0]}}}