{"textures":{"0":"modelengine:entity/nocsy_chibi_bumblebee","particle":"#0"},"elements":[{"from":[5.3,8.133329,5.07594],"to":[7.3,10.133329,6.07594],"faces":{"east":{"uv":[1.5,10.75,1.75,11.25],"tintindex":0,"rotation":0,"texture":"#0"},"south":{"uv":[10.75,4.0,11.25,4.5],"tintindex":0,"rotation":0,"texture":"#0"},"north":{"uv":[10.75,3.25,11.25,3.75],"tintindex":0,"rotation":0,"texture":"#0"},"west":{"uv":[8.0,10.75,8.25,11.25],"tintindex":0,"rotation":0,"texture":"#0"},"up":{"uv":[10.25,1.5,9.75,1.25],"tintindex":0,"rotation":0,"texture":"#0"},"down":{"uv":[11.5,0.0,11.0,0.25],"tintindex":0,"rotation":0,"texture":"#0"}},"rotation":{"origin":[6.5,9.133329,5.57594],"angle":22.5,"axis":"y"}},{"from":[9.8,9.73333,0.47594023],"to":[9.8,16.73333,10.47594],"faces":{"east":{"uv":[0.0,3.5,2.5,5.25],"tintindex":0,"rotation":0,"texture":"#0"},"west":{"uv":[2.75,3.5,5.25,5.25],"tintindex":0,"rotation":0,"texture":"#0"}},"rotation":{"origin":[10.5,13.73333,5.4759398],"angle":-22.5,"axis":"y"}},{"from":[6.2,9.73333,0.47594023],"to":[6.2,16.73333,10.47594],"faces":{"east":{"uv":[5.0,0.0,7.5,1.75],"tintindex":0,"rotation":0,"texture":"#0"},"west":{"uv":[0.0,5.5,2.5,7.25],"tintindex":0,"rotation":0,"texture":"#0"}},"rotation":{"origin":[5.5,13.73333,5.4759398],"angle":22.5,"axis":"y"}},{"from":[6.1,8.83333,4.90094],"to":[6.9,9.633329,4.90094],"faces":{"east":{"uv":[5.75,7.0,4.5,8.25],"tintindex":0,"rotation":0,"texture":"#0"},"south":{"uv":[11.25,7.5,11.0,7.75],"tintindex":0,"rotation":0,"texture":"#0"},"north":{"uv":[5.5,11.0,5.25,11.25],"tintindex":0,"rotation":0,"texture":"#0"},"west":{"uv":[8.25,3.75,7.0,5.0],"tintindex":0,"rotation":0,"texture":"#0"},"up":{"uv":[6.0,8.0,7.25,6.75],"tintindex":0,"rotation":0,"texture":"#0"},"down":{"uv":[4.5,5.5,5.75,6.75],"tintindex":0,"rotation":0,"texture":"#0"}},"rotation":{"origin":[6.7,9.93333,4.8759403],"angle":22.5,"axis":"y"}},{"from":[8.7,8.133329,5.07594],"to":[10.7,10.133329,6.07594],"faces":{"east":{"uv":[5.0,2.0,5.25,2.5],"tintindex":0,"rotation":0,"texture":"#0"},"south":{"uv":[10.5,6.75,11.0,7.25],"tintindex":0,"rotation":0,"texture":"#0"},"north":{"uv":[10.0,4.0,10.5,4.5],"tintindex":0,"rotation":0,"texture":"#0"},"west":{"uv":[5.0,2.75,5.25,3.25],"tintindex":0,"rotation":0,"texture":"#0"},"up":{"uv":[9.0,5.0,8.5,4.75],"tintindex":0,"rotation":0,"texture":"#0"},"down":{"uv":[9.5,1.25,9.0,1.5],"tintindex":0,"rotation":0,"texture":"#0"}},"rotation":{"origin":[9.5,9.133329,5.57594],"angle":-22.5,"axis":"y"}},{"from":[5.5,6.73333,5.4759398],"to":[10.5,11.73333,10.47594],"faces":{"east":{"uv":[4.5,5.5,5.75,6.75],"tintindex":0,"rotation":0,"texture":"#0"},"south":{"uv":[6.0,5.25,7.25,6.5],"tintindex":0,"rotation":0,"texture":"#0"},"north":{"uv":[5.5,3.75,6.75,5.0],"tintindex":0,"rotation":0,"texture":"#0"},"west":{"uv":[6.0,6.75,7.25,8.0],"tintindex":0,"rotation":0,"texture":"#0"},"up":{"uv":[8.25,5.0,7.0,3.75],"tintindex":0,"rotation":0,"texture":"#0"},"down":{"uv":[5.75,7.0,4.5,8.25],"tintindex":0,"rotation":0,"texture":"#0"}}},{"from":[6.2,9.633329,5.3759403],"to":[7.2,10.633329,5.3759403],"faces":{"east":{"uv":[5.75,7.0,4.5,8.25],"tintindex":0,"rotation":0,"texture":"#0"},"south":{"uv":[2.25,11.0,2.0,11.25],"tintindex":0,"rotation":0,"texture":"#0"},"north":{"uv":[11.25,0.5,11.0,0.75],"tintindex":0,"rotation":0,"texture":"#0"},"west":{"uv":[8.25,3.75,7.0,5.0],"tintindex":0,"rotation":0,"texture":"#0"},"up":{"uv":[6.0,8.0,7.25,6.75],"tintindex":0,"rotation":0,"texture":"#0"},"down":{"uv":[4.5,5.5,5.75,6.75],"tintindex":0,"rotation":0,"texture":"#0"}}},{"from":[8.8,9.633329,5.3759403],"to":[9.8,10.633329,5.3759403],"faces":{"east":{"uv":[7.0,3.75,8.25,5.0],"tintindex":0,"rotation":0,"texture":"#0"},"south":{"uv":[2.0,11.0,2.25,11.25],"tintindex":0,"rotation":0,"texture":"#0"},"north":{"uv":[11.0,0.5,11.25,0.75],"tintindex":0,"rotation":0,"texture":"#0"},"west":{"uv":[4.5,7.0,5.75,8.25],"tintindex":0,"rotation":0,"texture":"#0"},"up":{"uv":[7.25,8.0,6.0,6.75],"tintindex":0,"rotation":0,"texture":"#0"},"down":{"uv":[5.75,5.5,4.5,6.75],"tintindex":0,"rotation":0,"texture":"#0"}}},{"from":[9.1,8.83333,4.90094],"to":[9.9,9.633329,4.90094],"faces":{"east":{"uv":[7.0,3.75,8.25,5.0],"tintindex":0,"rotation":0,"texture":"#0"},"south":{"uv":[11.0,7.5,11.25,7.75],"tintindex":0,"rotation":0,"texture":"#0"},"north":{"uv":[5.25,11.0,5.5,11.25],"tintindex":0,"rotation":0,"texture":"#0"},"west":{"uv":[4.5,7.0,5.75,8.25],"tintindex":0,"rotation":0,"texture":"#0"},"up":{"uv":[7.25,8.0,6.0,6.75],"tintindex":0,"rotation":0,"texture":"#0"},"down":{"uv":[5.75,5.5,4.5,6.75],"tintindex":0,"rotation":0,"texture":"#0"}},"rotation":{"origin":[9.3,9.93333,4.8759403],"angle":-22.5,"axis":"y"}}],"display":{"gui":{"rotation":[-150.0,-45.0,180.0]}}}