{"textures":{"0":"modelengine:entity/nocsy_chibi_bumblebee","particle":"#0"},"elements":[{"from":[6.8937798,4.15255,5.86801],"to":[8.89378,8.15255,8.86801],"faces":{"east":{"uv":[1.75,7.5,2.5,8.5],"tintindex":0,"rotation":0,"texture":"#0"},"south":{"uv":[10.25,0.0,10.75,1.0],"tintindex":0,"rotation":0,"texture":"#0"},"north":{"uv":[3.5,10.0,4.0,11.0],"tintindex":0,"rotation":0,"texture":"#0"},"west":{"uv":[5.75,9.5,6.5,10.5],"tintindex":0,"rotation":0,"texture":"#0"},"up":{"uv":[11.0,2.0,10.5,1.25],"tintindex":0,"rotation":0,"texture":"#0"},"down":{"uv":[11.0,5.75,10.5,6.5],"tintindex":0,"rotation":0,"texture":"#0"}}}],"display":{"gui":{"rotation":[-150.0,-45.0,180.0]}}}