{"textures":{"0":"modelengine:entity/nocsy_chibi_bumblebee","particle":"#0"},"elements":[{"from":[7.34442,4.37626,6.87811],"to":[9.34442,8.37626,8.87811],"faces":{"east":{"uv":[2.0,9.75,2.5,10.75],"tintindex":0,"rotation":0,"texture":"#0"},"south":{"uv":[2.75,9.75,3.25,10.75],"tintindex":0,"rotation":0,"texture":"#0"},"north":{"uv":[3.5,8.75,4.0,9.75],"tintindex":0,"rotation":0,"texture":"#0"},"west":{"uv":[4.25,9.75,4.75,10.75],"tintindex":0,"rotation":0,"texture":"#0"},"up":{"uv":[11.25,5.25,10.75,4.75],"tintindex":0,"rotation":0,"texture":"#0"},"down":{"uv":[6.25,10.75,5.75,11.25],"tintindex":0,"rotation":0,"texture":"#0"}}}],"display":{"gui":{"rotation":[-150.0,-45.0,180.0]}}}