{"textures":{"0":"modelengine:entity/nocsy_chibi_bumblebee","particle":"#0"},"elements":[{"from":[5.0,6.5,5.0],"to":[11.0,9.5,11.0],"faces":{"east":{"uv":[1.75,8.75,3.25,9.5],"tintindex":0,"rotation":0,"texture":"#0"},"south":{"uv":[8.75,1.75,10.25,2.5],"tintindex":0,"rotation":0,"texture":"#0"},"north":{"uv":[0.0,8.75,1.5,9.5],"tintindex":0,"rotation":0,"texture":"#0"},"west":{"uv":[8.75,6.5,10.25,7.25],"tintindex":0,"rotation":0,"texture":"#0"},"up":{"uv":[7.0,3.5,5.5,2.0],"tintindex":0,"rotation":0,"texture":"#0"},"down":{"uv":[4.25,5.5,2.75,7.0],"tintindex":0,"rotation":0,"texture":"#0"}}}],"display":{"gui":{"rotation":[-150.0,-45.0,180.0]}}}