{"textures":{"0":"modelengine:entity/nocsy_chibi_bumblebee","particle":"#0"},"elements":[{"from":[6.65558,4.37626,6.87811],"to":[8.6555805,8.37626,8.87811],"faces":{"east":{"uv":[8.75,9.75,9.25,10.75],"tintindex":0,"rotation":0,"texture":"#0"},"south":{"uv":[9.5,9.75,10.0,10.75],"tintindex":0,"rotation":0,"texture":"#0"},"north":{"uv":[5.0,9.75,5.5,10.75],"tintindex":0,"rotation":0,"texture":"#0"},"west":{"uv":[10.0,2.75,10.5,3.75],"tintindex":0,"rotation":0,"texture":"#0"},"up":{"uv":[7.0,11.25,6.5,10.75],"tintindex":0,"rotation":0,"texture":"#0"},"down":{"uv":[7.75,10.75,7.25,11.25],"tintindex":0,"rotation":0,"texture":"#0"}}}],"display":{"gui":{"rotation":[-150.0,-45.0,180.0]}}}