{"textures":{"0":"modelengine:entity/nocsy_chibi_bumblebee","particle":"#0"},"elements":[{"from":[7.1062202,4.15255,5.86801],"to":[9.10622,8.15255,8.86801],"faces":{"east":{"uv":[6.5,9.5,5.75,10.5],"tintindex":0,"rotation":0,"texture":"#0"},"south":{"uv":[10.75,0.0,10.25,1.0],"tintindex":0,"rotation":0,"texture":"#0"},"north":{"uv":[4.0,10.0,3.5,11.0],"tintindex":0,"rotation":0,"texture":"#0"},"west":{"uv":[2.5,7.5,1.75,8.5],"tintindex":0,"rotation":0,"texture":"#0"},"up":{"uv":[10.5,2.0,11.0,1.25],"tintindex":0,"rotation":0,"texture":"#0"},"down":{"uv":[10.5,5.75,11.0,6.5],"tintindex":0,"rotation":0,"texture":"#0"}}}],"display":{"gui":{"rotation":[-150.0,-45.0,180.0]}}}