{"textures":{"0":"modelengine:entity/nocsy_chibi_bumblebee","particle":"#0"},"elements":[{"from":[8.0,4.601226,13.510244],"to":[8.0,7.6012263,18.510244],"faces":{"east":{"uv":[9.0,8.75,10.25,9.5],"tintindex":0,"rotation":0,"texture":"#0"},"west":{"uv":[9.25,4.75,10.5,5.5],"tintindex":0,"rotation":0,"texture":"#0"}}},{"from":[6.5,4.5752487,12.524431],"to":[9.5,7.5752487,14.524431],"faces":{"east":{"uv":[0.75,10.75,1.25,11.5],"tintindex":0,"rotation":0,"texture":"#0"},"south":{"uv":[1.0,9.75,1.75,10.5],"tintindex":0,"rotation":0,"texture":"#0"},"north":{"uv":[0.0,9.75,0.75,10.5],"tintindex":0,"rotation":0,"texture":"#0"},"west":{"uv":[10.75,2.25,11.25,3.0],"tintindex":0,"rotation":0,"texture":"#0"},"up":{"uv":[9.5,3.25,8.75,2.75],"tintindex":0,"rotation":0,"texture":"#0"},"down":{"uv":[10.0,5.75,9.25,6.25],"tintindex":0,"rotation":0,"texture":"#0"}}},{"from":[6.0,5.7197323,7.4176726],"to":[10.0,9.719731,13.417673],"faces":{"east":{"uv":[0.0,7.5,1.5,8.5],"tintindex":0,"rotation":0,"texture":"#0"},"south":{"uv":[9.0,7.5,10.0,8.5],"tintindex":0,"rotation":0,"texture":"#0"},"north":{"uv":[9.0,0.0,10.0,1.0],"tintindex":0,"rotation":0,"texture":"#0"},"west":{"uv":[7.5,5.25,9.0,6.25],"tintindex":0,"rotation":0,"texture":"#0"},"up":{"uv":[8.5,8.0,7.5,6.5],"tintindex":0,"rotation":0,"texture":"#0"},"down":{"uv":[8.75,0.0,7.75,1.5],"tintindex":0,"rotation":0,"texture":"#0"}},"rotation":{"origin":[8.0,7.1832423,9.181903],"angle":22.5,"axis":"x"}}],"display":{"head":{"rotation":[5.0,0.0,-0.0]},"firstperson_righthand":{"rotation":[5.0,0.0,-0.0]},"thirdperson_lefthand":{"rotation":[5.0,-0.0,0.0]},"firstperson_lefthand":{"rotation":[5.0,-0.0,0.0]},"fixed":{"rotation":[5.0,0.0,-0.0]},"ground":{"rotation":[5.0,0.0,-0.0]},"thirdperson_righthand":{"rotation":[5.0,0.0,-0.0]},"gui":{"rotation":[-157.05322,-44.782387,175.01894]}}}