{"textures":{"0":"modelengine:entity/nocsy_chibi_salamender","particle":"#0"},"elements":[{"from":[5.49,5.168879,1.1123164],"to":[10.51,10.188879,8.132317],"faces":{"east":{"uv":[3.375,0.0,4.25,0.625],"tintindex":0,"rotation":0,"texture":"#0"},"south":{"uv":[2.875,4.625,3.5,5.25],"tintindex":0,"rotation":0,"texture":"#0"},"north":{"uv":[2.125,4.625,2.75,5.25],"tintindex":0,"rotation":0,"texture":"#0"},"west":{"uv":[3.375,0.75,4.25,1.375],"tintindex":0,"rotation":0,"texture":"#0"},"up":{"uv":[3.25,4.5,2.625,3.625],"tintindex":0,"rotation":0,"texture":"#0"},"down":{"uv":[4.0,3.625,3.375,4.5],"tintindex":0,"rotation":0,"texture":"#0"}}},{"from":[5.01,6.7942715,7.313714],"to":[10.99,11.774271,14.293714],"faces":{"east":{"uv":[3.75,1.5,4.625,2.125],"tintindex":0,"rotation":0,"texture":"#0"},"south":{"uv":[4.125,3.0,4.875,3.625],"tintindex":0,"rotation":0,"texture":"#0"},"north":{"uv":[1.25,4.125,2.0,4.75],"tintindex":0,"rotation":0,"texture":"#0"},"west":{"uv":[3.75,2.25,4.625,2.875],"tintindex":0,"rotation":0,"texture":"#0"},"up":{"uv":[1.875,3.125,1.125,2.25],"tintindex":0,"rotation":0,"texture":"#0"},"down":{"uv":[2.75,2.25,2.0,3.125],"tintindex":0,"rotation":0,"texture":"#0"}},"rotation":{"origin":[7.755,8.039271,11.808714],"angle":-22.5,"axis":"x"}}],"display":{"gui":{"rotation":[-150.0,-45.0,180.0]}}}