{"textures":{"0":"modelengine:entity/nocsy_chibi_salamender","particle":"#0"},"elements":[{"from":[10.7,6.893794,2.4567022],"to":[11.5,8.193794,2.4567022],"faces":{"south":{"uv":[4.75,2.625,4.875,2.75],"tintindex":0,"rotation":0,"texture":"#0"},"north":{"uv":[4.75,2.375,4.875,2.5],"tintindex":0,"rotation":0,"texture":"#0"}}},{"from":[4.0,4.1937943,2.9317026],"to":[12.0,11.193794,11.931703],"faces":{"east":{"uv":[0.0,1.25,1.125,2.125],"tintindex":0,"rotation":0,"texture":"#0"},"south":{"uv":[2.25,0.0,3.25,0.875],"tintindex":0,"rotation":0,"texture":"#0"},"north":{"uv":[0.0,2.25,1.0,3.125],"tintindex":0,"rotation":0,"texture":"#0"},"west":{"uv":[1.25,1.25,2.375,2.125],"tintindex":0,"rotation":0,"texture":"#0"},"up":{"uv":[1.0,1.125,0.0,0.0],"tintindex":0,"rotation":0,"texture":"#0"},"down":{"uv":[2.125,0.0,1.125,1.125],"tintindex":0,"rotation":0,"texture":"#0"}}},{"from":[4.5,6.893794,2.4567022],"to":[5.3,8.193794,2.4567022],"faces":{"south":{"uv":[2.625,3.25,2.75,3.375],"tintindex":0,"rotation":0,"texture":"#0"},"north":{"uv":[2.25,1.0,2.375,1.125],"tintindex":0,"rotation":0,"texture":"#0"}}},{"from":[3.6,6.1937943,2.531702],"to":[6.6,9.193794,4.531702],"faces":{"east":{"uv":[8.0,5.625,8.25,6.0],"tintindex":0,"rotation":0,"texture":"#0"},"south":{"uv":[7.5,1.375,7.875,1.75],"tintindex":0,"rotation":0,"texture":"#0"},"north":{"uv":[2.125,4.125,2.5,4.5],"tintindex":0,"rotation":0,"texture":"#0"},"west":{"uv":[8.0,7.5,8.25,7.875],"tintindex":0,"rotation":0,"texture":"#0"},"up":{"uv":[8.375,8.25,8.0,8.0],"tintindex":0,"rotation":0,"texture":"#0"},"down":{"uv":[8.5,0.5,8.125,0.75],"tintindex":0,"rotation":0,"texture":"#0"}}},{"from":[9.4,6.1937943,2.531702],"to":[12.4,9.193794,4.531702],"faces":{"east":{"uv":[8.125,3.375,8.375,3.75],"tintindex":0,"rotation":0,"texture":"#0"},"south":{"uv":[7.5,3.125,7.875,3.5],"tintindex":0,"rotation":0,"texture":"#0"},"north":{"uv":[7.5,2.625,7.875,3.0],"tintindex":0,"rotation":0,"texture":"#0"},"west":{"uv":[4.375,8.125,4.625,8.5],"tintindex":0,"rotation":0,"texture":"#0"},"up":{"uv":[6.875,8.375,6.5,8.125],"tintindex":0,"rotation":0,"texture":"#0"},"down":{"uv":[7.875,8.125,7.5,8.375],"tintindex":0,"rotation":0,"texture":"#0"}}},{"from":[6.0,3.803362,1.6194725],"to":[10.0,5.8033614,5.619472],"faces":{"east":{"uv":[6.5,7.75,7.0,8.0],"tintindex":0,"rotation":0,"texture":"#0"},"south":{"uv":[7.75,6.5,8.25,6.75],"tintindex":0,"rotation":0,"texture":"#0"},"north":{"uv":[7.75,6.125,8.25,6.375],"tintindex":0,"rotation":0,"texture":"#0"},"west":{"uv":[0.0,7.875,0.5,8.125],"tintindex":0,"rotation":0,"texture":"#0"},"up":{"uv":[2.75,7.0,2.25,6.5],"tintindex":0,"rotation":0,"texture":"#0"},"down":{"uv":[0.5,6.625,0.0,7.125],"tintindex":0,"rotation":0,"texture":"#0"}},"rotation":{"origin":[8.5,5.1033616,2.5194721],"angle":-22.5,"axis":"x"}},{"from":[10.2875,7.3437943,2.8567028],"to":[10.2875,7.993794,3.156702],"faces":{"east":{"uv":[5.625,4.25,5.75,4.375],"tintindex":0,"rotation":0,"texture":"#0"},"west":{"uv":[0.625,5.875,0.75,6.0],"tintindex":0,"rotation":0,"texture":"#0"}}},{"from":[5.7125,7.3437943,2.9817028],"to":[5.7125,7.993794,3.281702],"faces":{"east":{"uv":[5.875,4.25,6.0,4.375],"tintindex":0,"rotation":0,"texture":"#0"},"west":{"uv":[0.625,6.125,0.75,6.25],"tintindex":0,"rotation":0,"texture":"#0"}}}],"display":{"gui":{"rotation":[-150.0,-45.0,180.0]}}}