{"textures":{"0":"modelengine:entity/nocsy_chibi_salamender","particle":"#0"},"elements":[{"from":[6.369446,6.5443006,6.957248],"to":[9.349445,10.5243,9.937248],"faces":{"east":{"uv":[7.625,0.0,7.25,0.5],"tintindex":0,"rotation":0,"texture":"#0"},"south":{"uv":[0.375,7.25,0.0,7.75],"tintindex":0,"rotation":0,"texture":"#0"},"north":{"uv":[6.875,7.125,6.5,7.625],"tintindex":0,"rotation":0,"texture":"#0"},"west":{"uv":[7.375,7.125,7.0,7.625],"tintindex":0,"rotation":0,"texture":"#0"},"up":{"uv":[7.625,1.0,8.0,0.625],"tintindex":0,"rotation":0,"texture":"#0"},"down":{"uv":[7.625,3.625,8.0,4.0],"tintindex":0,"rotation":0,"texture":"#0"}},"rotation":{"origin":[7.8594456,8.5343,8.447248],"angle":45.0,"axis":"x"}},{"from":[6.3594456,3.1807466,5.9723744],"to":[9.359446,8.180746,8.972374],"faces":{"east":{"uv":[5.0,7.0,5.375,7.625],"tintindex":0,"rotation":0,"texture":"#0"},"south":{"uv":[7.0,5.625,7.375,6.25],"tintindex":0,"rotation":0,"texture":"#0"},"north":{"uv":[7.0,2.75,7.375,3.375],"tintindex":0,"rotation":0,"texture":"#0"},"west":{"uv":[7.125,0.625,7.5,1.25],"tintindex":0,"rotation":0,"texture":"#0"},"up":{"uv":[8.125,0.375,7.75,0.0],"tintindex":0,"rotation":0,"texture":"#0"},"down":{"uv":[8.125,1.875,7.75,2.25],"tintindex":0,"rotation":0,"texture":"#0"}}}],"display":{"gui":{"rotation":[-150.0,-45.0,180.0]}}}