{"textures":{"0":"modelengine:entity/nocsy_chibi_salamender","particle":"#0"},"elements":[{"from":[8.6775875,6.759501,4.9794483],"to":[10.6775875,8.7595005,7.9794483],"faces":{"east":{"uv":[0.375,8.75,0.75,9.0],"tintindex":0,"rotation":0,"texture":"#0"},"south":{"uv":[9.125,2.75,9.375,3.0],"tintindex":0,"rotation":0,"texture":"#0"},"north":{"uv":[2.0,9.125,2.25,9.375],"tintindex":0,"rotation":0,"texture":"#0"},"west":{"uv":[8.75,1.875,9.125,2.125],"tintindex":0,"rotation":0,"texture":"#0"},"up":{"uv":[5.125,9.0,4.875,8.625],"tintindex":0,"rotation":0,"texture":"#0"},"down":{"uv":[1.125,8.75,0.875,9.125],"tintindex":0,"rotation":0,"texture":"#0"}},"rotation":{"origin":[9.127587,7.509501,5.7294483],"angle":-45.0,"axis":"y"}},{"from":[2.870123,6.759501,10.1258955],"to":[4.870123,8.7595005,13.1258955],"faces":{"east":{"uv":[8.75,4.125,9.125,4.375],"tintindex":0,"rotation":0,"texture":"#0"},"south":{"uv":[3.25,9.125,3.5,9.375],"tintindex":0,"rotation":0,"texture":"#0"},"north":{"uv":[2.875,9.125,3.125,9.375],"tintindex":0,"rotation":0,"texture":"#0"},"west":{"uv":[8.75,4.5,9.125,4.75],"tintindex":0,"rotation":0,"texture":"#0"},"up":{"uv":[9.0,5.25,8.75,4.875],"tintindex":0,"rotation":0,"texture":"#0"},"down":{"uv":[9.0,5.375,8.75,5.75],"tintindex":0,"rotation":0,"texture":"#0"}},"rotation":{"origin":[-0.5798769,7.509501,5.375895],"angle":45.0,"axis":"y"}},{"from":[7.986166,6.759501,3.162901],"to":[7.986166,8.559501,6.162901],"faces":{"east":{"uv":[8.875,5.875,9.25,6.125],"tintindex":0,"rotation":0,"texture":"#0"},"west":{"uv":[6.25,8.875,6.625,9.125],"tintindex":0,"rotation":0,"texture":"#0"}}},{"from":[9.1775875,6.759501,3.5794487],"to":[9.1775875,8.559501,6.5794487],"faces":{"east":{"uv":[3.75,8.75,4.125,9.0],"tintindex":0,"rotation":0,"texture":"#0"},"west":{"uv":[8.75,3.75,9.125,4.0],"tintindex":0,"rotation":0,"texture":"#0"}},"rotation":{"origin":[9.127587,7.509501,6.5294485],"angle":-45.0,"axis":"y"}},{"from":[6.9711657,6.7545004,4.5579004],"to":[8.991166,8.774501,8.067901],"faces":{"east":{"uv":[6.875,8.75,7.25,9.0],"tintindex":0,"rotation":0,"texture":"#0"},"south":{"uv":[9.125,5.25,9.375,5.5],"tintindex":0,"rotation":0,"texture":"#0"},"north":{"uv":[9.125,4.875,9.375,5.125],"tintindex":0,"rotation":0,"texture":"#0"},"west":{"uv":[8.0,8.75,8.375,9.0],"tintindex":0,"rotation":0,"texture":"#0"},"up":{"uv":[9.125,2.625,8.875,2.25],"tintindex":0,"rotation":0,"texture":"#0"},"down":{"uv":[5.5,8.875,5.25,9.25],"tintindex":0,"rotation":0,"texture":"#0"}}},{"from":[4.570123,6.759501,8.925895],"to":[4.570123,8.559501,10.925895],"faces":{"east":{"uv":[3.625,9.125,3.875,9.375],"tintindex":0,"rotation":0,"texture":"#0"},"west":{"uv":[4.625,9.125,4.875,9.375],"tintindex":0,"rotation":0,"texture":"#0"}},"rotation":{"origin":[-0.5798769,7.509501,6.175895],"angle":45.0,"axis":"y"}}],"display":{"gui":{"rotation":[-150.0,-45.0,180.0]}}}