{"textures":{"0":"modelengine:entity/nocsy_chibi_salamender","particle":"#0"},"elements":[{"from":[7.122759,6.574472,6.953521],"to":[10.122759,9.574472,13.953522],"faces":{"east":{"uv":[5.5,0.75,6.375,1.125],"tintindex":0,"rotation":0,"texture":"#0"},"south":{"uv":[7.75,5.125,8.125,5.5],"tintindex":0,"rotation":0,"texture":"#0"},"north":{"uv":[5.0,7.75,5.375,8.125],"tintindex":0,"rotation":0,"texture":"#0"},"west":{"uv":[5.5,1.25,6.375,1.625],"tintindex":0,"rotation":0,"texture":"#0"},"up":{"uv":[1.25,6.5,0.875,5.625],"tintindex":0,"rotation":0,"texture":"#0"},"down":{"uv":[1.75,5.625,1.375,6.5],"tintindex":0,"rotation":0,"texture":"#0"}}}],"display":{"gui":{"rotation":[-150.0,-45.0,180.0]}}}