{"textures":{"0":"modelengine:entity/nocsy_chibi_salamender","particle":"#0"},"elements":[{"from":[7.018423,6.2772307,4.041727],"to":[8.996424,8.255231,7.0197268],"faces":{"east":{"uv":[5.875,8.25,6.25,8.5],"tintindex":0,"rotation":0,"texture":"#0"},"south":{"uv":[1.25,9.0,1.5,9.25],"tintindex":0,"rotation":0,"texture":"#0"},"north":{"uv":[8.875,8.875,9.125,9.125],"tintindex":0,"rotation":0,"texture":"#0"},"west":{"uv":[8.375,2.25,8.75,2.5],"tintindex":0,"rotation":0,"texture":"#0"},"up":{"uv":[4.25,8.625,4.0,8.25],"tintindex":0,"rotation":0,"texture":"#0"},"down":{"uv":[8.625,5.375,8.375,5.75],"tintindex":0,"rotation":0,"texture":"#0"}}},{"from":[8.001923,6.371731,2.5362267],"to":[8.001923,8.17173,5.5362267],"faces":{"east":{"uv":[8.375,2.625,8.75,2.875],"tintindex":0,"rotation":0,"texture":"#0"},"west":{"uv":[8.375,5.875,8.75,6.125],"tintindex":0,"rotation":0,"texture":"#0"}}},{"from":[8.38274,6.2717304,4.6760616],"to":[10.38274,8.27173,8.676062],"faces":{"east":{"uv":[5.875,7.875,6.375,8.125],"tintindex":0,"rotation":0,"texture":"#0"},"south":{"uv":[5.625,9.0,5.875,9.25],"tintindex":0,"rotation":0,"texture":"#0"},"north":{"uv":[4.25,9.0,4.5,9.25],"tintindex":0,"rotation":0,"texture":"#0"},"west":{"uv":[8.0,1.125,8.5,1.375],"tintindex":0,"rotation":0,"texture":"#0"},"up":{"uv":[1.5,8.5,1.25,8.0],"tintindex":0,"rotation":0,"texture":"#0"},"down":{"uv":[8.25,2.375,8.0,2.875],"tintindex":0,"rotation":0,"texture":"#0"}},"rotation":{"origin":[10.042463,7.2687206,6.44206],"angle":-22.5,"axis":"y"}},{"from":[4.643956,6.2717304,7.2772684],"to":[6.643956,8.27173,11.277268],"faces":{"east":{"uv":[8.0,1.5,8.5,1.75],"tintindex":0,"rotation":0,"texture":"#0"},"south":{"uv":[9.0,8.125,9.25,8.375],"tintindex":0,"rotation":0,"texture":"#0"},"north":{"uv":[9.0,7.75,9.25,8.0],"tintindex":0,"rotation":0,"texture":"#0"},"west":{"uv":[8.0,3.0,8.5,3.25],"tintindex":0,"rotation":0,"texture":"#0"},"up":{"uv":[3.375,8.5,3.125,8.0],"tintindex":0,"rotation":0,"texture":"#0"},"down":{"uv":[8.25,6.875,8.0,7.375],"tintindex":0,"rotation":0,"texture":"#0"}},"rotation":{"origin":[-0.8157673,7.2687206,6.543267],"angle":22.5,"axis":"y"}},{"from":[9.582741,6.371731,3.1760612],"to":[9.582741,8.171731,6.1760616],"faces":{"east":{"uv":[8.375,7.375,8.75,7.625],"tintindex":0,"rotation":0,"texture":"#0"},"west":{"uv":[8.0,8.375,8.375,8.625],"tintindex":0,"rotation":0,"texture":"#0"}},"rotation":{"origin":[10.042463,7.1687207,6.44206],"angle":-22.5,"axis":"y"}},{"from":[6.506923,6.2767305,7.041227],"to":[9.4969225,7.7667303,8.531227],"faces":{"east":{"uv":[2.5,9.0,2.75,9.25],"tintindex":0,"rotation":0,"texture":"#0"},"south":{"uv":[8.375,6.625,8.75,6.875],"tintindex":0,"rotation":0,"texture":"#0"},"north":{"uv":[8.375,6.25,8.75,6.5],"tintindex":0,"rotation":0,"texture":"#0"},"west":{"uv":[9.0,3.375,9.25,3.625],"tintindex":0,"rotation":0,"texture":"#0"},"up":{"uv":[7.375,8.625,7.0,8.375],"tintindex":0,"rotation":0,"texture":"#0"},"down":{"uv":[8.75,7.0,8.375,7.25],"tintindex":0,"rotation":0,"texture":"#0"}}},{"from":[5.843956,6.371731,5.7772684],"to":[5.843956,8.171731,8.777268],"faces":{"east":{"uv":[8.5,3.375,8.875,3.625],"tintindex":0,"rotation":0,"texture":"#0"},"west":{"uv":[5.25,8.5,5.625,8.75],"tintindex":0,"rotation":0,"texture":"#0"}},"rotation":{"origin":[-0.8157673,7.1687207,6.543267],"angle":22.5,"axis":"y"}}],"display":{"gui":{"rotation":[-150.0,-45.0,180.0]}}}