{"textures":{"0":"modelengine:entity/nocsy_chibi_salamender","particle":"#0"},"elements":[{"from":[6.954417,3.1212912,7.5821996],"to":[9.954417,8.121291,9.5822],"faces":{"east":{"uv":[7.375,4.875,7.625,5.5],"tintindex":0,"rotation":0,"texture":"#0"},"south":{"uv":[6.0,7.125,6.375,7.75],"tintindex":0,"rotation":0,"texture":"#0"},"north":{"uv":[5.5,7.125,5.875,7.75],"tintindex":0,"rotation":0,"texture":"#0"},"west":{"uv":[7.375,6.375,7.625,7.0],"tintindex":0,"rotation":0,"texture":"#0"},"up":{"uv":[6.125,8.875,5.75,8.625],"tintindex":0,"rotation":0,"texture":"#0"},"down":{"uv":[9.125,0.0,8.75,0.25],"tintindex":0,"rotation":0,"texture":"#0"}}}],"display":{"gui":{"rotation":[-150.0,-45.0,180.0]}}}