{"textures":{"0":"modelengine:entity/nocsy_chibi_salamender","particle":"#0"},"elements":[{"from":[5.436468,3.8290033,6.672698],"to":[9.436468,8.829003,10.672698],"faces":{"east":{"uv":[5.625,6.375,6.125,7.0],"tintindex":0,"rotation":0,"texture":"#0"},"south":{"uv":[6.375,5.625,6.875,6.25],"tintindex":0,"rotation":0,"texture":"#0"},"north":{"uv":[4.0,6.375,4.5,7.0],"tintindex":0,"rotation":0,"texture":"#0"},"west":{"uv":[6.25,6.375,6.75,7.0],"tintindex":0,"rotation":0,"texture":"#0"},"up":{"uv":[1.75,7.125,1.25,6.625],"tintindex":0,"rotation":0,"texture":"#0"},"down":{"uv":[3.375,6.625,2.875,7.125],"tintindex":0,"rotation":0,"texture":"#0"}}}],"display":{"gui":{"rotation":[-150.0,-45.0,180.0]}}}