{"textures":{"0":"modelengine:entity/nocsy_chibi_salamender","particle":"#0"},"elements":[{"from":[5.5,4.7045574,6.547906],"to":[10.5,8.704557,11.547906],"faces":{"east":{"uv":[1.875,5.875,2.5,6.375],"tintindex":0,"rotation":0,"texture":"#0"},"south":{"uv":[2.625,5.875,3.25,6.375],"tintindex":0,"rotation":0,"texture":"#0"},"north":{"uv":[5.875,0.0,6.5,0.5],"tintindex":0,"rotation":0,"texture":"#0"},"west":{"uv":[6.0,5.0,6.625,5.5],"tintindex":0,"rotation":0,"texture":"#0"},"up":{"uv":[5.625,3.0,5.0,2.375],"tintindex":0,"rotation":0,"texture":"#0"},"down":{"uv":[5.75,0.0,5.125,0.625],"tintindex":0,"rotation":0,"texture":"#0"}}}],"display":{"gui":{"rotation":[-150.0,-45.0,180.0]}}}