{"textures":{"0":"modelengine:entity/nocsy_chibi_salamender","particle":"#0"},"elements":[{"from":[10.156044,6.371731,5.7772684],"to":[10.156044,8.171731,8.777268],"faces":{"east":{"uv":[4.75,8.25,5.125,8.5],"tintindex":0,"rotation":0,"texture":"#0"},"west":{"uv":[8.25,5.0,8.625,5.25],"tintindex":0,"rotation":0,"texture":"#0"}},"rotation":{"origin":[16.815767,7.1687207,6.543267],"angle":-22.5,"axis":"y"}},{"from":[7.9980774,6.371731,2.5362267],"to":[7.9980774,8.17173,5.5362267],"faces":{"east":{"uv":[1.625,8.25,2.0,8.5],"tintindex":0,"rotation":0,"texture":"#0"},"west":{"uv":[8.25,1.875,8.625,2.125],"tintindex":0,"rotation":0,"texture":"#0"}}},{"from":[9.356044,6.2717304,7.2772684],"to":[11.356044,8.27173,11.277268],"faces":{"east":{"uv":[2.5,7.875,3.0,8.125],"tintindex":0,"rotation":0,"texture":"#0"},"south":{"uv":[8.875,8.5,9.125,8.75],"tintindex":0,"rotation":0,"texture":"#0"},"north":{"uv":[8.875,7.375,9.125,7.625],"tintindex":0,"rotation":0,"texture":"#0"},"west":{"uv":[3.75,7.875,4.25,8.125],"tintindex":0,"rotation":0,"texture":"#0"},"up":{"uv":[7.375,8.25,7.125,7.75],"tintindex":0,"rotation":0,"texture":"#0"},"down":{"uv":[5.75,7.875,5.5,8.375],"tintindex":0,"rotation":0,"texture":"#0"}},"rotation":{"origin":[16.815767,7.2687206,6.543267],"angle":-22.5,"axis":"y"}},{"from":[7.003577,6.2772307,4.041727],"to":[8.981578,8.255231,7.0197268],"faces":{"east":{"uv":[0.0,8.25,0.375,8.5],"tintindex":0,"rotation":0,"texture":"#0"},"south":{"uv":[7.125,1.375,7.375,1.625],"tintindex":0,"rotation":0,"texture":"#0"},"north":{"uv":[0.875,5.25,1.125,5.5],"tintindex":0,"rotation":0,"texture":"#0"},"west":{"uv":[8.25,0.0,8.625,0.25],"tintindex":0,"rotation":0,"texture":"#0"},"up":{"uv":[0.75,8.625,0.5,8.25],"tintindex":0,"rotation":0,"texture":"#0"},"down":{"uv":[1.125,8.25,0.875,8.625],"tintindex":0,"rotation":0,"texture":"#0"}}},{"from":[6.5030775,6.2767305,7.041227],"to":[9.493077,7.7667303,8.531227],"faces":{"east":{"uv":[8.875,6.25,9.125,6.5],"tintindex":0,"rotation":0,"texture":"#0"},"south":{"uv":[2.625,8.25,3.0,8.5],"tintindex":0,"rotation":0,"texture":"#0"},"north":{"uv":[2.125,8.25,2.5,8.5],"tintindex":0,"rotation":0,"texture":"#0"},"west":{"uv":[8.875,6.625,9.125,6.875],"tintindex":0,"rotation":0,"texture":"#0"},"up":{"uv":[3.875,8.5,3.5,8.25],"tintindex":0,"rotation":0,"texture":"#0"},"down":{"uv":[8.625,3.875,8.25,4.125],"tintindex":0,"rotation":0,"texture":"#0"}}},{"from":[6.4172597,6.371731,3.1760612],"to":[6.4172597,8.171731,6.1760616],"faces":{"east":{"uv":[8.25,4.25,8.625,4.5],"tintindex":0,"rotation":0,"texture":"#0"},"west":{"uv":[8.25,4.625,8.625,4.875],"tintindex":0,"rotation":0,"texture":"#0"}},"rotation":{"origin":[5.957537,7.1687207,6.44206],"angle":22.5,"axis":"y"}},{"from":[5.61726,6.2717304,4.6760616],"to":[7.61726,8.27173,8.676062],"faces":{"east":{"uv":[0.625,7.875,1.125,8.125],"tintindex":0,"rotation":0,"texture":"#0"},"south":{"uv":[7.375,8.875,7.625,9.125],"tintindex":0,"rotation":0,"texture":"#0"},"north":{"uv":[8.875,7.0,9.125,7.25],"tintindex":0,"rotation":0,"texture":"#0"},"west":{"uv":[1.875,7.875,2.375,8.125],"tintindex":0,"rotation":0,"texture":"#0"},"up":{"uv":[4.0,3.5,3.75,3.0],"tintindex":0,"rotation":0,"texture":"#0"},"down":{"uv":[4.625,0.875,4.375,1.375],"tintindex":0,"rotation":0,"texture":"#0"}},"rotation":{"origin":[5.957537,7.2687206,6.44206],"angle":22.5,"axis":"y"}}],"display":{"gui":{"rotation":[-150.0,-45.0,180.0]}}}