{"textures":{"0":"modelengine:entity/nocsy_chibi_salamender","particle":"#0"},"elements":[{"from":[6.563532,3.8290033,6.672698],"to":[10.563532,8.829003,10.672698],"faces":{"east":{"uv":[6.25,4.25,6.75,4.875],"tintindex":0,"rotation":0,"texture":"#0"},"south":{"uv":[5.0,6.25,5.5,6.875],"tintindex":0,"rotation":0,"texture":"#0"},"north":{"uv":[3.375,5.875,3.875,6.5],"tintindex":0,"rotation":0,"texture":"#0"},"west":{"uv":[6.375,3.0,6.875,3.625],"tintindex":0,"rotation":0,"texture":"#0"},"up":{"uv":[7.125,0.5,6.625,0.0],"tintindex":0,"rotation":0,"texture":"#0"},"down":{"uv":[1.125,6.625,0.625,7.125],"tintindex":0,"rotation":0,"texture":"#0"}}}],"display":{"gui":{"rotation":[-150.0,-45.0,180.0]}}}