{"textures":{"0":"modelengine:entity/nocsy_chibi_salamender","particle":"#0"},"elements":[{"from":[6.0455832,3.1212912,7.5821996],"to":[9.045583,8.121291,9.5822],"faces":{"east":{"uv":[1.5,7.25,1.75,7.875],"tintindex":0,"rotation":0,"texture":"#0"},"south":{"uv":[4.0,7.125,4.375,7.75],"tintindex":0,"rotation":0,"texture":"#0"},"north":{"uv":[2.25,7.125,2.625,7.75],"tintindex":0,"rotation":0,"texture":"#0"},"west":{"uv":[7.375,4.125,7.625,4.75],"tintindex":0,"rotation":0,"texture":"#0"},"up":{"uv":[6.75,8.75,6.375,8.5],"tintindex":0,"rotation":0,"texture":"#0"},"down":{"uv":[7.875,8.5,7.5,8.75],"tintindex":0,"rotation":0,"texture":"#0"}}}],"display":{"gui":{"rotation":[-150.0,-45.0,180.0]}}}