{"textures":{"0":"modelengine:entity/nocsy_chibi_salamender","particle":"#0"},"elements":[{"from":[5.877241,6.574472,6.953521],"to":[8.877241,9.574472,13.953522],"faces":{"east":{"uv":[2.0,5.375,2.875,5.75],"tintindex":0,"rotation":0,"texture":"#0"},"south":{"uv":[7.75,4.625,8.125,5.0],"tintindex":0,"rotation":0,"texture":"#0"},"north":{"uv":[7.75,4.125,8.125,4.5],"tintindex":0,"rotation":0,"texture":"#0"},"west":{"uv":[3.0,5.375,3.875,5.75],"tintindex":0,"rotation":0,"texture":"#0"},"up":{"uv":[4.375,6.25,4.0,5.375],"tintindex":0,"rotation":0,"texture":"#0"},"down":{"uv":[4.875,5.375,4.5,6.25],"tintindex":0,"rotation":0,"texture":"#0"}}}],"display":{"gui":{"rotation":[-150.0,-45.0,180.0]}}}