{"textures":{"0":"modelengine:entity/nocsy_chibi_salamender","particle":"#0"},"elements":[{"from":[7.008834,6.7545004,4.5579004],"to":[9.028834,8.774501,8.067901],"faces":{"east":{"uv":[8.625,1.5,9.0,1.75],"tintindex":0,"rotation":0,"texture":"#0"},"south":{"uv":[1.625,9.125,1.875,9.375],"tintindex":0,"rotation":0,"texture":"#0"},"north":{"uv":[9.125,1.5,9.375,1.75],"tintindex":0,"rotation":0,"texture":"#0"},"west":{"uv":[2.5,8.625,2.875,8.875],"tintindex":0,"rotation":0,"texture":"#0"},"up":{"uv":[3.25,9.0,3.0,8.625],"tintindex":0,"rotation":0,"texture":"#0"},"down":{"uv":[3.625,8.625,3.375,9.0],"tintindex":0,"rotation":0,"texture":"#0"}}},{"from":[8.013834,6.759501,3.162901],"to":[8.013834,8.559501,6.162901],"faces":{"east":{"uv":[8.625,3.0,9.0,3.25],"tintindex":0,"rotation":0,"texture":"#0"},"west":{"uv":[4.375,8.625,4.75,8.875],"tintindex":0,"rotation":0,"texture":"#0"}}},{"from":[6.822413,6.759501,3.5794487],"to":[6.822413,8.559501,6.5794487],"faces":{"east":{"uv":[8.625,0.375,9.0,0.625],"tintindex":0,"rotation":0,"texture":"#0"},"west":{"uv":[8.625,0.75,9.0,1.0],"tintindex":0,"rotation":0,"texture":"#0"}},"rotation":{"origin":[6.8724127,7.509501,6.5294485],"angle":45.0,"axis":"y"}},{"from":[11.129877,6.759501,10.1258955],"to":[13.129877,8.7595005,13.1258955],"faces":{"east":{"uv":[8.625,1.125,9.0,1.375],"tintindex":0,"rotation":0,"texture":"#0"},"south":{"uv":[9.125,0.375,9.375,0.625],"tintindex":0,"rotation":0,"texture":"#0"},"north":{"uv":[0.375,9.125,0.625,9.375],"tintindex":0,"rotation":0,"texture":"#0"},"west":{"uv":[1.25,8.625,1.625,8.875],"tintindex":0,"rotation":0,"texture":"#0"},"up":{"uv":[2.0,9.0,1.75,8.625],"tintindex":0,"rotation":0,"texture":"#0"},"down":{"uv":[2.375,8.625,2.125,9.0],"tintindex":0,"rotation":0,"texture":"#0"}},"rotation":{"origin":[16.579876,7.509501,5.375895],"angle":-45.0,"axis":"y"}},{"from":[5.3224125,6.759501,4.9794483],"to":[7.322413,8.7595005,7.9794483],"faces":{"east":{"uv":[8.5,7.75,8.875,8.0],"tintindex":0,"rotation":0,"texture":"#0"},"south":{"uv":[0.0,9.125,0.25,9.375],"tintindex":0,"rotation":0,"texture":"#0"},"north":{"uv":[8.5,9.0,8.75,9.25],"tintindex":0,"rotation":0,"texture":"#0"},"west":{"uv":[8.5,8.125,8.875,8.375],"tintindex":0,"rotation":0,"texture":"#0"},"up":{"uv":[8.75,8.875,8.5,8.5],"tintindex":0,"rotation":0,"texture":"#0"},"down":{"uv":[0.25,8.625,0.0,9.0],"tintindex":0,"rotation":0,"texture":"#0"}},"rotation":{"origin":[6.8724127,7.509501,5.7294483],"angle":45.0,"axis":"y"}},{"from":[11.429876,6.759501,8.925895],"to":[11.429876,8.559501,10.925895],"faces":{"east":{"uv":[9.125,0.75,9.375,1.0],"tintindex":0,"rotation":0,"texture":"#0"},"west":{"uv":[9.125,1.125,9.375,1.375],"tintindex":0,"rotation":0,"texture":"#0"}},"rotation":{"origin":[16.579876,7.509501,6.175895],"angle":-45.0,"axis":"y"}}],"display":{"gui":{"rotation":[-150.0,-45.0,180.0]}}}