{"textures":{"0":"modelengine:entity/nocsy_chibi_salamender","particle":"#0"},"elements":[{"from":[6.6405544,3.1807466,5.9723744],"to":[9.640554,8.180746,8.972374],"faces":{"east":{"uv":[6.875,4.125,7.25,4.75],"tintindex":0,"rotation":0,"texture":"#0"},"south":{"uv":[6.875,4.875,7.25,5.5],"tintindex":0,"rotation":0,"texture":"#0"},"north":{"uv":[3.5,6.625,3.875,7.25],"tintindex":0,"rotation":0,"texture":"#0"},"west":{"uv":[6.875,6.375,7.25,7.0],"tintindex":0,"rotation":0,"texture":"#0"},"up":{"uv":[7.875,6.0,7.5,5.625],"tintindex":0,"rotation":0,"texture":"#0"},"down":{"uv":[7.875,7.125,7.5,7.5],"tintindex":0,"rotation":0,"texture":"#0"}}},{"from":[6.6505547,6.5443006,6.957248],"to":[9.630554,10.5243,9.937248],"faces":{"east":{"uv":[7.0,7.125,7.375,7.625],"tintindex":0,"rotation":0,"texture":"#0"},"south":{"uv":[0.0,7.25,0.375,7.75],"tintindex":0,"rotation":0,"texture":"#0"},"north":{"uv":[6.5,7.125,6.875,7.625],"tintindex":0,"rotation":0,"texture":"#0"},"west":{"uv":[7.25,0.0,7.625,0.5],"tintindex":0,"rotation":0,"texture":"#0"},"up":{"uv":[8.0,1.0,7.625,0.625],"tintindex":0,"rotation":0,"texture":"#0"},"down":{"uv":[8.0,3.625,7.625,4.0],"tintindex":0,"rotation":0,"texture":"#0"}},"rotation":{"origin":[8.140554,8.5343,8.447248],"angle":45.0,"axis":"x"}}],"display":{"gui":{"rotation":[-150.0,-45.0,180.0]}}}