{"textures":{"0":"modelengine:entity/nocsy_chibi_salamender","particle":"#0"},"elements":[{"from":[5.51,9.491679,10.494211],"to":[10.49,13.47168,16.47421],"faces":{"east":{"uv":[5.125,5.0,5.875,5.5],"tintindex":0,"rotation":0,"texture":"#0"},"south":{"uv":[5.625,3.625,6.25,4.125],"tintindex":0,"rotation":0,"texture":"#0"},"north":{"uv":[5.5,1.75,6.125,2.25],"tintindex":0,"rotation":0,"texture":"#0"},"west":{"uv":[0.0,5.25,0.75,5.75],"tintindex":0,"rotation":0,"texture":"#0"},"up":{"uv":[4.75,4.5,4.125,3.75],"tintindex":0,"rotation":0,"texture":"#0"},"down":{"uv":[5.0,0.0,4.375,0.75],"tintindex":0,"rotation":0,"texture":"#0"}},"rotation":{"origin":[9.255,9.336679,18.98921],"angle":-22.5,"axis":"x"}},{"from":[6.01,7.399235,8.095195],"to":[9.99,10.379234,16.075195],"faces":{"east":{"uv":[5.0,3.125,6.0,3.5],"tintindex":0,"rotation":0,"texture":"#0"},"south":{"uv":[7.125,2.125,7.625,2.5],"tintindex":0,"rotation":0,"texture":"#0"},"north":{"uv":[6.5,1.25,7.0,1.625],"tintindex":0,"rotation":0,"texture":"#0"},"west":{"uv":[5.125,4.5,6.125,4.875],"tintindex":0,"rotation":0,"texture":"#0"},"up":{"uv":[0.5,5.125,0.0,4.125],"tintindex":0,"rotation":0,"texture":"#0"},"down":{"uv":[1.125,4.125,0.625,5.125],"tintindex":0,"rotation":0,"texture":"#0"}},"rotation":{"origin":[8.755,6.944234,12.590195],"angle":-22.5,"axis":"x"}}],"display":{"gui":{"rotation":[-150.0,-45.0,180.0]}}}