{"textures":{"0":"modelengine:entity/nocsy_chibi_salamender","particle":"#0"},"elements":[{"from":[5.51,4.3551984,9.217745],"to":[10.49,9.335197,14.197744],"faces":{"east":{"uv":[4.375,4.625,5.0,5.25],"tintindex":0,"rotation":0,"texture":"#0"},"south":{"uv":[4.75,0.875,5.375,1.5],"tintindex":0,"rotation":0,"texture":"#0"},"north":{"uv":[3.625,4.625,4.25,5.25],"tintindex":0,"rotation":0,"texture":"#0"},"west":{"uv":[4.75,1.625,5.375,2.25],"tintindex":0,"rotation":0,"texture":"#0"},"up":{"uv":[1.875,5.5,1.25,4.875],"tintindex":0,"rotation":0,"texture":"#0"},"down":{"uv":[5.5,3.75,4.875,4.375],"tintindex":0,"rotation":0,"texture":"#0"}},"rotation":{"origin":[8.255,5.600198,11.712745],"angle":-22.5,"axis":"x"}}],"display":{"gui":{"rotation":[-150.0,-45.0,180.0]}}}