{"textures":{"0":"modelengine:entity/nocsy_chibi_salamender","particle":"#0"},"elements":[{"from":[6.1325,6.199171,5.859894],"to":[12.112499,12.179172,11.839892],"faces":{"east":{"uv":[2.875,1.875,3.625,2.625],"tintindex":0,"rotation":0,"texture":"#0"},"south":{"uv":[2.875,2.75,3.625,3.5],"tintindex":0,"rotation":0,"texture":"#0"},"north":{"uv":[2.5,1.0,3.25,1.75],"tintindex":0,"rotation":0,"texture":"#0"},"west":{"uv":[0.0,3.25,0.75,4.0],"tintindex":0,"rotation":0,"texture":"#0"},"up":{"uv":[1.625,4.0,0.875,3.25],"tintindex":0,"rotation":0,"texture":"#0"},"down":{"uv":[2.5,3.25,1.75,4.0],"tintindex":0,"rotation":0,"texture":"#0"}},"rotation":{"origin":[8.8775,6.5441713,12.354894],"angle":-22.5,"axis":"x"}},{"from":[7.1325,6.9991713,9.859894],"to":[11.112499,10.979171,14.839892],"faces":{"east":{"uv":[5.0,5.625,5.625,6.125],"tintindex":0,"rotation":0,"texture":"#0"},"south":{"uv":[6.5,2.125,7.0,2.625],"tintindex":0,"rotation":0,"texture":"#0"},"north":{"uv":[6.5,0.625,7.0,1.125],"tintindex":0,"rotation":0,"texture":"#0"},"west":{"uv":[5.75,2.375,6.375,2.875],"tintindex":0,"rotation":0,"texture":"#0"},"up":{"uv":[6.25,6.25,5.75,5.625],"tintindex":0,"rotation":0,"texture":"#0"},"down":{"uv":[0.5,5.875,0.0,6.5],"tintindex":0,"rotation":0,"texture":"#0"}},"rotation":{"origin":[9.8775,6.5441713,12.354894],"angle":-22.5,"axis":"x"}},{"from":[8.1325,7.9991713,7.859894],"to":[10.112499,9.979171,16.839891],"faces":{"east":{"uv":[6.25,1.75,7.375,2.0],"tintindex":0,"rotation":0,"texture":"#0"},"south":{"uv":[3.375,1.5,3.625,1.75],"tintindex":0,"rotation":0,"texture":"#0"},"north":{"uv":[2.5,1.875,2.75,2.125],"tintindex":0,"rotation":0,"texture":"#0"},"west":{"uv":[6.375,3.75,7.5,4.0],"tintindex":0,"rotation":0,"texture":"#0"},"up":{"uv":[4.875,7.5,4.625,6.375],"tintindex":0,"rotation":0,"texture":"#0"},"down":{"uv":[2.125,6.5,1.875,7.625],"tintindex":0,"rotation":0,"texture":"#0"}},"rotation":{"origin":[9.8775,6.5441713,12.354894],"angle":-22.5,"axis":"x"}}],"display":{"gui":{"rotation":[-150.0,-45.0,180.0]}}}