{"textures":{"0":"modelengine:entity/nocsy_chibi_fox","particle":"#0"},"elements":[{"from":[6.9500003,4.102094,6.854558],"to":[9.650001,8.802094,9.554558],"faces":{"east":{"uv":[4.625,2.75,5.0,3.375],"tintindex":0,"rotation":0,"texture":"#0"},"south":{"uv":[4.625,3.5,5.0,4.125],"tintindex":0,"rotation":0,"texture":"#0"},"north":{"uv":[0.0,4.5,0.375,5.125],"tintindex":0,"rotation":0,"texture":"#0"},"west":{"uv":[4.625,4.25,5.0,4.875],"tintindex":0,"rotation":0,"texture":"#0"},"up":{"uv":[4.875,6.5,4.5,6.125],"tintindex":0,"rotation":0,"texture":"#0"},"down":{"uv":[5.375,6.125,5.0,6.5],"tintindex":0,"rotation":0,"texture":"#0"}}}],"display":{"gui":{"rotation":[-150.0,-45.0,180.0]}}}