{"textures":{"0":"modelengine:entity/nocsy_chibi_fox","particle":"#0"},"elements":[{"from":[6.35,4.102094,6.854558],"to":[9.05,8.802094,9.554558],"faces":{"east":{"uv":[4.125,3.375,4.5,4.0],"tintindex":0,"rotation":0,"texture":"#0"},"south":{"uv":[3.625,4.125,4.0,4.75],"tintindex":0,"rotation":0,"texture":"#0"},"north":{"uv":[3.125,4.125,3.5,4.75],"tintindex":0,"rotation":0,"texture":"#0"},"west":{"uv":[4.125,4.125,4.5,4.75],"tintindex":0,"rotation":0,"texture":"#0"},"up":{"uv":[6.375,6.375,6.0,6.0],"tintindex":0,"rotation":0,"texture":"#0"},"down":{"uv":[6.5,2.375,6.125,2.75],"tintindex":0,"rotation":0,"texture":"#0"}}}],"display":{"gui":{"rotation":[-150.0,-45.0,180.0]}}}