{"textures":{"0":"modelengine:entity/nocsy_chibi_fox","particle":"#0"},"elements":[{"from":[5.5,5.497901,3.582882],"to":[10.5,9.4979,13.582882],"faces":{"east":{"uv":[2.0,2.0,3.25,2.5],"tintindex":0,"rotation":0,"texture":"#0"},"south":{"uv":[3.375,3.5,4.0,4.0],"tintindex":0,"rotation":0,"texture":"#0"},"north":{"uv":[2.625,3.5,3.25,4.0],"tintindex":0,"rotation":0,"texture":"#0"},"west":{"uv":[0.0,2.375,1.25,2.875],"tintindex":0,"rotation":0,"texture":"#0"},"up":{"uv":[0.625,1.25,0.0,0.0],"tintindex":0,"rotation":0,"texture":"#0"},"down":{"uv":[1.375,0.0,0.75,1.25],"tintindex":0,"rotation":0,"texture":"#0"}}},{"from":[4.544332,4.693433,3.582882],"to":[4.544332,6.6934333,13.582882],"faces":{"east":{"uv":[3.875,1.375,5.125,1.625],"tintindex":0,"rotation":0,"texture":"#0"},"west":{"uv":[4.0,2.375,5.25,2.625],"tintindex":0,"rotation":0,"texture":"#0"}},"rotation":{"origin":[7.044332,4.693433,8.582882],"angle":-22.5,"axis":"z"}},{"from":[5.5,4.2695394,2.4348316],"to":[10.5,5.2695394,2.4348316],"faces":{"south":{"uv":[6.75,2.125,7.375,2.25],"tintindex":0,"rotation":0,"texture":"#0"},"north":{"uv":[6.75,0.375,7.375,0.5],"tintindex":0,"rotation":0,"texture":"#0"}},"rotation":{"origin":[8.0,8.269539,2.4348316],"angle":-22.5,"axis":"x"}},{"from":[5.5,4.321398,13.399275],"to":[10.5,6.321398,13.399275],"faces":{"south":{"uv":[5.125,4.375,5.75,4.625],"tintindex":0,"rotation":0,"texture":"#0"},"north":{"uv":[5.125,4.0,5.75,4.25],"tintindex":0,"rotation":0,"texture":"#0"}},"rotation":{"origin":[8.0,6.4213977,13.199274],"angle":-22.5,"axis":"x"}},{"from":[4.544332,3.6934333,3.582882],"to":[4.544332,4.693433,13.582882],"faces":{"east":{"uv":[5.25,0.875,6.5,1.0],"tintindex":0,"rotation":0,"texture":"#0"},"west":{"uv":[5.25,1.125,6.5,1.25],"tintindex":0,"rotation":0,"texture":"#0"}},"rotation":{"origin":[7.044332,2.6934333,8.582882],"angle":-22.5,"axis":"z"}},{"from":[11.4556675,3.6934333,3.582882],"to":[11.4556675,4.693433,13.582882],"faces":{"east":{"uv":[5.125,4.75,6.375,4.875],"tintindex":0,"rotation":0,"texture":"#0"},"west":{"uv":[5.25,0.625,6.5,0.75],"tintindex":0,"rotation":0,"texture":"#0"}},"rotation":{"origin":[8.955668,2.6934333,8.582882],"angle":22.5,"axis":"z"}},{"from":[11.4556675,4.693433,3.582882],"to":[11.4556675,6.6934333,13.582882],"faces":{"east":{"uv":[3.875,0.625,5.125,0.875],"tintindex":0,"rotation":0,"texture":"#0"},"west":{"uv":[3.875,1.0,5.125,1.25],"tintindex":0,"rotation":0,"texture":"#0"}},"rotation":{"origin":[8.955668,4.693433,8.582882],"angle":22.5,"axis":"z"}}],"display":{"gui":{"rotation":[-150.0,-45.0,180.0]}}}