{"textures":{"0":"modelengine:entity/nocsy_chibi_fox","particle":"#0"},"elements":[{"from":[7.543336,6.444312,7.804955],"to":[14.543336,13.444311,7.879955],"faces":{"east":{"uv":[4.0,6.5,4.125,7.375],"tintindex":0,"rotation":0,"texture":"#0"},"south":{"uv":[2.0,1.0,2.875,1.875],"tintindex":0,"rotation":0,"texture":"#0"},"north":{"uv":[1.5,0.0,2.375,0.875],"tintindex":0,"rotation":0,"texture":"#0"},"west":{"uv":[4.25,6.5,4.375,7.375],"tintindex":0,"rotation":0,"texture":"#0"},"up":{"uv":[7.375,4.5,6.5,4.375],"tintindex":0,"rotation":0,"texture":"#0"},"down":{"uv":[7.375,4.625,6.5,4.75],"tintindex":0,"rotation":0,"texture":"#0"}},"rotation":{"origin":[11.560278,9.886251,7.9504857],"angle":-22.5,"axis":"z"}},{"from":[1.5126123,6.444312,7.804955],"to":[8.512612,13.444311,7.879955],"faces":{"east":{"uv":[3.5,6.5,3.625,7.375],"tintindex":0,"rotation":0,"texture":"#0"},"south":{"uv":[1.0,1.375,1.875,2.25],"tintindex":0,"rotation":0,"texture":"#0"},"north":{"uv":[0.0,1.375,0.875,2.25],"tintindex":0,"rotation":0,"texture":"#0"},"west":{"uv":[3.75,6.5,3.875,7.375],"tintindex":0,"rotation":0,"texture":"#0"},"up":{"uv":[7.25,4.0,6.375,3.875],"tintindex":0,"rotation":0,"texture":"#0"},"down":{"uv":[7.25,4.125,6.375,4.25],"tintindex":0,"rotation":0,"texture":"#0"}},"rotation":{"origin":[4.4956703,9.886251,7.9504857],"angle":22.5,"axis":"z"}}],"display":{"gui":{"rotation":[-150.0,-45.0,180.0]}}}