{"textures":{"0":"modelengine:entity/nocsy_chibi_fox","particle":"#0"},"elements":[{"from":[6.9500003,5.5020947,6.945442],"to":[9.650001,9.202095,9.645443],"faces":{"east":{"uv":[5.0,5.0,5.375,5.5],"tintindex":0,"rotation":0,"texture":"#0"},"south":{"uv":[5.125,2.75,5.5,3.25],"tintindex":0,"rotation":0,"texture":"#0"},"north":{"uv":[4.5,5.0,4.875,5.5],"tintindex":0,"rotation":0,"texture":"#0"},"west":{"uv":[5.125,3.375,5.5,3.875],"tintindex":0,"rotation":0,"texture":"#0"},"up":{"uv":[4.375,6.375,4.0,6.0],"tintindex":0,"rotation":0,"texture":"#0"},"down":{"uv":[6.375,5.0,6.0,5.375],"tintindex":0,"rotation":0,"texture":"#0"}}}],"display":{"gui":{"rotation":[-150.0,-45.0,180.0]}}}