{"textures":{"0":"modelengine:entity/nocsy_chibi_fox","particle":"#0"},"elements":[{"from":[6.35,5.5020947,6.945442],"to":[9.05,9.202095,9.645443],"faces":{"east":{"uv":[3.0,4.875,3.375,5.375],"tintindex":0,"rotation":0,"texture":"#0"},"south":{"uv":[3.5,4.875,3.875,5.375],"tintindex":0,"rotation":0,"texture":"#0"},"north":{"uv":[4.875,1.75,5.25,2.25],"tintindex":0,"rotation":0,"texture":"#0"},"west":{"uv":[4.0,4.875,4.375,5.375],"tintindex":0,"rotation":0,"texture":"#0"},"up":{"uv":[2.875,6.25,2.5,5.875],"tintindex":0,"rotation":0,"texture":"#0"},"down":{"uv":[6.25,3.875,5.875,4.25],"tintindex":0,"rotation":0,"texture":"#0"}}}],"display":{"gui":{"rotation":[-150.0,-45.0,180.0]}}}