{"textures":{"0":"modelengine:entity/nocsy_chibi_fox","particle":"#0"},"elements":[{"from":[11.05,8.794306,3.5113516],"to":[11.05,9.794306,4.5113516],"faces":{"east":{"uv":[1.75,2.375,1.875,2.5],"tintindex":0,"rotation":0,"texture":"#0"},"west":{"uv":[3.75,2.375,3.875,2.5],"tintindex":0,"rotation":0,"texture":"#0"}},"rotation":{"origin":[10.0505,9.094306,3.9623508],"angle":22.5,"axis":"x"}},{"from":[5.0,5.2500005,3.75],"to":[11.0,11.25,9.75],"faces":{"east":{"uv":[1.375,2.625,2.125,3.375],"tintindex":0,"rotation":0,"texture":"#0"},"south":{"uv":[2.25,2.625,3.0,3.375],"tintindex":0,"rotation":0,"texture":"#0"},"north":{"uv":[2.5,0.0,3.25,0.75],"tintindex":0,"rotation":0,"texture":"#0"},"west":{"uv":[0.0,3.0,0.75,3.75],"tintindex":0,"rotation":0,"texture":"#0"},"up":{"uv":[3.75,1.625,3.0,0.875],"tintindex":0,"rotation":0,"texture":"#0"},"down":{"uv":[3.875,2.625,3.125,3.375],"tintindex":0,"rotation":0,"texture":"#0"}}},{"from":[9.125999,8.794306,3.512352],"to":[9.125999,9.794306,4.512351],"faces":{"east":{"uv":[7.0,5.125,7.125,5.25],"tintindex":0,"rotation":0,"texture":"#0"},"west":{"uv":[7.0,5.375,7.125,5.5],"tintindex":0,"rotation":0,"texture":"#0"}},"rotation":{"origin":[10.0505,9.094306,3.9623508],"angle":22.5,"axis":"x"}},{"from":[9.275,8.375,3.625],"to":[9.675,8.775001,3.625],"faces":{"south":{"uv":[5.125,7.0,5.25,7.125],"tintindex":0,"rotation":0,"texture":"#0"},"north":{"uv":[7.0,4.875,7.125,5.0],"tintindex":0,"rotation":0,"texture":"#0"}}},{"from":[4.975,7.2500005,3.6750002],"to":[4.975,9.05,4.175],"faces":{"east":{"uv":[2.5,7.0,2.625,7.25],"tintindex":0,"rotation":0,"texture":"#0"},"west":{"uv":[4.875,7.0,5.0,7.25],"tintindex":0,"rotation":0,"texture":"#0"}}},{"from":[9.2,5.2000003,1.1750002],"to":[9.2,6.2000003,2.1750002],"faces":{"east":{"uv":[1.875,7.125,2.0,7.25],"tintindex":0,"rotation":0,"texture":"#0"},"west":{"uv":[7.125,2.375,7.25,2.5],"tintindex":0,"rotation":0,"texture":"#0"}},"rotation":{"origin":[8.0,7.3245006,1.8625002],"angle":-45.0,"axis":"x"}},{"from":[6.874,8.794306,3.512352],"to":[6.874,9.794306,4.512351],"faces":{"east":{"uv":[7.0,5.625,7.125,5.75],"tintindex":0,"rotation":0,"texture":"#0"},"west":{"uv":[7.0,5.875,7.125,6.0],"tintindex":0,"rotation":0,"texture":"#0"}},"rotation":{"origin":[5.9495,9.094306,3.9623508],"angle":22.5,"axis":"x"}},{"from":[7.5,7.899,1.0749998],"to":[8.5,7.899,1.6750002],"faces":{"up":{"uv":[7.25,3.0,7.125,2.875],"tintindex":0,"rotation":0,"texture":"#0"},"down":{"uv":[3.125,7.125,3.0,7.25],"tintindex":0,"rotation":0,"texture":"#0"}}},{"from":[7.0,5.2500005,2.25],"to":[9.0,7.2500005,4.25],"faces":{"east":{"uv":[0.375,7.0,0.625,7.25],"tintindex":0,"rotation":0,"texture":"#0"},"south":{"uv":[0.75,7.0,1.0,7.25],"tintindex":0,"rotation":0,"texture":"#0"},"north":{"uv":[6.875,6.75,7.125,7.0],"tintindex":0,"rotation":0,"texture":"#0"},"west":{"uv":[7.0,1.375,7.25,1.625],"tintindex":0,"rotation":0,"texture":"#0"},"up":{"uv":[2.375,7.25,2.125,7.0],"tintindex":0,"rotation":0,"texture":"#0"},"down":{"uv":[4.75,7.0,4.5,7.25],"tintindex":0,"rotation":0,"texture":"#0"}}},{"from":[7.5,7.1000004,1.0749998],"to":[8.5,7.9000006,1.0749998],"faces":{"south":{"uv":[2.75,7.125,2.875,7.25],"tintindex":0,"rotation":0,"texture":"#0"},"north":{"uv":[7.125,2.625,7.25,2.75],"tintindex":0,"rotation":0,"texture":"#0"}}},{"from":[7.0,2.2500005,3.6999998],"to":[9.6,6.2500005,3.6999998],"faces":{"south":{"uv":[2.0,4.75,2.375,5.25],"tintindex":0,"rotation":0,"texture":"#0"},"north":{"uv":[1.5,4.75,1.875,5.25],"tintindex":0,"rotation":0,"texture":"#0"}},"rotation":{"origin":[8.0,8.25,6.75],"angle":45.0,"axis":"z"}},{"from":[6.4,5.6500006,1.15],"to":[9.6,7.8500004,4.35],"faces":{"east":{"uv":[6.5,4.875,6.875,5.125],"tintindex":0,"rotation":0,"texture":"#0"},"south":{"uv":[6.5,5.25,6.875,5.5],"tintindex":0,"rotation":0,"texture":"#0"},"north":{"uv":[1.5,1.0,1.875,1.25],"tintindex":0,"rotation":0,"texture":"#0"},"west":{"uv":[5.5,6.5,5.875,6.75],"tintindex":0,"rotation":0,"texture":"#0"},"up":{"uv":[6.25,1.75,5.875,1.375],"tintindex":0,"rotation":0,"texture":"#0"},"down":{"uv":[1.875,5.875,1.5,6.25],"tintindex":0,"rotation":0,"texture":"#0"}}},{"from":[4.95,8.794306,3.5113516],"to":[4.95,9.794306,4.5113516],"faces":{"east":{"uv":[7.0,6.125,7.125,6.25],"tintindex":0,"rotation":0,"texture":"#0"},"west":{"uv":[7.0,6.375,7.125,6.5],"tintindex":0,"rotation":0,"texture":"#0"}},"rotation":{"origin":[5.9495,9.094306,3.9623508],"angle":22.5,"axis":"x"}},{"from":[4.821653,4.3133516,3.75],"to":[4.821653,8.313352,9.75],"faces":{"east":{"uv":[0.875,3.5,1.625,4.0],"tintindex":0,"rotation":0,"texture":"#0"},"west":{"uv":[1.75,3.5,2.5,4.0],"tintindex":0,"rotation":0,"texture":"#0"}},"rotation":{"origin":[4.821653,6.8133516,6.75],"angle":-22.5,"axis":"z"}},{"from":[9.375,7.3750005,3.6500006],"to":[10.375,8.675,3.6500006],"faces":{"south":{"uv":[2.125,6.75,2.25,6.875],"tintindex":0,"rotation":0,"texture":"#0"},"north":{"uv":[0.625,3.875,0.75,4.0],"tintindex":0,"rotation":0,"texture":"#0"}}},{"from":[5.525,8.375,3.625],"to":[5.925,8.775001,3.625],"faces":{"south":{"uv":[7.125,1.125,7.25,1.25],"tintindex":0,"rotation":0,"texture":"#0"},"north":{"uv":[1.125,7.125,1.25,7.25],"tintindex":0,"rotation":0,"texture":"#0"}}},{"from":[6.8,5.2000003,1.1750002],"to":[6.8,6.2000003,2.1750002],"faces":{"east":{"uv":[1.375,7.125,1.5,7.25],"tintindex":0,"rotation":0,"texture":"#0"},"west":{"uv":[1.625,7.125,1.75,7.25],"tintindex":0,"rotation":0,"texture":"#0"}},"rotation":{"origin":[8.0,7.3245006,1.8625002],"angle":-45.0,"axis":"x"}},{"from":[11.178347,4.3133516,3.75],"to":[11.178347,8.313352,9.75],"faces":{"east":{"uv":[3.375,0.0,4.125,0.5],"tintindex":0,"rotation":0,"texture":"#0"},"west":{"uv":[3.375,1.75,4.125,2.25],"tintindex":0,"rotation":0,"texture":"#0"}},"rotation":{"origin":[11.178347,6.8133516,6.75],"angle":22.5,"axis":"z"}},{"from":[5.625,7.3750005,3.6500006],"to":[6.625,8.675,3.6500006],"faces":{"south":{"uv":[7.125,0.875,7.25,1.0],"tintindex":0,"rotation":0,"texture":"#0"},"north":{"uv":[7.125,0.625,7.25,0.75],"tintindex":0,"rotation":0,"texture":"#0"}}},{"from":[6.4,2.2500005,3.6999998],"to":[9.0,6.2500005,3.6999998],"faces":{"south":{"uv":[4.875,0.0,5.25,0.5],"tintindex":0,"rotation":0,"texture":"#0"},"north":{"uv":[2.5,4.75,2.875,5.25],"tintindex":0,"rotation":0,"texture":"#0"}},"rotation":{"origin":[8.0,8.25,6.75],"angle":-45.0,"axis":"z"}},{"from":[4.975,7.2500005,3.6750002],"to":[6.775,9.05,3.6750002],"faces":{"south":{"uv":[5.875,6.875,6.125,7.125],"tintindex":0,"rotation":0,"texture":"#0"},"north":{"uv":[5.5,6.875,5.75,7.125],"tintindex":0,"rotation":0,"texture":"#0"}}},{"from":[9.225,7.2500005,3.6750002],"to":[11.025,9.05,3.6750002],"faces":{"south":{"uv":[0.0,6.875,0.25,7.125],"tintindex":0,"rotation":0,"texture":"#0"},"north":{"uv":[6.5,6.75,6.75,7.0],"tintindex":0,"rotation":0,"texture":"#0"}}},{"from":[9.125,8.794306,3.512352],"to":[11.05,9.794306,3.512352],"faces":{"south":{"uv":[3.0,1.75,3.25,1.875],"tintindex":0,"rotation":0,"texture":"#0"},"north":{"uv":[1.375,2.375,1.625,2.5],"tintindex":0,"rotation":0,"texture":"#0"}},"rotation":{"origin":[10.0505,9.094306,3.9623508],"angle":22.5,"axis":"x"}},{"from":[11.025,7.2500005,3.6750002],"to":[11.025,9.05,4.175],"faces":{"east":{"uv":[5.375,2.375,5.5,2.625],"tintindex":0,"rotation":0,"texture":"#0"},"west":{"uv":[6.25,6.875,6.375,7.125],"tintindex":0,"rotation":0,"texture":"#0"}}},{"from":[4.95,8.794306,3.512352],"to":[6.875,9.794306,3.512352],"faces":{"south":{"uv":[3.375,2.375,3.625,2.5],"tintindex":0,"rotation":0,"texture":"#0"},"north":{"uv":[3.375,0.625,3.625,0.75],"tintindex":0,"rotation":0,"texture":"#0"}},"rotation":{"origin":[5.9495,9.094306,3.9623508],"angle":22.5,"axis":"x"}}],"display":{"gui":{"rotation":[-150.0,-45.0,180.0]}}}