{"textures":{"0":"modelengine:entity/nocsy_chibi_fox","particle":"#0"},"elements":[{"from":[6.6486444,6.240485,10.322589],"to":[6.6486444,10.240486,12.322589],"faces":{"east":{"uv":[0.375,6.375,0.625,6.875],"tintindex":0,"rotation":0,"texture":"#0"},"west":{"uv":[0.75,6.375,1.0,6.875],"tintindex":0,"rotation":0,"texture":"#0"}},"rotation":{"origin":[9.408387,7.3288727,12.564112],"angle":22.5,"axis":"y"}},{"from":[6.5486827,6.240485,9.915455],"to":[6.5486827,10.240486,11.915455],"faces":{"east":{"uv":[2.75,6.5,3.0,7.0],"tintindex":0,"rotation":0,"texture":"#0"},"west":{"uv":[3.125,6.5,3.375,7.0],"tintindex":0,"rotation":0,"texture":"#0"}},"rotation":{"origin":[7.848683,8.240485,8.3154545],"angle":-22.5,"axis":"y"}},{"from":[5.965578,5.1741295,5.2615404],"to":[9.965578,5.1741295,7.2615404],"faces":{"up":{"uv":[6.875,1.625,6.375,1.375],"tintindex":0,"rotation":0,"texture":"#0"},"down":{"uv":[2.25,6.375,1.75,6.625],"tintindex":0,"rotation":0,"texture":"#0"}},"rotation":{"origin":[7.965578,-4.5758705,10.061541],"angle":22.5,"axis":"x"}},{"from":[9.351356,6.240485,10.322589],"to":[9.351356,10.240486,12.322589],"faces":{"east":{"uv":[0.0,6.25,0.25,6.75],"tintindex":0,"rotation":0,"texture":"#0"},"west":{"uv":[6.375,0.0,6.625,0.5],"tintindex":0,"rotation":0,"texture":"#0"}},"rotation":{"origin":[6.591613,7.3288727,12.564112],"angle":-22.5,"axis":"y"}},{"from":[6.0,6.240485,7.549705],"to":[10.0,10.240486,11.549705],"faces":{"east":{"uv":[4.0,2.75,4.5,3.25],"tintindex":0,"rotation":0,"texture":"#0"},"south":{"uv":[0.625,4.125,1.125,4.625],"tintindex":0,"rotation":0,"texture":"#0"},"north":{"uv":[0.0,3.875,0.5,4.375],"tintindex":0,"rotation":0,"texture":"#0"},"west":{"uv":[1.25,4.125,1.75,4.625],"tintindex":0,"rotation":0,"texture":"#0"},"up":{"uv":[2.375,4.625,1.875,4.125],"tintindex":0,"rotation":0,"texture":"#0"},"down":{"uv":[3.0,4.125,2.5,4.625],"tintindex":0,"rotation":0,"texture":"#0"}}},{"from":[5.965578,10.391802,10.061541],"to":[9.965578,10.391802,12.061541],"faces":{"up":{"uv":[6.375,4.625,5.875,4.375],"tintindex":0,"rotation":0,"texture":"#0"},"down":{"uv":[1.625,6.375,1.125,6.625],"tintindex":0,"rotation":0,"texture":"#0"}},"rotation":{"origin":[7.965578,8.391803,10.061541],"angle":-22.5,"axis":"x"}},{"from":[9.451317,6.240485,9.915455],"to":[9.451317,10.240486,11.915455],"faces":{"east":{"uv":[6.375,1.75,6.625,2.25],"tintindex":0,"rotation":0,"texture":"#0"},"west":{"uv":[2.375,6.375,2.625,6.875],"tintindex":0,"rotation":0,"texture":"#0"}},"rotation":{"origin":[8.151318,8.240485,8.3154545],"angle":22.5,"axis":"y"}}],"display":{"gui":{"rotation":[-150.0,-45.0,180.0]}}}