{"textures":{"0":"modelengine:entity/nocsy_chibi_fox","particle":"#0"},"elements":[{"from":[6.2904906,6.4273334,9.295515],"to":[6.2904906,9.427334,12.295515],"faces":{"east":{"uv":[4.5,5.625,4.875,6.0],"tintindex":0,"rotation":0,"texture":"#0"},"west":{"uv":[5.0,5.625,5.375,6.0],"tintindex":0,"rotation":0,"texture":"#0"}},"rotation":{"origin":[7.490491,7.9273334,9.345514],"angle":-22.5,"axis":"y"}},{"from":[6.0037475,6.4405904,7.2455144],"to":[9.203748,9.640591,11.445515],"faces":{"east":{"uv":[4.25,0.0,4.75,0.375],"tintindex":0,"rotation":0,"texture":"#0"},"south":{"uv":[5.625,2.375,6.0,2.75],"tintindex":0,"rotation":0,"texture":"#0"},"north":{"uv":[5.5,5.5,5.875,5.875],"tintindex":0,"rotation":0,"texture":"#0"},"west":{"uv":[4.25,1.75,4.75,2.125],"tintindex":0,"rotation":0,"texture":"#0"},"up":{"uv":[0.875,5.25,0.5,4.75],"tintindex":0,"rotation":0,"texture":"#0"},"down":{"uv":[1.375,4.75,1.0,5.25],"tintindex":0,"rotation":0,"texture":"#0"}}},{"from":[6.1037474,5.8054667,4.5205145],"to":[9.103747,5.8054667,7.5205145],"faces":{"up":{"uv":[0.875,6.25,0.5,5.875],"tintindex":0,"rotation":0,"texture":"#0"},"down":{"uv":[1.375,5.875,1.0,6.25],"tintindex":0,"rotation":0,"texture":"#0"}},"rotation":{"origin":[7.6037474,-4.4945335,9.345514],"angle":22.5,"axis":"x"}},{"from":[8.917005,6.4273334,9.295515],"to":[8.917005,9.427334,12.295515],"faces":{"east":{"uv":[5.625,2.875,6.0,3.25],"tintindex":0,"rotation":0,"texture":"#0"},"west":{"uv":[5.625,3.375,6.0,3.75],"tintindex":0,"rotation":0,"texture":"#0"}},"rotation":{"origin":[7.7170043,7.9273334,9.345514],"angle":22.5,"axis":"y"}},{"from":[6.1037474,9.3405905,9.320515],"to":[9.103747,9.3405905,12.320515],"faces":{"up":{"uv":[0.375,6.125,0.0,5.75],"tintindex":0,"rotation":0,"texture":"#0"},"down":{"uv":[0.375,5.75,0.0,6.125],"tintindex":0,"rotation":0,"texture":"#0"}},"rotation":{"origin":[7.6037474,8.04059,9.345514],"angle":-22.5,"axis":"x"}}],"display":{"gui":{"rotation":[-150.0,-45.0,180.0]}}}