{"textures":{"0":"modelengine:entity/nocsy_chibi_fox","particle":"#0"},"elements":[{"from":[6.5,4.770462,3.7640352],"to":[9.5,4.770462,6.764035],"faces":{"up":{"uv":[2.375,5.75,2.0,5.375],"tintindex":0,"rotation":0,"texture":"#0"},"down":{"uv":[2.875,5.375,2.5,5.75],"tintindex":0,"rotation":0,"texture":"#0"}},"rotation":{"origin":[8.0,-4.854538,9.314035],"angle":22.5,"axis":"x"}},{"from":[9.6,5.736018,7.8140354],"to":[9.6,8.736018,10.814035],"faces":{"east":{"uv":[3.0,5.5,3.375,5.875],"tintindex":0,"rotation":0,"texture":"#0"},"west":{"uv":[3.5,5.5,3.875,5.875],"tintindex":0,"rotation":0,"texture":"#0"}},"rotation":{"origin":[8.0,7.236018,9.314035],"angle":22.5,"axis":"y"}},{"from":[6.4,5.736018,7.8140354],"to":[6.4,8.736018,10.814035],"faces":{"east":{"uv":[4.0,5.5,4.375,5.875],"tintindex":0,"rotation":0,"texture":"#0"},"west":{"uv":[5.5,5.0,5.875,5.375],"tintindex":0,"rotation":0,"texture":"#0"}},"rotation":{"origin":[8.0,7.236018,9.314035],"angle":-22.5,"axis":"y"}},{"from":[6.5,5.736018,7.8140354],"to":[9.5,8.736018,10.814035],"faces":{"east":{"uv":[0.0,5.25,0.375,5.625],"tintindex":0,"rotation":0,"texture":"#0"},"south":{"uv":[5.375,0.0,5.75,0.375],"tintindex":0,"rotation":0,"texture":"#0"},"north":{"uv":[0.875,3.0,1.25,3.375],"tintindex":0,"rotation":0,"texture":"#0"},"west":{"uv":[0.5,5.375,0.875,5.75],"tintindex":0,"rotation":0,"texture":"#0"},"up":{"uv":[1.375,5.75,1.0,5.375],"tintindex":0,"rotation":0,"texture":"#0"},"down":{"uv":[5.75,1.375,5.375,1.75],"tintindex":0,"rotation":0,"texture":"#0"}}},{"from":[6.5,8.836019,7.8140354],"to":[9.5,8.836019,10.814035],"faces":{"up":{"uv":[1.875,5.75,1.5,5.375],"tintindex":0,"rotation":0,"texture":"#0"},"down":{"uv":[5.75,1.875,5.375,2.25],"tintindex":0,"rotation":0,"texture":"#0"}},"rotation":{"origin":[8.0,7.236018,9.314035],"angle":-22.5,"axis":"x"}}],"display":{"gui":{"rotation":[-150.0,-45.0,180.0]}}}