{"textures":{"0":"modelengine:entity/toffy_claws","particle":"#0"},"elements":[{"from":[2.0,12.5,7.0],"to":[2.0,16.5,17.0],"faces":{"east":{"uv":[5.25,2.5,2.75,3.5],"tintindex":0,"rotation":0,"texture":"#0"},"west":{"uv":[5.25,1.25,2.75,2.25],"tintindex":0,"rotation":0,"texture":"#0"}}},{"from":[-2.0,12.5,7.0],"to":[-2.0,16.5,17.0],"faces":{"east":{"uv":[2.75,1.25,5.25,2.25],"tintindex":0,"rotation":0,"texture":"#0"},"west":{"uv":[2.75,2.5,5.25,3.5],"tintindex":0,"rotation":0,"texture":"#0"}}},{"from":[0.0,12.5,7.0],"to":[0.0,16.5,17.0],"faces":{"east":{"uv":[2.75,1.25,5.25,2.25],"tintindex":0,"rotation":0,"texture":"#0"},"west":{"uv":[2.75,2.5,5.25,3.5],"tintindex":0,"rotation":0,"texture":"#0"}}}],"display":{"gui":{"rotation":[-150.0,-45.0,180.0]}}}