{"textures":{"0":"modelengine:entity/volcano_lizard_chibi","1":"modelengine:entity/fire_head_small_anim2","particle":"#0"},"elements":[{"from":[7.0,10.0,7.0],"to":[9.0,12.0,11.0],"faces":{"east":{"uv":[7.625,3.875,8.125,4.125],"tintindex":0,"rotation":0,"texture":"#0"},"south":{"uv":[1.5,7.875,1.75,8.125],"tintindex":0,"rotation":0,"texture":"#0"},"north":{"uv":[1.125,7.875,1.375,8.125],"tintindex":0,"rotation":0,"texture":"#0"},"west":{"uv":[0.0,7.75,0.5,8.0],"tintindex":0,"rotation":0,"texture":"#0"},"up":{"uv":[4.375,8.125,4.125,7.625],"tintindex":0,"rotation":0,"texture":"#0"},"down":{"uv":[2.75,7.75,2.5,8.25],"tintindex":0,"rotation":0,"texture":"#0"}}},{"from":[9.999275E-4,14.06147,-2.6089592],"to":[16.001,30.06147,-2.6089592],"faces":{"south":{"uv":[6.0,9.75,10.0,13.75],"tintindex":0,"rotation":0,"texture":"#1"},"north":{"uv":[6.0,9.75,10.0,13.75],"tintindex":0,"rotation":0,"texture":"#1"}},"rotation":{"origin":[8.001,21.06147,5.39104],"angle":-22.5,"axis":"x"}},{"from":[4.0,8.0,-2.0],"to":[12.0,14.0,8.0],"faces":{"east":{"uv":[3.375,4.375,4.625,5.125],"tintindex":0,"rotation":0,"texture":"#0"},"south":{"uv":[0.625,5.5,1.625,6.25],"tintindex":0,"rotation":0,"texture":"#0"},"north":{"uv":[5.25,0.0,6.25,0.75],"tintindex":0,"rotation":0,"texture":"#0"},"west":{"uv":[4.75,2.5,6.0,3.25],"tintindex":0,"rotation":0,"texture":"#0"},"up":{"uv":[2.375,4.25,1.375,3.0],"tintindex":0,"rotation":0,"texture":"#0"},"down":{"uv":[3.5,3.0,2.5,4.25],"tintindex":0,"rotation":0,"texture":"#0"}}},{"from":[8.0,6.5,3.0],"to":[8.0,6.5,3.0],"faces":{"east":{"uv":[6.5,6.0,7.75,5.625],"tintindex":0,"rotation":0,"texture":"#0"},"south":{"uv":[1.5,7.0,2.5,6.625],"tintindex":0,"rotation":0,"texture":"#0"},"north":{"uv":[6.875,1.0,7.875,0.625],"tintindex":0,"rotation":0,"texture":"#0"},"west":{"uv":[6.125,3.25,7.375,2.875],"tintindex":0,"rotation":0,"texture":"#0"},"up":{"uv":[3.75,1.125,4.75,2.375],"tintindex":0,"rotation":0,"texture":"#0"},"down":{"uv":[3.625,4.25,4.625,3.0],"tintindex":0,"rotation":0,"texture":"#0"}}},{"from":[4.0,5.0,-2.0],"to":[12.0,8.0,8.0],"faces":{"east":{"uv":[6.125,2.875,7.375,3.25],"tintindex":0,"rotation":0,"texture":"#0"},"south":{"uv":[6.875,0.625,7.875,1.0],"tintindex":0,"rotation":0,"texture":"#0"},"north":{"uv":[1.5,6.625,2.5,7.0],"tintindex":0,"rotation":0,"texture":"#0"},"west":{"uv":[6.5,5.625,7.75,6.0],"tintindex":0,"rotation":0,"texture":"#0"},"up":{"uv":[4.625,4.25,3.625,3.0],"tintindex":0,"rotation":0,"texture":"#0"},"down":{"uv":[4.75,1.125,3.75,2.375],"tintindex":0,"rotation":0,"texture":"#0"}}},{"from":[3.5,5.0,5.0],"to":[12.5,9.0,9.0],"faces":{"east":{"uv":[3.25,7.0,3.75,7.5],"tintindex":0,"rotation":0,"texture":"#0"},"south":{"uv":[5.625,6.25,6.75,6.75],"tintindex":0,"rotation":0,"texture":"#0"},"north":{"uv":[6.125,2.25,7.25,2.75],"tintindex":0,"rotation":0,"texture":"#0"},"west":{"uv":[3.875,7.0,4.375,7.5],"tintindex":0,"rotation":0,"texture":"#0"},"up":{"uv":[7.5,0.5,6.375,0.0],"tintindex":0,"rotation":0,"texture":"#0"},"down":{"uv":[5.125,6.375,4.0,6.875],"tintindex":0,"rotation":0,"texture":"#0"}}},{"from":[8.0,11.0,-10.0],"to":[8.0,27.0,6.0],"faces":{"east":{"uv":[6.0,9.75,10.0,13.75],"tintindex":0,"rotation":0,"texture":"#1"},"west":{"uv":[6.0,9.75,10.0,13.75],"tintindex":0,"rotation":0,"texture":"#1"}},"rotation":{"origin":[8.0,18.0,-2.0],"angle":-22.5,"axis":"x"}}],"display":{"head":{"rotation":[0.0,0.0,0.0]},"firstperson_righthand":{"rotation":[0.0,0.0,0.0]},"thirdperson_lefthand":{"rotation":[0.0,-0.0,-0.0]},"firstperson_lefthand":{"rotation":[0.0,-0.0,-0.0]},"fixed":{"rotation":[0.0,0.0,0.0]},"ground":{"rotation":[0.0,0.0,0.0]},"thirdperson_righthand":{"rotation":[0.0,0.0,0.0]},"gui":{"rotation":[-150.0,-45.0,180.0]}}}