{"textures":{"0":"modelengine:entity/volcano_lizard_chibi","particle":"#0"},"elements":[{"from":[6.0,7.0,5.0],"to":[10.0,10.0,18.0],"faces":{"east":{"uv":[5.75,1.75,7.375,2.125],"tintindex":0,"rotation":0,"texture":"#0"},"south":{"uv":[2.5,7.25,3.0,7.625],"tintindex":0,"rotation":0,"texture":"#0"},"north":{"uv":[3.75,2.5,4.25,2.875],"tintindex":0,"rotation":0,"texture":"#0"},"west":{"uv":[6.0,4.25,7.625,4.625],"tintindex":0,"rotation":0,"texture":"#0"},"up":{"uv":[0.5,6.875,0.0,5.25],"tintindex":0,"rotation":0,"texture":"#0"},"down":{"uv":[3.875,5.25,3.375,6.875],"tintindex":0,"rotation":0,"texture":"#0"}}}],"display":{"head":{"rotation":[0.0,0.0,0.0]},"firstperson_righthand":{"rotation":[0.0,0.0,0.0]},"thirdperson_lefthand":{"rotation":[0.0,-0.0,-0.0]},"firstperson_lefthand":{"rotation":[0.0,-0.0,-0.0]},"fixed":{"rotation":[0.0,0.0,0.0]},"ground":{"rotation":[0.0,0.0,0.0]},"thirdperson_righthand":{"rotation":[0.0,0.0,0.0]},"gui":{"rotation":[-150.0,-45.0,180.0]}}}