{"textures":{"0":"modelengine:entity/volcano_lizard_chibi","particle":"#0"},"elements":[{"from":[7.0,7.0,7.0],"to":[9.0,9.0,11.0],"faces":{"east":{"uv":[7.625,0.0,8.125,0.25],"tintindex":0,"rotation":0,"texture":"#0"},"south":{"uv":[7.75,7.625,8.0,7.875],"tintindex":0,"rotation":0,"texture":"#0"},"north":{"uv":[7.75,7.25,8.0,7.5],"tintindex":0,"rotation":0,"texture":"#0"},"west":{"uv":[3.125,7.625,3.625,7.875],"tintindex":0,"rotation":0,"texture":"#0"},"up":{"uv":[7.875,3.75,7.625,3.25],"tintindex":0,"rotation":0,"texture":"#0"},"down":{"uv":[4.0,7.625,3.75,8.125],"tintindex":0,"rotation":0,"texture":"#0"}}}],"display":{"head":{"rotation":[0.0,0.0,0.0]},"firstperson_righthand":{"rotation":[0.0,0.0,0.0]},"thirdperson_lefthand":{"rotation":[0.0,-0.0,-0.0]},"firstperson_lefthand":{"rotation":[0.0,-0.0,-0.0]},"fixed":{"rotation":[0.0,0.0,0.0]},"ground":{"rotation":[0.0,0.0,0.0]},"thirdperson_righthand":{"rotation":[0.0,0.0,0.0]},"gui":{"rotation":[-150.0,-45.0,180.0]}}}