{"textures":{"0":"modelengine:entity/volcano_lizard_chibi","particle":"#0"},"elements":[{"from":[6.5,6.5,6.0],"to":[9.5,9.5,13.0],"faces":{"east":{"uv":[3.625,1.125,2.75,1.5],"tintindex":0,"rotation":0,"texture":"#0"},"south":{"uv":[7.25,7.375,7.625,7.75],"tintindex":0,"rotation":0,"texture":"#0"},"north":{"uv":[6.75,7.375,7.125,7.75],"tintindex":0,"rotation":0,"texture":"#0"},"west":{"uv":[2.75,1.125,3.625,1.5],"tintindex":0,"rotation":0,"texture":"#0"},"up":{"uv":[4.375,6.125,4.0,5.25],"tintindex":0,"rotation":0,"texture":"#0"},"down":{"uv":[3.0,5.5,2.625,6.375],"tintindex":0,"rotation":0,"texture":"#0"}}}],"display":{"head":{"rotation":[0.0,0.0,0.0]},"firstperson_righthand":{"rotation":[0.0,0.0,0.0]},"thirdperson_lefthand":{"rotation":[0.0,-0.0,-0.0]},"firstperson_lefthand":{"rotation":[0.0,-0.0,-0.0]},"fixed":{"rotation":[0.0,0.0,0.0]},"ground":{"rotation":[0.0,0.0,0.0]},"thirdperson_righthand":{"rotation":[0.0,0.0,0.0]},"gui":{"rotation":[-150.0,-45.0,180.0]}}}