{"textures":{"0":"modelengine:entity/volcano_lizard_chibi","particle":"#0"},"elements":[{"from":[7.0,7.0,7.0],"to":[9.0,9.0,11.0],"faces":{"east":{"uv":[7.5,1.625,8.0,1.875],"tintindex":0,"rotation":0,"texture":"#0"},"south":{"uv":[5.25,6.375,5.5,6.625],"tintindex":0,"rotation":0,"texture":"#0"},"north":{"uv":[4.375,2.5,4.625,2.75],"tintindex":0,"rotation":0,"texture":"#0"},"west":{"uv":[7.5,2.875,8.0,3.125],"tintindex":0,"rotation":0,"texture":"#0"},"up":{"uv":[1.375,7.75,1.125,7.25],"tintindex":0,"rotation":0,"texture":"#0"},"down":{"uv":[7.75,6.625,7.5,7.125],"tintindex":0,"rotation":0,"texture":"#0"}}}],"display":{"head":{"rotation":[0.0,0.0,0.0]},"firstperson_righthand":{"rotation":[0.0,0.0,0.0]},"thirdperson_lefthand":{"rotation":[0.0,-0.0,-0.0]},"firstperson_lefthand":{"rotation":[0.0,-0.0,-0.0]},"fixed":{"rotation":[0.0,0.0,0.0]},"ground":{"rotation":[0.0,0.0,0.0]},"thirdperson_righthand":{"rotation":[0.0,0.0,0.0]},"gui":{"rotation":[-150.0,-45.0,180.0]}}}