{"textures":{"0":"modelengine:entity/volcano_lizard_chibi","particle":"#0"},"elements":[{"from":[6.45265,6.7518606,5.97174],"to":[9.45265,8.751861,10.97174],"faces":{"east":{"uv":[6.625,7.375,6.0,7.625],"tintindex":0,"rotation":0,"texture":"#0"},"south":{"uv":[7.75,4.25,8.125,4.5],"tintindex":0,"rotation":0,"texture":"#0"},"north":{"uv":[6.0,4.75,6.375,5.0],"tintindex":0,"rotation":0,"texture":"#0"},"west":{"uv":[6.0,7.375,6.625,7.625],"tintindex":0,"rotation":0,"texture":"#0"},"up":{"uv":[4.875,7.625,4.5,7.0],"tintindex":0,"rotation":0,"texture":"#0"},"down":{"uv":[4.5,7.0,4.875,7.625],"tintindex":0,"rotation":0,"texture":"#0"}}}],"display":{"head":{"rotation":[0.0,0.0,0.0]},"firstperson_righthand":{"rotation":[0.0,0.0,0.0]},"thirdperson_lefthand":{"rotation":[0.0,-0.0,-0.0]},"firstperson_lefthand":{"rotation":[0.0,-0.0,-0.0]},"fixed":{"rotation":[0.0,0.0,0.0]},"ground":{"rotation":[0.0,0.0,0.0]},"thirdperson_righthand":{"rotation":[0.0,0.0,0.0]},"gui":{"rotation":[-150.0,-45.0,180.0]}}}