{"textures":{"0":"modelengine:entity/volcano_lizard_chibi","particle":"#0"},"elements":[{"from":[4.0125,6.5,1.5250006],"to":[11.9875,9.5,9.5],"faces":{"east":{"uv":[5.25,6.875,6.25,7.25],"tintindex":0,"rotation":0,"texture":"#0"},"south":{"uv":[6.875,6.125,7.875,6.5],"tintindex":0,"rotation":0,"texture":"#0"},"north":{"uv":[6.875,1.125,7.875,1.5],"tintindex":0,"rotation":0,"texture":"#0"},"west":{"uv":[6.375,6.875,7.375,7.25],"tintindex":0,"rotation":0,"texture":"#0"},"up":{"uv":[1.0,5.125,0.0,4.125],"tintindex":0,"rotation":0,"texture":"#0"},"down":{"uv":[5.125,0.0,4.125,1.0],"tintindex":0,"rotation":0,"texture":"#0"}}}],"display":{"head":{"rotation":[0.0,0.0,0.0]},"firstperson_righthand":{"rotation":[0.0,0.0,0.0]},"thirdperson_lefthand":{"rotation":[0.0,-0.0,-0.0]},"firstperson_lefthand":{"rotation":[0.0,-0.0,-0.0]},"fixed":{"rotation":[0.0,0.0,0.0]},"ground":{"rotation":[0.0,0.0,0.0]},"thirdperson_righthand":{"rotation":[0.0,0.0,0.0]},"gui":{"rotation":[-150.0,-45.0,180.0]}}}