{"textures":{"0":"modelengine:entity/volcano_lizard_chibi","particle":"#0"},"elements":[{"from":[6.5,5.0,6.0],"to":[9.5,10.0,10.0],"faces":{"east":{"uv":[2.625,6.5,3.125,7.125],"tintindex":0,"rotation":0,"texture":"#0"},"south":{"uv":[2.0,7.125,2.375,7.75],"tintindex":0,"rotation":0,"texture":"#0"},"north":{"uv":[1.5,7.125,1.875,7.75],"tintindex":0,"rotation":0,"texture":"#0"},"west":{"uv":[2.625,6.5,3.125,7.125],"tintindex":0,"rotation":0,"texture":"#0"},"up":{"uv":[7.75,2.75,7.375,2.25],"tintindex":0,"rotation":0,"texture":"#0"},"down":{"uv":[7.75,4.75,7.375,5.25],"tintindex":0,"rotation":0,"texture":"#0"}}}],"display":{"head":{"rotation":[0.0,0.0,0.0]},"firstperson_righthand":{"rotation":[0.0,0.0,0.0]},"thirdperson_lefthand":{"rotation":[0.0,-0.0,-0.0]},"firstperson_lefthand":{"rotation":[0.0,-0.0,-0.0]},"fixed":{"rotation":[0.0,0.0,0.0]},"ground":{"rotation":[0.0,0.0,0.0]},"thirdperson_righthand":{"rotation":[0.0,0.0,0.0]},"gui":{"rotation":[-150.0,-45.0,180.0]}}}