{"textures":{"0":"modelengine:entity/volcano_lizard_chibi","particle":"#0"},"elements":[{"from":[5.0,5.0,6.0],"to":[11.0,11.0,15.0],"faces":{"east":{"uv":[4.75,3.375,5.875,4.125],"tintindex":0,"rotation":0,"texture":"#0"},"south":{"uv":[6.5,4.75,7.25,5.5],"tintindex":0,"rotation":0,"texture":"#0"},"north":{"uv":[0.625,6.375,1.375,7.125],"tintindex":0,"rotation":0,"texture":"#0"},"west":{"uv":[4.75,4.25,5.875,5.0],"tintindex":0,"rotation":0,"texture":"#0"},"up":{"uv":[5.5,6.25,4.75,5.125],"tintindex":0,"rotation":0,"texture":"#0"},"down":{"uv":[5.5,5.125,4.75,6.25],"tintindex":0,"rotation":0,"texture":"#0"}}}],"display":{"head":{"rotation":[0.0,0.0,0.0]},"firstperson_righthand":{"rotation":[0.0,0.0,0.0]},"thirdperson_lefthand":{"rotation":[0.0,-0.0,-0.0]},"firstperson_lefthand":{"rotation":[0.0,-0.0,-0.0]},"fixed":{"rotation":[0.0,0.0,0.0]},"ground":{"rotation":[0.0,0.0,0.0]},"thirdperson_righthand":{"rotation":[0.0,0.0,0.0]},"gui":{"rotation":[-150.0,-45.0,180.0]}}}