{"textures":{"0":"modelengine:entity/volcano_lizard_chibi","particle":"#0"},"elements":[{"from":[4.0,4.0,8.0],"to":[12.0,12.0,14.0],"faces":{"east":{"uv":[1.75,5.5,2.5,6.5],"tintindex":0,"rotation":0,"texture":"#0"},"south":{"uv":[2.25,4.375,3.25,5.375],"tintindex":0,"rotation":0,"texture":"#0"},"north":{"uv":[1.125,4.375,2.125,5.375],"tintindex":0,"rotation":0,"texture":"#0"},"west":{"uv":[5.625,5.125,6.375,6.125],"tintindex":0,"rotation":0,"texture":"#0"},"up":{"uv":[7.0,4.125,6.0,3.375],"tintindex":0,"rotation":0,"texture":"#0"},"down":{"uv":[7.0,3.375,6.0,4.125],"tintindex":0,"rotation":0,"texture":"#0"}}}],"display":{"head":{"rotation":[0.0,0.0,0.0]},"firstperson_righthand":{"rotation":[0.0,0.0,0.0]},"thirdperson_lefthand":{"rotation":[0.0,-0.0,-0.0]},"firstperson_lefthand":{"rotation":[0.0,-0.0,-0.0]},"fixed":{"rotation":[0.0,0.0,0.0]},"ground":{"rotation":[0.0,0.0,0.0]},"thirdperson_righthand":{"rotation":[0.0,0.0,0.0]},"gui":{"rotation":[-150.0,-45.0,180.0]}}}