{"textures":{"0":"modelengine:entity/volcano_lizard_chibi","particle":"#0"},"elements":[{"from":[6.5,3.0,5.0],"to":[9.5,5.0,6.0],"faces":{"east":{"uv":[4.5,5.25,4.625,5.5],"tintindex":0,"rotation":0,"texture":"#0"},"south":{"uv":[6.0,7.75,6.375,8.0],"tintindex":0,"rotation":0,"texture":"#0"},"north":{"uv":[4.5,7.75,4.875,8.0],"tintindex":0,"rotation":0,"texture":"#0"},"west":{"uv":[3.125,5.5,3.25,5.75],"tintindex":0,"rotation":0,"texture":"#0"},"up":{"uv":[3.125,1.75,2.75,1.625],"tintindex":0,"rotation":0,"texture":"#0"},"down":{"uv":[3.625,1.625,3.25,1.75],"tintindex":0,"rotation":0,"texture":"#0"}}},{"from":[6.5,3.0,6.0],"to":[9.5,8.0,10.0],"faces":{"east":{"uv":[0.0,7.0,0.5,7.625],"tintindex":0,"rotation":0,"texture":"#0"},"south":{"uv":[0.625,7.25,1.0,7.875],"tintindex":0,"rotation":0,"texture":"#0"},"north":{"uv":[7.125,3.375,7.5,4.0],"tintindex":0,"rotation":0,"texture":"#0"},"west":{"uv":[0.0,7.0,0.5,7.625],"tintindex":0,"rotation":0,"texture":"#0"},"up":{"uv":[5.375,7.875,5.0,7.375],"tintindex":0,"rotation":0,"texture":"#0"},"down":{"uv":[5.875,7.375,5.5,7.875],"tintindex":0,"rotation":0,"texture":"#0"}}}],"display":{"head":{"rotation":[0.0,0.0,0.0]},"firstperson_righthand":{"rotation":[0.0,0.0,0.0]},"thirdperson_lefthand":{"rotation":[0.0,-0.0,-0.0]},"firstperson_lefthand":{"rotation":[0.0,-0.0,-0.0]},"fixed":{"rotation":[0.0,0.0,0.0]},"ground":{"rotation":[0.0,0.0,0.0]},"thirdperson_righthand":{"rotation":[0.0,0.0,0.0]},"gui":{"rotation":[-150.0,-45.0,180.0]}}}