{"textures":{"0":"modelengine:entity/volcano_lizard_chibi","particle":"#0"},"elements":[{"from":[3.0,4.0,1.0],"to":[13.0,12.0,15.0],"faces":{"east":{"uv":[0.0,1.875,1.75,2.875],"tintindex":0,"rotation":0,"texture":"#0"},"south":{"uv":[0.0,3.0,1.25,4.0],"tintindex":0,"rotation":0,"texture":"#0"},"north":{"uv":[2.75,0.0,4.0,1.0],"tintindex":0,"rotation":0,"texture":"#0"},"west":{"uv":[1.875,1.875,3.625,2.875],"tintindex":0,"rotation":0,"texture":"#0"},"up":{"uv":[1.25,1.75,0.0,0.0],"tintindex":0,"rotation":0,"texture":"#0"},"down":{"uv":[2.625,0.0,1.375,1.75],"tintindex":0,"rotation":0,"texture":"#0"}}}],"display":{"head":{"rotation":[0.0,0.0,0.0]},"firstperson_righthand":{"rotation":[0.0,0.0,0.0]},"thirdperson_lefthand":{"rotation":[0.0,-0.0,-0.0]},"firstperson_lefthand":{"rotation":[0.0,-0.0,-0.0]},"fixed":{"rotation":[0.0,0.0,0.0]},"ground":{"rotation":[0.0,0.0,0.0]},"thirdperson_righthand":{"rotation":[0.0,0.0,0.0]},"gui":{"rotation":[-150.0,-45.0,180.0]}}}