{"textures":{"0":"modelengine:entity/toffy_capybara","particle":"#0"},"elements":[{"from":[6.5,3.0,6.5],"to":[9.5,8.0,9.5],"faces":{"east":{"uv":[8.75,5.5,9.5,6.75],"tintindex":0,"rotation":0,"texture":"#0"},"south":{"uv":[8.75,7.0,9.5,8.25],"tintindex":0,"rotation":0,"texture":"#0"},"north":{"uv":[8.25,8.5,9.0,9.75],"tintindex":0,"rotation":0,"texture":"#0"},"west":{"uv":[0.0,9.0,0.75,10.25],"tintindex":0,"rotation":0,"texture":"#0"},"up":{"uv":[10.0,10.75,9.25,10.0],"tintindex":0,"rotation":0,"texture":"#0"},"down":{"uv":[11.0,8.0,10.25,8.75],"tintindex":0,"rotation":0,"texture":"#0"}}}],"display":{"gui":{"rotation":[-150.0,-45.0,180.0]}}}