{"textures":{"0":"modelengine:entity/hoppy_chibi","particle":"#0"},"elements":[{"from":[5.5,6.0,2.0],"to":[10.5,11.0,10.0],"faces":{"east":{"uv":[3.25,0.0,5.25,1.25],"tintindex":0,"rotation":0,"texture":"#0"},"south":{"uv":[6.5,5.25,7.75,6.5],"tintindex":0,"rotation":0,"texture":"#0"},"north":{"uv":[5.0,6.5,6.25,7.75],"tintindex":0,"rotation":0,"texture":"#0"},"west":{"uv":[3.25,1.5,5.25,2.75],"tintindex":0,"rotation":0,"texture":"#0"},"up":{"uv":[4.5,5.0,3.25,3.0],"tintindex":0,"rotation":0,"texture":"#0"},"down":{"uv":[1.25,4.5,0.0,6.5],"tintindex":0,"rotation":0,"texture":"#0"}}},{"from":[6.0,11.0,5.0],"to":[10.0,17.0,11.0],"faces":{"east":{"uv":[8.0,3.5,6.5,5.0],"tintindex":0,"rotation":0,"texture":"#0"},"south":{"uv":[8.25,2.75,9.25,4.25],"tintindex":0,"rotation":0,"texture":"#0"},"north":{"uv":[8.25,1.0,9.25,2.5],"tintindex":0,"rotation":0,"texture":"#0"},"west":{"uv":[6.5,3.5,8.0,5.0],"tintindex":0,"rotation":0,"texture":"#0"},"up":{"uv":[4.25,9.75,3.25,8.25],"tintindex":0,"rotation":0,"texture":"#0"},"down":{"uv":[9.25,4.5,8.25,6.0],"tintindex":0,"rotation":0,"texture":"#0"}}}],"display":{"head":{"rotation":[0.0,0.0,0.0]},"firstperson_righthand":{"rotation":[0.0,0.0,0.0]},"thirdperson_lefthand":{"rotation":[0.0,-0.0,-0.0]},"firstperson_lefthand":{"rotation":[0.0,-0.0,-0.0]},"fixed":{"rotation":[0.0,0.0,0.0]},"ground":{"rotation":[0.0,0.0,0.0]},"thirdperson_righthand":{"rotation":[0.0,0.0,0.0]},"gui":{"rotation":[-150.0,-45.0,180.0]}}}