{"textures":{"0":"modelengine:entity/hoppy_chibi","particle":"#0"},"elements":[{"from":[8.0,11.0,8.0],"to":[12.0,17.0,8.0],"faces":{"south":{"uv":[2.0,8.0,1.0,9.5],"tintindex":0,"rotation":0,"texture":"#0"},"north":{"uv":[8.5,7.75,7.5,9.25],"tintindex":0,"rotation":0,"texture":"#0"}},"rotation":{"origin":[10.0,11.0,8.0],"angle":22.5,"axis":"x"}},{"from":[8.0,8.0,8.0],"to":[12.0,11.0,8.0],"faces":{"south":{"uv":[10.5,0.0,9.5,0.75],"tintindex":0,"rotation":0,"texture":"#0"},"north":{"uv":[4.25,5.25,3.25,6.0],"tintindex":0,"rotation":0,"texture":"#0"}}}],"display":{"head":{"rotation":[0.0,0.0,0.0]},"firstperson_righthand":{"rotation":[0.0,0.0,0.0]},"thirdperson_lefthand":{"rotation":[0.0,-0.0,-0.0]},"firstperson_lefthand":{"rotation":[0.0,-0.0,-0.0]},"fixed":{"rotation":[0.0,0.0,0.0]},"ground":{"rotation":[0.0,0.0,0.0]},"thirdperson_righthand":{"rotation":[0.0,0.0,0.0]},"gui":{"rotation":[-150.0,-45.0,180.0]}}}