{"textures":{"0":"modelengine:entity/hoppy_chibi","particle":"#0"},"elements":[{"from":[4.0,8.0,8.0],"to":[8.0,11.0,8.0],"faces":{"south":{"uv":[9.5,0.0,10.5,0.75],"tintindex":0,"rotation":0,"texture":"#0"},"north":{"uv":[3.25,5.25,4.25,6.0],"tintindex":0,"rotation":0,"texture":"#0"}}},{"from":[4.0,11.0,8.0],"to":[8.0,17.0,8.0],"faces":{"south":{"uv":[1.0,8.0,2.0,9.5],"tintindex":0,"rotation":0,"texture":"#0"},"north":{"uv":[7.5,7.75,8.5,9.25],"tintindex":0,"rotation":0,"texture":"#0"}},"rotation":{"origin":[6.0,11.0,8.0],"angle":22.5,"axis":"x"}}],"display":{"head":{"rotation":[0.0,0.0,0.0]},"firstperson_righthand":{"rotation":[0.0,0.0,0.0]},"thirdperson_lefthand":{"rotation":[0.0,-0.0,-0.0]},"firstperson_lefthand":{"rotation":[0.0,-0.0,-0.0]},"fixed":{"rotation":[0.0,0.0,0.0]},"ground":{"rotation":[0.0,0.0,0.0]},"thirdperson_righthand":{"rotation":[0.0,0.0,0.0]},"gui":{"rotation":[-150.0,-45.0,180.0]}}}