{"textures":{"0":"modelengine:entity/hoppy_chibi","particle":"#0"},"elements":[{"from":[6.5,7.0,1.5],"to":[9.5,8.0,9.5],"faces":{"east":{"uv":[12.0,6.75,10.0,7.0],"tintindex":0,"rotation":0,"texture":"#0"},"south":{"uv":[11.25,2.75,10.5,3.0],"tintindex":0,"rotation":0,"texture":"#0"},"north":{"uv":[10.75,8.75,10.0,9.0],"tintindex":0,"rotation":0,"texture":"#0"},"west":{"uv":[12.0,6.25,10.0,6.5],"tintindex":0,"rotation":0,"texture":"#0"},"up":{"uv":[2.25,10.0,3.0,8.0],"tintindex":0,"rotation":0,"texture":"#0"},"down":{"uv":[5.0,8.0,5.75,10.0],"tintindex":0,"rotation":0,"texture":"#0"}}}],"display":{"head":{"rotation":[0.0,0.0,0.0]},"firstperson_righthand":{"rotation":[0.0,0.0,0.0]},"thirdperson_lefthand":{"rotation":[0.0,-0.0,-0.0]},"firstperson_lefthand":{"rotation":[0.0,-0.0,-0.0]},"fixed":{"rotation":[0.0,0.0,0.0]},"ground":{"rotation":[0.0,0.0,0.0]},"thirdperson_righthand":{"rotation":[0.0,0.0,0.0]},"gui":{"rotation":[-150.0,-45.0,180.0]}}}