{"textures":{"0":"modelengine:entity/hoppy_chibi","particle":"#0"},"elements":[{"from":[6.0,6.0,4.0],"to":[12.0,12.0,10.0],"faces":{"east":{"uv":[4.75,3.0,6.25,4.5],"tintindex":0,"rotation":0,"texture":"#0"},"south":{"uv":[4.75,4.75,6.25,6.25],"tintindex":0,"rotation":0,"texture":"#0"},"north":{"uv":[1.5,4.5,3.0,6.0],"tintindex":0,"rotation":0,"texture":"#0"},"west":{"uv":[5.5,0.0,7.0,1.5],"tintindex":0,"rotation":0,"texture":"#0"},"up":{"uv":[3.0,7.75,1.5,6.25],"tintindex":0,"rotation":0,"texture":"#0"},"down":{"uv":[8.0,1.75,6.5,3.25],"tintindex":0,"rotation":0,"texture":"#0"}}},{"from":[8.0,6.0,2.0],"to":[10.0,8.0,4.0],"faces":{"east":{"uv":[6.0,10.0,6.5,10.5],"tintindex":0,"rotation":0,"texture":"#0"},"south":{"uv":[6.75,10.0,7.25,10.5],"tintindex":0,"rotation":0,"texture":"#0"},"north":{"uv":[4.0,10.0,4.5,10.5],"tintindex":0,"rotation":0,"texture":"#0"},"west":{"uv":[10.0,7.25,10.5,7.75],"tintindex":0,"rotation":0,"texture":"#0"},"up":{"uv":[10.5,8.5,10.0,8.0],"tintindex":0,"rotation":0,"texture":"#0"},"down":{"uv":[2.5,10.25,2.0,10.75],"tintindex":0,"rotation":0,"texture":"#0"}}},{"from":[6.0,7.0,9.0],"to":[6.0,10.0,13.0],"faces":{"east":{"uv":[9.5,1.0,10.5,1.75],"tintindex":0,"rotation":0,"texture":"#0"},"west":{"uv":[10.5,1.0,9.5,1.75],"tintindex":0,"rotation":0,"texture":"#0"}},"rotation":{"origin":[6.0,8.5,9.0],"angle":-45.0,"axis":"y"}},{"from":[12.0,7.0,9.0],"to":[12.0,10.0,13.0],"faces":{"east":{"uv":[9.5,1.0,10.5,1.75],"tintindex":0,"rotation":0,"texture":"#0"},"west":{"uv":[10.5,1.0,9.5,1.75],"tintindex":0,"rotation":0,"texture":"#0"}},"rotation":{"origin":[12.0,8.5,9.0],"angle":45.0,"axis":"y"}}],"display":{"head":{"rotation":[0.0,0.0,0.0]},"firstperson_righthand":{"rotation":[0.0,0.0,0.0]},"thirdperson_lefthand":{"rotation":[0.0,-0.0,-0.0]},"firstperson_lefthand":{"rotation":[0.0,-0.0,-0.0]},"fixed":{"rotation":[0.0,0.0,0.0]},"ground":{"rotation":[0.0,0.0,0.0]},"thirdperson_righthand":{"rotation":[0.0,0.0,0.0]},"gui":{"rotation":[-150.0,-45.0,180.0]}}}