{"textures":{"0":"modelengine:entity/hoppy_chibi","particle":"#0"},"elements":[{"from":[7.0,3.0,8.5],"to":[9.0,5.0,10.5],"faces":{"east":{"uv":[10.25,4.75,10.75,5.25],"tintindex":0,"rotation":0,"texture":"#0"},"south":{"uv":[10.25,5.5,10.75,6.0],"tintindex":0,"rotation":0,"texture":"#0"},"north":{"uv":[4.75,10.25,5.25,10.75],"tintindex":0,"rotation":0,"texture":"#0"},"west":{"uv":[9.75,10.25,10.25,10.75],"tintindex":0,"rotation":0,"texture":"#0"},"up":{"uv":[0.5,11.0,0.0,10.5],"tintindex":0,"rotation":0,"texture":"#0"},"down":{"uv":[11.0,2.0,10.5,2.5],"tintindex":0,"rotation":0,"texture":"#0"}}},{"from":[6.5,4.0,9.0],"to":[9.5,9.0,13.0],"faces":{"east":{"uv":[8.75,6.25,9.75,7.5],"tintindex":0,"rotation":0,"texture":"#0"},"south":{"uv":[8.75,9.25,9.5,10.5],"tintindex":0,"rotation":0,"texture":"#0"},"north":{"uv":[0.0,9.0,0.75,10.25],"tintindex":0,"rotation":0,"texture":"#0"},"west":{"uv":[8.75,7.75,9.75,9.0],"tintindex":0,"rotation":0,"texture":"#0"},"up":{"uv":[6.25,2.75,5.5,1.75],"tintindex":0,"rotation":0,"texture":"#0"},"down":{"uv":[10.25,2.0,9.5,3.0],"tintindex":0,"rotation":0,"texture":"#0"}},"rotation":{"origin":[8.0,4.5,9.5],"angle":-45.0,"axis":"x"}}],"display":{"head":{"rotation":[0.0,0.0,0.0]},"firstperson_righthand":{"rotation":[0.0,0.0,0.0]},"thirdperson_lefthand":{"rotation":[0.0,-0.0,-0.0]},"firstperson_lefthand":{"rotation":[0.0,-0.0,-0.0]},"fixed":{"rotation":[0.0,0.0,0.0]},"ground":{"rotation":[0.0,0.0,0.0]},"thirdperson_righthand":{"rotation":[0.0,0.0,0.0]},"gui":{"rotation":[-150.0,-45.0,180.0]}}}