{"textures":{"0":"modelengine:entity/hoppy_chibi","particle":"#0"},"elements":[{"from":[8.0,4.0,11.0],"to":[8.0,12.0,23.0],"faces":{"east":{"uv":[0.0,0.0,3.0,2.0],"tintindex":0,"rotation":0,"texture":"#0"},"west":{"uv":[0.0,2.25,3.0,4.25],"tintindex":0,"rotation":0,"texture":"#0"}}},{"from":[7.0,7.0,7.0],"to":[9.0,9.0,13.0],"faces":{"east":{"uv":[10.75,4.0,9.25,4.5],"tintindex":0,"rotation":0,"texture":"#0"},"south":{"uv":[3.25,10.0,3.75,10.5],"tintindex":0,"rotation":0,"texture":"#0"},"north":{"uv":[7.25,1.0,7.75,1.5],"tintindex":0,"rotation":0,"texture":"#0"},"west":{"uv":[9.25,4.0,10.75,4.5],"tintindex":0,"rotation":0,"texture":"#0"},"up":{"uv":[10.0,6.25,9.5,4.75],"tintindex":0,"rotation":0,"texture":"#0"},"down":{"uv":[8.0,9.5,7.5,11.0],"tintindex":0,"rotation":0,"texture":"#0"}}}],"display":{"head":{"rotation":[0.0,0.0,0.0]},"firstperson_righthand":{"rotation":[0.0,0.0,0.0]},"thirdperson_lefthand":{"rotation":[0.0,-0.0,-0.0]},"firstperson_lefthand":{"rotation":[0.0,-0.0,-0.0]},"fixed":{"rotation":[0.0,0.0,0.0]},"ground":{"rotation":[0.0,0.0,0.0]},"thirdperson_righthand":{"rotation":[0.0,0.0,0.0]},"gui":{"rotation":[-150.0,-45.0,180.0]}}}