{"textures":{"0":"modelengine:entity/hoppy_chibi","particle":"#0"},"elements":[{"from":[6.5,6.5,7.0],"to":[9.5,9.5,15.0],"faces":{"east":{"uv":[6.5,6.75,8.5,7.5],"tintindex":0,"rotation":0,"texture":"#0"},"south":{"uv":[9.75,9.25,10.5,10.0],"tintindex":0,"rotation":0,"texture":"#0"},"north":{"uv":[1.0,9.75,1.75,10.5],"tintindex":0,"rotation":0,"texture":"#0"},"west":{"uv":[7.25,0.0,9.25,0.75],"tintindex":0,"rotation":0,"texture":"#0"},"up":{"uv":[0.75,8.75,0.0,6.75],"tintindex":0,"rotation":0,"texture":"#0"},"down":{"uv":[7.25,7.75,6.5,9.75],"tintindex":0,"rotation":0,"texture":"#0"}}}],"display":{"head":{"rotation":[0.0,0.0,0.0]},"firstperson_righthand":{"rotation":[0.0,0.0,0.0]},"thirdperson_lefthand":{"rotation":[0.0,-0.0,-0.0]},"firstperson_lefthand":{"rotation":[0.0,-0.0,-0.0]},"fixed":{"rotation":[0.0,0.0,0.0]},"ground":{"rotation":[0.0,0.0,0.0]},"thirdperson_righthand":{"rotation":[0.0,0.0,0.0]},"gui":{"rotation":[-150.0,-45.0,180.0]}}}