{"textures":{"0":"modelengine:entity/toffy_death_spirit","particle":"#0"},"elements":[{"from":[7.475,-0.5,7.0],"to":[7.475,4.5,11.0],"faces":{"east":{"uv":[6.375,6.75,6.875,7.375],"tintindex":0,"rotation":0,"texture":"#0"},"west":{"uv":[5.0,6.875,5.5,7.5],"tintindex":0,"rotation":0,"texture":"#0"}}},{"from":[7.0,4.5,7.0],"to":[8.0,8.5,9.0],"faces":{"east":{"uv":[8.125,7.625,8.375,8.125],"tintindex":0,"rotation":0,"texture":"#0"},"south":{"uv":[2.375,8.5,2.5,9.0],"tintindex":0,"rotation":0,"texture":"#0"},"north":{"uv":[2.125,8.5,2.25,9.0],"tintindex":0,"rotation":0,"texture":"#0"},"west":{"uv":[1.0,8.25,1.25,8.75],"tintindex":0,"rotation":0,"texture":"#0"},"up":{"uv":[5.125,9.0,5.0,8.75],"tintindex":0,"rotation":0,"texture":"#0"},"down":{"uv":[5.375,8.75,5.25,9.0],"tintindex":0,"rotation":0,"texture":"#0"}}},{"from":[7.5,3.5,9.0],"to":[7.5,9.5,12.0],"faces":{"east":{"uv":[7.375,3.25,7.75,4.0],"tintindex":0,"rotation":0,"texture":"#0"},"west":{"uv":[7.375,4.125,7.75,4.875],"tintindex":0,"rotation":0,"texture":"#0"}}},{"from":[7.0,1.5,7.0],"to":[8.0,4.5,9.0],"faces":{"east":{"uv":[1.375,8.25,1.625,8.625],"tintindex":0,"rotation":0,"texture":"#0"},"south":{"uv":[8.625,3.25,8.75,3.625],"tintindex":0,"rotation":0,"texture":"#0"},"north":{"uv":[8.625,1.0,8.75,1.375],"tintindex":0,"rotation":0,"texture":"#0"},"west":{"uv":[1.75,8.25,2.0,8.625],"tintindex":0,"rotation":0,"texture":"#0"},"up":{"uv":[8.875,6.0,8.75,5.75],"tintindex":0,"rotation":0,"texture":"#0"},"down":{"uv":[6.0,8.75,5.875,9.0],"tintindex":0,"rotation":0,"texture":"#0"}}}],"display":{"gui":{"rotation":[-150.0,-45.0,180.0]}}}