{"textures":{"0":"modelengine:entity/toffy_death_spirit","particle":"#0"},"elements":[{"from":[8.0,4.5,7.0],"to":[9.0,8.5,9.0],"faces":{"east":{"uv":[3.0,4.75,3.25,5.25],"tintindex":0,"rotation":0,"texture":"#0"},"south":{"uv":[8.375,8.25,8.5,8.75],"tintindex":0,"rotation":0,"texture":"#0"},"north":{"uv":[8.375,4.0,8.5,4.5],"tintindex":0,"rotation":0,"texture":"#0"},"west":{"uv":[4.125,5.5,4.375,6.0],"tintindex":0,"rotation":0,"texture":"#0"},"up":{"uv":[1.5,9.0,1.375,8.75],"tintindex":0,"rotation":0,"texture":"#0"},"down":{"uv":[8.875,1.5,8.75,1.75],"tintindex":0,"rotation":0,"texture":"#0"}}},{"from":[8.0,1.5,7.0],"to":[9.0,4.5,9.0],"faces":{"east":{"uv":[2.0,4.25,2.25,4.625],"tintindex":0,"rotation":0,"texture":"#0"},"south":{"uv":[5.625,8.5,5.75,8.875],"tintindex":0,"rotation":0,"texture":"#0"},"north":{"uv":[2.125,6.625,2.25,7.0],"tintindex":0,"rotation":0,"texture":"#0"},"west":{"uv":[0.875,7.5,1.125,7.875],"tintindex":0,"rotation":0,"texture":"#0"},"up":{"uv":[1.75,9.0,1.625,8.75],"tintindex":0,"rotation":0,"texture":"#0"},"down":{"uv":[2.0,8.75,1.875,9.0],"tintindex":0,"rotation":0,"texture":"#0"}}},{"from":[8.5,3.5,9.0],"to":[8.5,9.5,12.0],"faces":{"east":{"uv":[7.375,0.0,7.75,0.75],"tintindex":0,"rotation":0,"texture":"#0"},"west":{"uv":[1.25,7.375,1.625,8.125],"tintindex":0,"rotation":0,"texture":"#0"}}},{"from":[8.525,-0.5,7.0],"to":[8.525,4.5,11.0],"faces":{"east":{"uv":[0.0,6.75,0.5,7.375],"tintindex":0,"rotation":0,"texture":"#0"},"west":{"uv":[0.625,6.75,1.125,7.375],"tintindex":0,"rotation":0,"texture":"#0"}}}],"display":{"gui":{"rotation":[-150.0,-45.0,180.0]}}}