{"textures":{"0":"modelengine:entity/toffy_death_spirit","particle":"#0"},"elements":[{"from":[4.0,1.25,4.0],"to":[12.0,8.25,12.0],"faces":{"east":{"uv":[4.5,3.25,5.5,4.125],"tintindex":0,"rotation":0,"texture":"#0"},"south":{"uv":[3.375,4.5,4.375,5.375],"tintindex":0,"rotation":0,"texture":"#0"},"north":{"uv":[4.5,2.25,5.5,3.125],"tintindex":0,"rotation":0,"texture":"#0"},"west":{"uv":[4.5,4.25,5.5,5.125],"tintindex":0,"rotation":0,"texture":"#0"},"up":{"uv":[4.375,3.25,3.375,2.25],"tintindex":0,"rotation":0,"texture":"#0"},"down":{"uv":[4.375,3.375,3.375,4.375],"tintindex":0,"rotation":0,"texture":"#0"}}}],"display":{"gui":{"rotation":[-150.0,-45.0,180.0]}}}