{"textures":{"0":"modelengine:entity/toffy_death_spirit","particle":"#0"},"elements":[{"from":[5.0,8.0,5.0],"to":[11.0,14.0,11.0],"faces":{"east":{"uv":[5.75,0.0,6.5,0.75],"tintindex":0,"rotation":0,"texture":"#0"},"south":{"uv":[5.75,0.875,6.5,1.625],"tintindex":0,"rotation":0,"texture":"#0"},"north":{"uv":[5.625,4.25,6.375,5.0],"tintindex":0,"rotation":0,"texture":"#0"},"west":{"uv":[1.5,5.75,2.25,6.5],"tintindex":0,"rotation":0,"texture":"#0"},"up":{"uv":[6.25,6.75,5.5,6.0],"tintindex":0,"rotation":0,"texture":"#0"},"down":{"uv":[3.125,6.25,2.375,7.0],"tintindex":0,"rotation":0,"texture":"#0"}}}],"display":{"gui":{"rotation":[-150.0,-45.0,180.0]}}}