{"textures":{"0":"modelengine:entity/toffy_death_spirit","particle":"#0"},"elements":[{"from":[2.0,7.039116,8.317025],"to":[9.0,25.039116,8.317025],"faces":{"south":{"uv":[1.0,3.25,1.875,5.5],"tintindex":0,"rotation":0,"texture":"#0"},"north":{"uv":[0.0,3.25,0.875,5.5],"tintindex":0,"rotation":0,"texture":"#0"}}},{"from":[5.0,7.039116,7.3420253],"to":[9.0,12.039116,8.342026],"faces":{"east":{"uv":[8.375,0.75,8.5,1.375],"tintindex":0,"rotation":0,"texture":"#0"},"south":{"uv":[7.125,2.0,7.625,2.625],"tintindex":0,"rotation":0,"texture":"#0"},"north":{"uv":[7.125,1.25,7.625,1.875],"tintindex":0,"rotation":0,"texture":"#0"},"west":{"uv":[8.375,3.25,8.5,3.875],"tintindex":0,"rotation":0,"texture":"#0"},"up":{"uv":[9.125,0.625,8.625,0.5],"tintindex":0,"rotation":0,"texture":"#0"},"down":{"uv":[9.125,0.75,8.625,0.875],"tintindex":0,"rotation":0,"texture":"#0"}}},{"from":[7.0,7.039116,8.317025],"to":[7.0,15.039116,13.317026],"faces":{"east":{"uv":[5.625,2.0,6.25,3.0],"tintindex":0,"rotation":0,"texture":"#0"},"west":{"uv":[5.625,3.125,6.25,4.125],"tintindex":0,"rotation":0,"texture":"#0"}}}],"display":{"gui":{"rotation":[-150.0,-45.0,180.0]}}}