{"textures":{"0":"modelengine:entity/toffy_death_spirit","particle":"#0"},"elements":[{"from":[9.0,7.039116,8.317025],"to":[9.0,15.039116,13.317026],"faces":{"east":{"uv":[0.0,5.625,0.625,6.625],"tintindex":0,"rotation":0,"texture":"#0"},"west":{"uv":[0.75,5.625,1.375,6.625],"tintindex":0,"rotation":0,"texture":"#0"}}},{"from":[7.0,7.039116,7.3420253],"to":[11.0,12.039116,8.342026],"faces":{"east":{"uv":[7.125,3.25,7.25,3.875],"tintindex":0,"rotation":0,"texture":"#0"},"south":{"uv":[7.0,6.75,7.5,7.375],"tintindex":0,"rotation":0,"texture":"#0"},"north":{"uv":[3.875,7.0,4.375,7.625],"tintindex":0,"rotation":0,"texture":"#0"},"west":{"uv":[8.375,0.0,8.5,0.625],"tintindex":0,"rotation":0,"texture":"#0"},"up":{"uv":[9.125,0.125,8.625,0.0],"tintindex":0,"rotation":0,"texture":"#0"},"down":{"uv":[9.125,0.25,8.625,0.375],"tintindex":0,"rotation":0,"texture":"#0"}}},{"from":[7.0,7.039116,8.317025],"to":[14.0,25.039116,8.317025],"faces":{"south":{"uv":[2.375,2.375,3.25,4.625],"tintindex":0,"rotation":0,"texture":"#0"},"north":{"uv":[2.375,0.0,3.25,2.25],"tintindex":0,"rotation":0,"texture":"#0"}}}],"display":{"gui":{"rotation":[-150.0,-45.0,180.0]}}}