{"textures":{"0":"modelengine:entity/toffy_death_spirit","particle":"#0"},"elements":[{"from":[7.0,7.0,3.5],"to":[9.0,8.0,9.5],"faces":{"east":{"uv":[2.125,8.25,2.875,8.375],"tintindex":0,"rotation":0,"texture":"#0"},"south":{"uv":[6.625,8.75,6.875,8.875],"tintindex":0,"rotation":0,"texture":"#0"},"north":{"uv":[8.75,4.75,9.0,4.875],"tintindex":0,"rotation":0,"texture":"#0"},"west":{"uv":[5.0,8.25,5.75,8.375],"tintindex":0,"rotation":0,"texture":"#0"},"up":{"uv":[4.0,8.875,3.75,8.125],"tintindex":0,"rotation":0,"texture":"#0"},"down":{"uv":[6.5,8.125,6.25,8.875],"tintindex":0,"rotation":0,"texture":"#0"}}}],"display":{"gui":{"rotation":[-150.0,-45.0,180.0]}}}