{"textures":{"0":"modelengine:entity/toffy_death_spirit","particle":"#0"},"elements":[{"from":[7.0,7.0,3.5],"to":[9.0,8.0,9.5],"faces":{"east":{"uv":[4.75,2.0,5.5,2.125],"tintindex":0,"rotation":0,"texture":"#0"},"south":{"uv":[7.375,5.0,7.625,5.125],"tintindex":0,"rotation":0,"texture":"#0"},"north":{"uv":[1.75,7.375,2.0,7.5],"tintindex":0,"rotation":0,"texture":"#0"},"west":{"uv":[7.875,4.75,8.625,4.875],"tintindex":0,"rotation":0,"texture":"#0"},"up":{"uv":[3.25,8.875,3.0,8.125],"tintindex":0,"rotation":0,"texture":"#0"},"down":{"uv":[3.625,8.125,3.375,8.875],"tintindex":0,"rotation":0,"texture":"#0"}}}],"display":{"gui":{"rotation":[-150.0,-45.0,180.0]}}}