{"textures":{"0":"modelengine:entity/toffy_death_spirit","particle":"#0"},"elements":[{"from":[1.9214392,11.720388,0.82133055],"to":[4.921439,12.720388,4.8213305],"faces":{"east":{"uv":[7.125,8.5,7.625,8.625],"tintindex":0,"rotation":0,"texture":"#0"},"south":{"uv":[8.625,8.5,9.0,8.625],"tintindex":0,"rotation":0,"texture":"#0"},"north":{"uv":[8.625,8.25,9.0,8.375],"tintindex":0,"rotation":0,"texture":"#0"},"west":{"uv":[8.5,7.625,9.0,7.75],"tintindex":0,"rotation":0,"texture":"#0"},"up":{"uv":[5.375,6.75,5.0,6.25],"tintindex":0,"rotation":0,"texture":"#0"},"down":{"uv":[7.0,8.125,6.625,8.625],"tintindex":0,"rotation":0,"texture":"#0"}},"rotation":{"origin":[8.075762,14.87471,0.50430536],"angle":45.0,"axis":"z"}},{"from":[10.193613,4.5211573,9.004305],"to":[10.193613,11.521158,16.004305],"faces":{"east":{"uv":[2.0,4.75,2.875,5.625],"tintindex":0,"rotation":0,"texture":"#0"},"west":{"uv":[4.5,5.25,5.375,6.125],"tintindex":0,"rotation":0,"texture":"#0"}}},{"from":[10.230083,10.720388,-4.17867],"to":[11.230083,11.720388,-1.1786699],"faces":{"east":{"uv":[8.625,4.0,9.0,4.125],"tintindex":0,"rotation":0,"texture":"#0"},"south":{"uv":[8.875,4.5,9.0,4.625],"tintindex":0,"rotation":0,"texture":"#0"},"north":{"uv":[4.375,8.875,4.5,9.0],"tintindex":0,"rotation":0,"texture":"#0"},"west":{"uv":[4.125,8.625,4.5,8.75],"tintindex":0,"rotation":0,"texture":"#0"},"up":{"uv":[8.75,4.625,8.625,4.25],"tintindex":0,"rotation":0,"texture":"#0"},"down":{"uv":[8.75,5.0,8.625,5.375],"tintindex":0,"rotation":0,"texture":"#0"}},"rotation":{"origin":[8.075762,14.87471,0.50430536],"angle":-45.0,"axis":"z"}},{"from":[6.0757613,9.560272,3.8213305],"to":[10.075762,13.560272,7.8213305],"faces":{"east":{"uv":[5.0,7.625,5.5,8.125],"tintindex":0,"rotation":0,"texture":"#0"},"south":{"uv":[5.625,7.625,6.125,8.125],"tintindex":0,"rotation":0,"texture":"#0"},"north":{"uv":[2.375,7.625,2.875,8.125],"tintindex":0,"rotation":0,"texture":"#0"},"west":{"uv":[7.625,6.625,8.125,7.125],"tintindex":0,"rotation":0,"texture":"#0"},"up":{"uv":[8.25,1.375,7.75,0.875],"tintindex":0,"rotation":0,"texture":"#0"},"down":{"uv":[8.25,1.5,7.75,2.0],"tintindex":0,"rotation":0,"texture":"#0"}}},{"from":[-0.9242382,3.944559,13.882798],"to":[17.075762,15.944559,13.882798],"faces":{"south":{"uv":[0.0,1.625,2.25,3.125],"tintindex":0,"rotation":0,"texture":"#0"},"north":{"uv":[0.0,0.0,2.25,1.5],"tintindex":0,"rotation":0,"texture":"#0"}},"rotation":{"origin":[13.075762,12.87471,10.504305],"angle":45.0,"axis":"x"}},{"from":[10.290744,10.866835,-1.1786699],"to":[13.290743,11.866835,0.82133055],"faces":{"east":{"uv":[8.875,3.25,9.125,3.375],"tintindex":0,"rotation":0,"texture":"#0"},"south":{"uv":[0.5,8.75,0.875,8.875],"tintindex":0,"rotation":0,"texture":"#0"},"north":{"uv":[0.0,8.75,0.375,8.875],"tintindex":0,"rotation":0,"texture":"#0"},"west":{"uv":[8.875,3.5,9.125,3.625],"tintindex":0,"rotation":0,"texture":"#0"},"up":{"uv":[8.625,7.0,8.25,6.75],"tintindex":0,"rotation":0,"texture":"#0"},"down":{"uv":[8.25,8.25,7.875,8.5],"tintindex":0,"rotation":0,"texture":"#0"}},"rotation":{"origin":[9.136421,14.521158,-1.4956951],"angle":-45.0,"axis":"z"}},{"from":[10.230083,11.720388,-4.17867],"to":[12.230083,12.720388,-1.1786699],"faces":{"east":{"uv":[7.625,7.25,8.0,7.375],"tintindex":0,"rotation":0,"texture":"#0"},"south":{"uv":[1.0,8.875,1.25,9.0],"tintindex":0,"rotation":0,"texture":"#0"},"north":{"uv":[8.75,7.0,9.0,7.125],"tintindex":0,"rotation":0,"texture":"#0"},"west":{"uv":[8.625,3.75,9.0,3.875],"tintindex":0,"rotation":0,"texture":"#0"},"up":{"uv":[8.5,5.375,8.25,5.0],"tintindex":0,"rotation":0,"texture":"#0"},"down":{"uv":[6.125,8.25,5.875,8.625],"tintindex":0,"rotation":0,"texture":"#0"}},"rotation":{"origin":[8.075762,14.87471,0.50430536],"angle":-45.0,"axis":"z"}},{"from":[5.1007614,10.560272,7.8213305],"to":[11.050761,13.560272,8.821331],"faces":{"east":{"uv":[7.75,8.625,7.875,9.0],"tintindex":0,"rotation":0,"texture":"#0"},"south":{"uv":[0.0,7.5,0.75,7.875],"tintindex":0,"rotation":0,"texture":"#0"},"north":{"uv":[7.125,6.125,7.875,6.5],"tintindex":0,"rotation":0,"texture":"#0"},"west":{"uv":[8.0,8.625,8.125,9.0],"tintindex":0,"rotation":0,"texture":"#0"},"up":{"uv":[9.0,5.625,8.25,5.5],"tintindex":0,"rotation":0,"texture":"#0"},"down":{"uv":[9.0,6.5,8.25,6.625],"tintindex":0,"rotation":0,"texture":"#0"}}},{"from":[4.0757613,7.560272,4.8213305],"to":[12.075762,9.560272,9.821331],"faces":{"east":{"uv":[7.125,8.125,7.75,8.375],"tintindex":0,"rotation":0,"texture":"#0"},"south":{"uv":[3.0,7.75,4.0,8.0],"tintindex":0,"rotation":0,"texture":"#0"},"north":{"uv":[7.75,2.125,8.75,2.375],"tintindex":0,"rotation":0,"texture":"#0"},"west":{"uv":[8.125,7.25,8.75,7.5],"tintindex":0,"rotation":0,"texture":"#0"},"up":{"uv":[4.0,6.125,3.0,5.5],"tintindex":0,"rotation":0,"texture":"#0"},"down":{"uv":[6.5,5.25,5.5,5.875],"tintindex":0,"rotation":0,"texture":"#0"}}},{"from":[2.9214392,11.720388,-1.1786699],"to":[4.921439,12.720388,0.82133055],"faces":{"east":{"uv":[8.875,1.25,9.125,1.375],"tintindex":0,"rotation":0,"texture":"#0"},"south":{"uv":[8.875,2.125,9.125,2.25],"tintindex":0,"rotation":0,"texture":"#0"},"north":{"uv":[8.875,1.0,9.125,1.125],"tintindex":0,"rotation":0,"texture":"#0"},"west":{"uv":[2.625,8.875,2.875,9.0],"tintindex":0,"rotation":0,"texture":"#0"},"up":{"uv":[2.875,8.75,2.625,8.5],"tintindex":0,"rotation":0,"texture":"#0"},"down":{"uv":[8.75,7.875,8.5,8.125],"tintindex":0,"rotation":0,"texture":"#0"}},"rotation":{"origin":[8.075762,14.87471,-1.4956951],"angle":45.0,"axis":"z"}},{"from":[7.5757613,10.995422,-8.981867],"to":[8.575762,11.995422,-6.981867],"faces":{"east":{"uv":[8.75,6.75,9.0,6.875],"tintindex":0,"rotation":0,"texture":"#0"},"south":{"uv":[8.875,4.25,9.0,4.375],"tintindex":0,"rotation":0,"texture":"#0"},"north":{"uv":[4.125,8.875,4.25,9.0],"tintindex":0,"rotation":0,"texture":"#0"},"west":{"uv":[7.0,8.75,7.25,8.875],"tintindex":0,"rotation":0,"texture":"#0"},"up":{"uv":[7.5,9.0,7.375,8.75],"tintindex":0,"rotation":0,"texture":"#0"},"down":{"uv":[8.75,8.75,8.625,9.0],"tintindex":0,"rotation":0,"texture":"#0"}},"rotation":{"origin":[7.0757613,19.458042,-2.645855],"angle":-22.5,"axis":"x"}},{"from":[10.290744,10.866835,0.82133055],"to":[14.290743,11.866835,4.8213305],"faces":{"east":{"uv":[8.5,2.75,9.0,2.875],"tintindex":0,"rotation":0,"texture":"#0"},"south":{"uv":[8.5,3.0,9.0,3.125],"tintindex":0,"rotation":0,"texture":"#0"},"north":{"uv":[8.5,2.5,9.0,2.625],"tintindex":0,"rotation":0,"texture":"#0"},"west":{"uv":[5.0,8.5,5.5,8.625],"tintindex":0,"rotation":0,"texture":"#0"},"up":{"uv":[8.0,8.0,7.5,7.5],"tintindex":0,"rotation":0,"texture":"#0"},"down":{"uv":[2.25,7.625,1.75,8.125],"tintindex":0,"rotation":0,"texture":"#0"}},"rotation":{"origin":[9.136421,14.521158,0.50430536],"angle":-45.0,"axis":"z"}},{"from":[5.0757613,8.752655,9.854159],"to":[11.075762,13.752655,13.85416],"faces":{"east":{"uv":[5.625,6.875,6.125,7.5],"tintindex":0,"rotation":0,"texture":"#0"},"south":{"uv":[4.125,6.25,4.875,6.875],"tintindex":0,"rotation":0,"texture":"#0"},"north":{"uv":[3.25,6.25,4.0,6.875],"tintindex":0,"rotation":0,"texture":"#0"},"west":{"uv":[3.25,7.0,3.75,7.625],"tintindex":0,"rotation":0,"texture":"#0"},"up":{"uv":[7.25,4.5,6.5,4.0],"tintindex":0,"rotation":0,"texture":"#0"},"down":{"uv":[7.25,4.625,6.5,5.125],"tintindex":0,"rotation":0,"texture":"#0"}},"rotation":{"origin":[9.136421,16.252655,8.854159],"angle":22.5,"axis":"x"}},{"from":[5.9579105,4.5211573,9.004305],"to":[5.9579105,11.521158,16.004305],"faces":{"east":{"uv":[4.75,0.0,5.625,0.875],"tintindex":0,"rotation":0,"texture":"#0"},"west":{"uv":[4.75,1.0,5.625,1.875],"tintindex":0,"rotation":0,"texture":"#0"}}}],"display":{"gui":{"rotation":[-150.0,-45.0,180.0]}}}