{"textures":{"0":"modelengine:entity/toffy_death_spirit","particle":"#0"},"elements":[{"from":[7.0,5.5,5.5],"to":[10.0,10.5,10.5],"faces":{"east":{"uv":[6.375,1.75,7.0,2.375],"tintindex":0,"rotation":0,"texture":"#0"},"south":{"uv":[7.875,0.0,8.25,0.625],"tintindex":0,"rotation":0,"texture":"#0"},"north":{"uv":[7.75,5.0,8.125,5.625],"tintindex":0,"rotation":0,"texture":"#0"},"west":{"uv":[6.375,2.5,7.0,3.125],"tintindex":0,"rotation":0,"texture":"#0"},"up":{"uv":[8.25,3.875,7.875,3.25],"tintindex":0,"rotation":0,"texture":"#0"},"down":{"uv":[8.25,4.0,7.875,4.625],"tintindex":0,"rotation":0,"texture":"#0"}}}],"display":{"gui":{"rotation":[-150.0,-45.0,180.0]}}}