{"textures":{"0":"modelengine:entity/toffy_death_spirit","particle":"#0"},"elements":[{"from":[6.0,5.5,5.5],"to":[9.0,10.5,10.5],"faces":{"east":{"uv":[6.375,3.25,7.0,3.875],"tintindex":0,"rotation":0,"texture":"#0"},"south":{"uv":[0.0,8.0,0.375,8.625],"tintindex":0,"rotation":0,"texture":"#0"},"north":{"uv":[4.125,7.875,4.5,8.5],"tintindex":0,"rotation":0,"texture":"#0"},"west":{"uv":[6.375,6.0,7.0,6.625],"tintindex":0,"rotation":0,"texture":"#0"},"up":{"uv":[0.875,8.625,0.5,8.0],"tintindex":0,"rotation":0,"texture":"#0"},"down":{"uv":[8.375,2.5,8.0,3.125],"tintindex":0,"rotation":0,"texture":"#0"}}}],"display":{"gui":{"rotation":[-150.0,-45.0,180.0]}}}