{"textures":{"0":"modelengine:entity/toffy_death_spirit","particle":"#0"},"elements":[{"from":[6.5,6.5,13.0],"to":[9.5,9.5,19.0],"faces":{"east":{"uv":[2.125,7.125,2.875,7.5],"tintindex":0,"rotation":0,"texture":"#0"},"south":{"uv":[6.625,1.25,7.0,1.625],"tintindex":0,"rotation":0,"texture":"#0"},"north":{"uv":[2.375,5.75,2.75,6.125],"tintindex":0,"rotation":0,"texture":"#0"},"west":{"uv":[7.125,2.75,7.875,3.125],"tintindex":0,"rotation":0,"texture":"#0"},"up":{"uv":[4.875,7.75,4.5,7.0],"tintindex":0,"rotation":0,"texture":"#0"},"down":{"uv":[7.625,5.25,7.25,6.0],"tintindex":0,"rotation":0,"texture":"#0"}}},{"from":[6.0,6.0,8.0],"to":[10.0,10.0,13.0],"faces":{"east":{"uv":[6.625,0.0,7.25,0.5],"tintindex":0,"rotation":0,"texture":"#0"},"south":{"uv":[6.875,7.5,7.375,8.0],"tintindex":0,"rotation":0,"texture":"#0"},"north":{"uv":[6.25,7.5,6.75,8.0],"tintindex":0,"rotation":0,"texture":"#0"},"west":{"uv":[6.625,0.625,7.25,1.125],"tintindex":0,"rotation":0,"texture":"#0"},"up":{"uv":[2.0,7.25,1.5,6.625],"tintindex":0,"rotation":0,"texture":"#0"},"down":{"uv":[7.125,5.25,6.625,5.875],"tintindex":0,"rotation":0,"texture":"#0"}}}],"display":{"gui":{"rotation":[-150.0,-45.0,180.0]}}}