{"textures":{"0":"modelengine:entity/toffy_death_spirit","particle":"#0"},"elements":[{"from":[7.5,7.5,15.0],"to":[8.5,8.5,19.0],"faces":{"east":{"uv":[5.75,1.75,6.25,1.875],"tintindex":0,"rotation":0,"texture":"#0"},"south":{"uv":[1.0,8.0,1.125,8.125],"tintindex":0,"rotation":0,"texture":"#0"},"north":{"uv":[7.75,2.5,7.875,2.625],"tintindex":0,"rotation":0,"texture":"#0"},"west":{"uv":[8.375,1.875,8.875,2.0],"tintindex":0,"rotation":0,"texture":"#0"},"up":{"uv":[1.375,7.25,1.25,6.75],"tintindex":0,"rotation":0,"texture":"#0"},"down":{"uv":[3.125,7.125,3.0,7.625],"tintindex":0,"rotation":0,"texture":"#0"}}},{"from":[7.0,7.0,8.0],"to":[9.0,9.0,15.0],"faces":{"east":{"uv":[7.75,5.75,8.625,6.0],"tintindex":0,"rotation":0,"texture":"#0"},"south":{"uv":[8.375,1.5,8.625,1.75],"tintindex":0,"rotation":0,"texture":"#0"},"north":{"uv":[7.375,0.875,7.625,1.125],"tintindex":0,"rotation":0,"texture":"#0"},"west":{"uv":[8.0,6.125,8.875,6.375],"tintindex":0,"rotation":0,"texture":"#0"},"up":{"uv":[2.25,4.125,2.0,3.25],"tintindex":0,"rotation":0,"texture":"#0"},"down":{"uv":[4.875,7.875,4.625,8.75],"tintindex":0,"rotation":0,"texture":"#0"}}},{"from":[8.0,4.0,18.0],"to":[8.0,12.0,28.0],"faces":{"east":{"uv":[3.375,0.0,4.625,1.0],"tintindex":0,"rotation":0,"texture":"#0"},"west":{"uv":[3.375,1.125,4.625,2.125],"tintindex":0,"rotation":0,"texture":"#0"}}}],"display":{"gui":{"rotation":[-150.0,-45.0,180.0]}}}