{"textures":{"0":"modelengine:entity/dandelion_ascendant","particle":"#0"},"elements":[{"from":[6.5,2.5,6.0],"to":[9.5,9.5,10.0],"faces":{"east":{"uv":[1.625,7.0,2.125,7.875],"tintindex":0,"rotation":0,"texture":"#0"},"south":{"uv":[2.375,8.0,2.75,8.875],"tintindex":0,"rotation":0,"texture":"#0"},"north":{"uv":[1.875,8.0,2.25,8.875],"tintindex":0,"rotation":0,"texture":"#0"},"west":{"uv":[2.25,7.0,2.75,7.875],"tintindex":0,"rotation":0,"texture":"#0"},"up":{"uv":[5.125,9.375,4.75,8.875],"tintindex":0,"rotation":0,"texture":"#0"},"down":{"uv":[1.75,9.0,1.375,9.5],"tintindex":0,"rotation":0,"texture":"#0"}}}],"display":{"head":{"rotation":[0.0,0.0,0.0]},"firstperson_righthand":{"rotation":[0.0,0.0,0.0]},"thirdperson_lefthand":{"rotation":[0.0,-0.0,-0.0]},"firstperson_lefthand":{"rotation":[0.0,-0.0,-0.0]},"fixed":{"rotation":[0.0,0.0,0.0]},"ground":{"rotation":[0.0,0.0,0.0]},"thirdperson_righthand":{"rotation":[0.0,0.0,0.0]},"gui":{"rotation":[-150.0,-45.0,180.0]}}}