{"textures":{"0":"modelengine:entity/dandelion_ascendant","particle":"#0"},"elements":[{"from":[6.5,2.5,6.0],"to":[9.5,9.5,10.0],"faces":{"east":{"uv":[4.625,6.125,5.125,7.0],"tintindex":0,"rotation":0,"texture":"#0"},"south":{"uv":[1.375,8.0,1.75,8.875],"tintindex":0,"rotation":0,"texture":"#0"},"north":{"uv":[3.125,5.125,3.5,6.0],"tintindex":0,"rotation":0,"texture":"#0"},"west":{"uv":[6.125,6.375,6.625,7.25],"tintindex":0,"rotation":0,"texture":"#0"},"up":{"uv":[2.0,6.875,1.625,6.375],"tintindex":0,"rotation":0,"texture":"#0"},"down":{"uv":[7.25,8.625,6.875,9.125],"tintindex":0,"rotation":0,"texture":"#0"}}}],"display":{"head":{"rotation":[0.0,0.0,0.0]},"firstperson_righthand":{"rotation":[0.0,0.0,0.0]},"thirdperson_lefthand":{"rotation":[0.0,-0.0,-0.0]},"firstperson_lefthand":{"rotation":[0.0,-0.0,-0.0]},"fixed":{"rotation":[0.0,0.0,0.0]},"ground":{"rotation":[0.0,0.0,0.0]},"thirdperson_righthand":{"rotation":[0.0,0.0,0.0]},"gui":{"rotation":[-150.0,-45.0,180.0]}}}