{"textures":{"0":"modelengine:entity/dandelion_ascendant","particle":"#0"},"elements":[{"from":[9.5,6.0,2.0],"to":[9.5,8.0,5.0],"faces":{"east":{"uv":[5.875,9.875,5.5,10.125],"tintindex":0,"rotation":0,"texture":"#0"},"west":{"uv":[10.25,5.125,9.875,5.375],"tintindex":0,"rotation":0,"texture":"#0"}},"rotation":{"origin":[9.5,7.0,5.0],"angle":-22.5,"axis":"y"}},{"from":[6.0,6.0,5.0],"to":[10.0,9.0,10.0],"faces":{"east":{"uv":[8.875,1.5,9.5,1.875],"tintindex":0,"rotation":0,"texture":"#0"},"south":{"uv":[9.25,9.25,9.75,9.625],"tintindex":0,"rotation":0,"texture":"#0"},"north":{"uv":[9.25,8.75,9.75,9.125],"tintindex":0,"rotation":0,"texture":"#0"},"west":{"uv":[8.875,2.375,9.5,2.75],"tintindex":0,"rotation":0,"texture":"#0"},"up":{"uv":[8.625,1.0,8.125,0.375],"tintindex":0,"rotation":0,"texture":"#0"},"down":{"uv":[4.875,8.125,4.375,8.75],"tintindex":0,"rotation":0,"texture":"#0"}}},{"from":[6.5,6.0,2.0],"to":[6.5,8.0,5.0],"faces":{"east":{"uv":[9.875,5.125,10.25,5.375],"tintindex":0,"rotation":0,"texture":"#0"},"west":{"uv":[5.5,9.875,5.875,10.125],"tintindex":0,"rotation":0,"texture":"#0"}},"rotation":{"origin":[6.5,7.0,5.0],"angle":22.5,"axis":"y"}},{"from":[8.0,6.0,2.0],"to":[8.0,8.0,5.0],"faces":{"east":{"uv":[9.875,5.125,10.25,5.375],"tintindex":0,"rotation":0,"texture":"#0"},"west":{"uv":[5.5,9.875,5.875,10.125],"tintindex":0,"rotation":0,"texture":"#0"}}}],"display":{"head":{"rotation":[0.0,0.0,0.0]},"firstperson_righthand":{"rotation":[0.0,0.0,0.0]},"thirdperson_lefthand":{"rotation":[0.0,-0.0,-0.0]},"firstperson_lefthand":{"rotation":[0.0,-0.0,-0.0]},"fixed":{"rotation":[0.0,0.0,0.0]},"ground":{"rotation":[0.0,0.0,0.0]},"thirdperson_righthand":{"rotation":[0.0,0.0,0.0]},"gui":{"rotation":[-150.0,-45.0,180.0]}}}