{"textures":{"0":"modelengine:entity/dandelion_ascendant","particle":"#0"},"elements":[{"from":[8.0,3.0,9.5],"to":[8.0,8.0,15.5],"faces":{"east":{"uv":[2.125,6.25,2.875,6.875],"tintindex":0,"rotation":0,"texture":"#0"},"west":{"uv":[2.875,6.25,2.125,6.875],"tintindex":0,"rotation":0,"texture":"#0"}}},{"from":[6.0,1.0,6.0],"to":[10.0,8.0,10.0],"faces":{"east":{"uv":[5.25,6.75,5.75,7.625],"tintindex":0,"rotation":0,"texture":"#0"},"south":{"uv":[6.75,6.375,7.25,7.25],"tintindex":0,"rotation":0,"texture":"#0"},"north":{"uv":[6.625,2.875,7.125,3.75],"tintindex":0,"rotation":0,"texture":"#0"},"west":{"uv":[6.875,1.375,7.375,2.25],"tintindex":0,"rotation":0,"texture":"#0"},"up":{"uv":[8.5,8.625,8.0,8.125],"tintindex":0,"rotation":0,"texture":"#0"},"down":{"uv":[0.5,8.25,0.0,8.75],"tintindex":0,"rotation":0,"texture":"#0"}}}],"display":{"head":{"rotation":[0.0,0.0,0.0]},"firstperson_righthand":{"rotation":[0.0,0.0,0.0]},"thirdperson_lefthand":{"rotation":[0.0,-0.0,-0.0]},"firstperson_lefthand":{"rotation":[0.0,-0.0,-0.0]},"fixed":{"rotation":[0.0,0.0,0.0]},"ground":{"rotation":[0.0,0.0,0.0]},"thirdperson_righthand":{"rotation":[0.0,0.0,0.0]},"gui":{"rotation":[-150.0,-45.0,180.0]}}}