{"textures":{"0":"modelengine:entity/dandelion_ascendant","particle":"#0"},"elements":[{"from":[8.0,3.0,9.5],"to":[8.0,8.0,15.5],"faces":{"east":{"uv":[0.75,6.375,1.5,7.0],"tintindex":0,"rotation":0,"texture":"#0"},"west":{"uv":[1.5,6.375,0.75,7.0],"tintindex":0,"rotation":0,"texture":"#0"}}},{"from":[6.0,1.0,6.0],"to":[10.0,8.0,10.0],"faces":{"east":{"uv":[0.75,7.125,1.25,8.0],"tintindex":0,"rotation":0,"texture":"#0"},"south":{"uv":[4.625,7.125,5.125,8.0],"tintindex":0,"rotation":0,"texture":"#0"},"north":{"uv":[7.0,3.875,7.5,4.75],"tintindex":0,"rotation":0,"texture":"#0"},"west":{"uv":[0.0,7.25,0.5,8.125],"tintindex":0,"rotation":0,"texture":"#0"},"up":{"uv":[8.75,4.375,8.25,3.875],"tintindex":0,"rotation":0,"texture":"#0"},"down":{"uv":[8.75,5.75,8.25,6.25],"tintindex":0,"rotation":0,"texture":"#0"}}}],"display":{"head":{"rotation":[0.0,0.0,0.0]},"firstperson_righthand":{"rotation":[0.0,0.0,0.0]},"thirdperson_lefthand":{"rotation":[0.0,-0.0,-0.0]},"firstperson_lefthand":{"rotation":[0.0,-0.0,-0.0]},"fixed":{"rotation":[0.0,0.0,0.0]},"ground":{"rotation":[0.0,0.0,0.0]},"thirdperson_righthand":{"rotation":[0.0,0.0,0.0]},"gui":{"rotation":[-150.0,-45.0,180.0]}}}