{"textures":{"0":"modelengine:entity/dandelion_ascendant","particle":"#0"},"elements":[{"from":[4.0,8.0,8.0],"to":[4.0,16.0,14.0],"faces":{"east":{"uv":[3.0,5.125,2.25,6.125],"tintindex":0,"rotation":0,"texture":"#0"},"west":{"uv":[2.25,5.125,3.0,6.125],"tintindex":0,"rotation":0,"texture":"#0"}},"rotation":{"origin":[4.0,11.0,8.0],"angle":-45.0,"axis":"y"}},{"from":[-1.0,14.0,8.0],"to":[5.0,21.0,8.0],"faces":{"south":{"uv":[6.125,0.75,5.375,1.625],"tintindex":0,"rotation":0,"texture":"#0"},"north":{"uv":[5.375,0.75,6.125,1.625],"tintindex":0,"rotation":0,"texture":"#0"}}},{"from":[11.0,14.0,7.0],"to":[14.0,18.0,9.0],"faces":{"east":{"uv":[9.625,1.125,9.875,1.625],"tintindex":0,"rotation":0,"texture":"#0"},"south":{"uv":[3.625,9.125,4.0,9.625],"tintindex":0,"rotation":0,"texture":"#0"},"north":{"uv":[3.125,9.125,3.5,9.625],"tintindex":0,"rotation":0,"texture":"#0"},"west":{"uv":[9.625,1.75,9.875,2.25],"tintindex":0,"rotation":0,"texture":"#0"},"up":{"uv":[9.0,10.0,8.625,9.75],"tintindex":0,"rotation":0,"texture":"#0"},"down":{"uv":[9.5,9.75,9.125,10.0],"tintindex":0,"rotation":0,"texture":"#0"}}},{"from":[3.0,16.0,8.0],"to":[13.0,16.0,14.0],"faces":{"up":{"uv":[5.25,2.5,4.0,1.75],"tintindex":0,"rotation":0,"texture":"#0"},"down":{"uv":[3.5,4.25,2.25,5.0],"tintindex":0,"rotation":0,"texture":"#0"}},"rotation":{"origin":[8.0,16.0,8.0],"angle":-45.0,"axis":"x"}},{"from":[3.975,8.0,4.0],"to":[12.025,16.0,12.0],"faces":{"east":{"uv":[1.75,1.125,2.75,2.125],"tintindex":0,"rotation":0,"texture":"#0"},"south":{"uv":[1.75,2.25,2.75,3.25],"tintindex":0,"rotation":0,"texture":"#0"},"north":{"uv":[1.75,0.0,2.75,1.0],"tintindex":0,"rotation":0,"texture":"#0"},"west":{"uv":[2.875,0.0,3.875,1.0],"tintindex":0,"rotation":0,"texture":"#0"},"up":{"uv":[3.875,2.125,2.875,1.125],"tintindex":0,"rotation":0,"texture":"#0"},"down":{"uv":[3.875,2.25,2.875,3.25],"tintindex":0,"rotation":0,"texture":"#0"}}},{"from":[5.0,11.5,3.5],"to":[7.0,12.5,4.5],"faces":{"east":{"uv":[6.0,4.25,5.875,4.375],"tintindex":0,"rotation":0,"texture":"#0"},"south":{"uv":[6.875,0.5,6.625,0.625],"tintindex":0,"rotation":0,"texture":"#0"},"north":{"uv":[1.0,6.125,0.75,6.25],"tintindex":0,"rotation":0,"texture":"#0"},"west":{"uv":[6.0,4.0,5.875,4.125],"tintindex":0,"rotation":0,"texture":"#0"},"up":{"uv":[7.25,0.5,7.0,0.625],"tintindex":0,"rotation":0,"texture":"#0"},"down":{"uv":[7.5,3.625,7.25,3.75],"tintindex":0,"rotation":0,"texture":"#0"}},"rotation":{"origin":[5.5,12.25,4.0],"angle":-22.5,"axis":"z"}},{"from":[11.0,14.0,8.0],"to":[17.0,21.0,8.0],"faces":{"south":{"uv":[5.375,0.75,6.125,1.625],"tintindex":0,"rotation":0,"texture":"#0"},"north":{"uv":[6.125,0.75,5.375,1.625],"tintindex":0,"rotation":0,"texture":"#0"}}},{"from":[9.0,11.5,3.5],"to":[11.0,12.5,4.5],"faces":{"east":{"uv":[5.875,4.0,6.0,4.125],"tintindex":0,"rotation":0,"texture":"#0"},"south":{"uv":[6.625,0.5,6.875,0.625],"tintindex":0,"rotation":0,"texture":"#0"},"north":{"uv":[0.75,6.125,1.0,6.25],"tintindex":0,"rotation":0,"texture":"#0"},"west":{"uv":[5.875,4.25,6.0,4.375],"tintindex":0,"rotation":0,"texture":"#0"},"up":{"uv":[7.25,0.625,7.0,0.5],"tintindex":0,"rotation":0,"texture":"#0"},"down":{"uv":[7.5,3.625,7.25,3.75],"tintindex":0,"rotation":0,"texture":"#0"}},"rotation":{"origin":[10.5,12.25,4.0],"angle":22.5,"axis":"z"}},{"from":[8.0,8.0,5.0],"to":[8.0,20.0,18.0],"faces":{"east":{"uv":[0.0,0.0,1.625,1.5],"tintindex":0,"rotation":0,"texture":"#0"},"west":{"uv":[0.0,1.625,1.625,3.125],"tintindex":0,"rotation":0,"texture":"#0"}}},{"from":[12.0,8.0,8.0],"to":[12.0,16.0,14.0],"faces":{"east":{"uv":[5.0,3.375,5.75,4.375],"tintindex":0,"rotation":0,"texture":"#0"},"west":{"uv":[5.75,3.375,5.0,4.375],"tintindex":0,"rotation":0,"texture":"#0"}},"rotation":{"origin":[12.0,11.0,8.0],"angle":45.0,"axis":"y"}},{"from":[2.0,14.0,7.0],"to":[5.0,18.0,9.0],"faces":{"east":{"uv":[2.375,9.625,2.625,10.125],"tintindex":0,"rotation":0,"texture":"#0"},"south":{"uv":[5.75,9.25,6.125,9.75],"tintindex":0,"rotation":0,"texture":"#0"},"north":{"uv":[5.25,9.25,5.625,9.75],"tintindex":0,"rotation":0,"texture":"#0"},"west":{"uv":[9.625,2.375,9.875,2.875],"tintindex":0,"rotation":0,"texture":"#0"},"up":{"uv":[10.0,10.0,9.625,9.75],"tintindex":0,"rotation":0,"texture":"#0"},"down":{"uv":[10.25,0.0,9.875,0.25],"tintindex":0,"rotation":0,"texture":"#0"}}},{"from":[5.975,8.0,2.0],"to":[10.025,11.0,4.0],"faces":{"east":{"uv":[5.0,4.5,5.25,4.875],"tintindex":0,"rotation":0,"texture":"#0"},"south":{"uv":[6.25,9.25,6.75,9.625],"tintindex":0,"rotation":0,"texture":"#0"},"north":{"uv":[9.25,5.25,9.75,5.625],"tintindex":0,"rotation":0,"texture":"#0"},"west":{"uv":[5.125,9.875,5.375,10.25],"tintindex":0,"rotation":0,"texture":"#0"},"up":{"uv":[6.75,1.625,6.25,1.375],"tintindex":0,"rotation":0,"texture":"#0"},"down":{"uv":[9.5,2.0,9.0,2.25],"tintindex":0,"rotation":0,"texture":"#0"}}}],"display":{"head":{"rotation":[0.0,0.0,0.0]},"firstperson_righthand":{"rotation":[0.0,0.0,0.0]},"thirdperson_lefthand":{"rotation":[0.0,-0.0,-0.0]},"firstperson_lefthand":{"rotation":[0.0,-0.0,-0.0]},"fixed":{"rotation":[0.0,0.0,0.0]},"ground":{"rotation":[0.0,0.0,0.0]},"thirdperson_righthand":{"rotation":[0.0,0.0,0.0]},"gui":{"rotation":[-150.0,-45.0,180.0]}}}