{"textures":{"0":"modelengine:entity/dandelion_ascendant","particle":"#0"},"elements":[{"from":[5.5,-2.0,5.5],"to":[10.5,6.0,10.5],"faces":{"east":{"uv":[6.125,1.75,6.75,2.75],"tintindex":0,"rotation":0,"texture":"#0"},"south":{"uv":[3.125,6.125,3.75,7.125],"tintindex":0,"rotation":0,"texture":"#0"},"north":{"uv":[0.0,6.125,0.625,7.125],"tintindex":0,"rotation":0,"texture":"#0"},"west":{"uv":[3.875,6.125,4.5,7.125],"tintindex":0,"rotation":0,"texture":"#0"},"up":{"uv":[8.0,8.0,7.375,7.375],"tintindex":0,"rotation":0,"texture":"#0"},"down":{"uv":[8.125,1.25,7.5,1.875],"tintindex":0,"rotation":0,"texture":"#0"}}}],"display":{"head":{"rotation":[0.0,0.0,0.0]},"firstperson_righthand":{"rotation":[0.0,0.0,0.0]},"thirdperson_lefthand":{"rotation":[0.0,-0.0,-0.0]},"firstperson_lefthand":{"rotation":[0.0,-0.0,-0.0]},"fixed":{"rotation":[0.0,0.0,0.0]},"ground":{"rotation":[0.0,0.0,0.0]},"thirdperson_righthand":{"rotation":[0.0,0.0,0.0]},"gui":{"rotation":[-150.0,-45.0,180.0]}}}