{"textures":{"0":"modelengine:entity/dandelion_ascendant","particle":"#0"},"elements":[{"from":[5.5,-2.0,5.5],"to":[10.5,6.0,10.5],"faces":{"east":{"uv":[5.375,4.5,6.0,5.5],"tintindex":0,"rotation":0,"texture":"#0"},"south":{"uv":[5.375,5.625,6.0,6.625],"tintindex":0,"rotation":0,"texture":"#0"},"north":{"uv":[5.375,1.75,6.0,2.75],"tintindex":0,"rotation":0,"texture":"#0"},"west":{"uv":[5.875,2.875,6.5,3.875],"tintindex":0,"rotation":0,"texture":"#0"},"up":{"uv":[7.875,3.5,7.25,2.875],"tintindex":0,"rotation":0,"texture":"#0"},"down":{"uv":[8.0,0.5,7.375,1.125],"tintindex":0,"rotation":0,"texture":"#0"}}}],"display":{"head":{"rotation":[0.0,0.0,0.0]},"firstperson_righthand":{"rotation":[0.0,0.0,0.0]},"thirdperson_lefthand":{"rotation":[0.0,-0.0,-0.0]},"firstperson_lefthand":{"rotation":[0.0,-0.0,-0.0]},"fixed":{"rotation":[0.0,0.0,0.0]},"ground":{"rotation":[0.0,0.0,0.0]},"thirdperson_righthand":{"rotation":[0.0,0.0,0.0]},"gui":{"rotation":[-150.0,-45.0,180.0]}}}