{"textures":{"0":"modelengine:entity/dandelion_ascendant","particle":"#0"},"elements":[{"from":[4.0,4.0,9.0],"to":[12.0,12.0,9.0],"faces":{"south":{"uv":[1.125,3.375,2.125,4.375],"tintindex":0,"rotation":0,"texture":"#0"},"north":{"uv":[0.0,3.25,1.0,4.25],"tintindex":0,"rotation":0,"texture":"#0"}}},{"from":[3.0,1.0,9.0],"to":[13.0,6.0,9.0],"faces":{"south":{"uv":[5.25,3.25,4.0,2.625],"tintindex":0,"rotation":0,"texture":"#0"},"north":{"uv":[4.0,3.25,5.25,2.625],"tintindex":0,"rotation":0,"texture":"#0"}},"rotation":{"origin":[8.0,6.0,9.0],"angle":-45.0,"axis":"x"}},{"from":[10.0,3.0,9.0],"to":[15.0,13.0,9.0],"faces":{"south":{"uv":[5.25,3.25,4.0,2.625],"tintindex":0,"rotation":270,"texture":"#0"},"north":{"uv":[4.0,3.25,5.25,2.625],"tintindex":0,"rotation":90,"texture":"#0"}},"rotation":{"origin":[10.0,8.0,9.0],"angle":-45.0,"axis":"y"}},{"from":[3.0,10.0,9.0],"to":[13.0,15.0,9.0],"faces":{"south":{"uv":[5.25,2.625,4.0,3.25],"tintindex":0,"rotation":0,"texture":"#0"},"north":{"uv":[4.0,2.625,5.25,3.25],"tintindex":0,"rotation":0,"texture":"#0"}},"rotation":{"origin":[8.0,10.0,9.0],"angle":45.0,"axis":"x"}},{"from":[1.0,3.0,9.0],"to":[6.0,13.0,9.0],"faces":{"south":{"uv":[5.25,2.625,4.0,3.25],"tintindex":0,"rotation":270,"texture":"#0"},"north":{"uv":[4.0,2.625,5.25,3.25],"tintindex":0,"rotation":90,"texture":"#0"}},"rotation":{"origin":[6.0,8.0,9.0],"angle":45.0,"axis":"y"}},{"from":[6.0,6.0,8.0],"to":[10.0,10.0,12.0],"faces":{"east":{"uv":[3.5,8.5,4.0,9.0],"tintindex":0,"rotation":0,"texture":"#0"},"south":{"uv":[5.625,8.625,6.125,9.125],"tintindex":0,"rotation":0,"texture":"#0"},"north":{"uv":[2.875,8.5,3.375,9.0],"tintindex":0,"rotation":0,"texture":"#0"},"west":{"uv":[6.25,8.625,6.75,9.125],"tintindex":0,"rotation":0,"texture":"#0"},"up":{"uv":[9.125,8.5,8.625,8.0],"tintindex":0,"rotation":0,"texture":"#0"},"down":{"uv":[9.125,8.625,8.625,9.125],"tintindex":0,"rotation":0,"texture":"#0"}}},{"from":[7.0,7.0,12.0],"to":[9.0,9.0,16.0],"faces":{"east":{"uv":[9.375,7.25,9.875,7.5],"tintindex":0,"rotation":0,"texture":"#0"},"south":{"uv":[8.25,9.875,8.5,10.125],"tintindex":0,"rotation":0,"texture":"#0"},"north":{"uv":[9.875,8.0,10.125,8.25],"tintindex":0,"rotation":0,"texture":"#0"},"west":{"uv":[9.625,3.0,10.125,3.25],"tintindex":0,"rotation":0,"texture":"#0"},"up":{"uv":[3.0,10.125,2.75,9.625],"tintindex":0,"rotation":0,"texture":"#0"},"down":{"uv":[9.875,3.375,9.625,3.875],"tintindex":0,"rotation":0,"texture":"#0"}}}],"display":{"head":{"rotation":[0.0,0.0,0.0]},"firstperson_righthand":{"rotation":[0.0,0.0,0.0]},"thirdperson_lefthand":{"rotation":[0.0,-0.0,-0.0]},"firstperson_lefthand":{"rotation":[0.0,-0.0,-0.0]},"fixed":{"rotation":[0.0,0.0,0.0]},"ground":{"rotation":[0.0,0.0,0.0]},"thirdperson_righthand":{"rotation":[0.0,0.0,0.0]},"gui":{"rotation":[-150.0,-45.0,180.0]}}}