{"textures":{"0":"modelengine:entity/dandelion_ascendant","particle":"#0"},"elements":[{"from":[7.0,7.0,8.0],"to":[9.0,9.0,19.0],"faces":{"east":{"uv":[7.5,2.0,8.875,2.25],"tintindex":0,"rotation":0,"texture":"#0"},"south":{"uv":[7.875,9.875,8.125,10.125],"tintindex":0,"rotation":0,"texture":"#0"},"north":{"uv":[7.5,9.875,7.75,10.125],"tintindex":0,"rotation":0,"texture":"#0"},"west":{"uv":[7.75,5.375,9.125,5.625],"tintindex":0,"rotation":0,"texture":"#0"},"up":{"uv":[5.5,9.125,5.25,7.75],"tintindex":0,"rotation":0,"texture":"#0"},"down":{"uv":[8.125,5.75,7.875,7.125],"tintindex":0,"rotation":0,"texture":"#0"}}}],"display":{"head":{"rotation":[0.0,0.0,0.0]},"firstperson_righthand":{"rotation":[0.0,0.0,0.0]},"thirdperson_lefthand":{"rotation":[0.0,-0.0,-0.0]},"firstperson_lefthand":{"rotation":[0.0,-0.0,-0.0]},"fixed":{"rotation":[0.0,0.0,0.0]},"ground":{"rotation":[0.0,0.0,0.0]},"thirdperson_righthand":{"rotation":[0.0,0.0,0.0]},"gui":{"rotation":[-150.0,-45.0,180.0]}}}