{"textures":{"0":"modelengine:entity/dandelion_ascendant","particle":"#0"},"elements":[{"from":[7.0,7.0,8.0],"to":[9.0,9.0,18.0],"faces":{"east":{"uv":[7.875,0.0,9.125,0.25],"tintindex":0,"rotation":0,"texture":"#0"},"south":{"uv":[7.125,9.875,7.375,10.125],"tintindex":0,"rotation":0,"texture":"#0"},"north":{"uv":[6.75,9.875,7.0,10.125],"tintindex":0,"rotation":0,"texture":"#0"},"west":{"uv":[8.0,2.875,9.25,3.125],"tintindex":0,"rotation":0,"texture":"#0"},"up":{"uv":[0.875,9.375,0.625,8.125],"tintindex":0,"rotation":0,"texture":"#0"},"down":{"uv":[1.25,8.125,1.0,9.375],"tintindex":0,"rotation":0,"texture":"#0"}}}],"display":{"head":{"rotation":[0.0,0.0,0.0]},"firstperson_righthand":{"rotation":[0.0,0.0,0.0]},"thirdperson_lefthand":{"rotation":[0.0,-0.0,-0.0]},"firstperson_lefthand":{"rotation":[0.0,-0.0,-0.0]},"fixed":{"rotation":[0.0,0.0,0.0]},"ground":{"rotation":[0.0,0.0,0.0]},"thirdperson_righthand":{"rotation":[0.0,0.0,0.0]},"gui":{"rotation":[-150.0,-45.0,180.0]}}}