{"textures":{"0":"modelengine:entity/dandelion_ascendant","particle":"#0"},"elements":[{"from":[6.5,-1.0,6.5],"to":[9.5,8.025,9.5],"faces":{"east":{"uv":[7.375,6.125,7.75,7.25],"tintindex":0,"rotation":0,"texture":"#0"},"south":{"uv":[6.375,7.375,6.75,8.5],"tintindex":0,"rotation":0,"texture":"#0"},"north":{"uv":[5.875,7.375,6.25,8.5],"tintindex":0,"rotation":0,"texture":"#0"},"west":{"uv":[6.875,7.375,7.25,8.5],"tintindex":0,"rotation":0,"texture":"#0"},"up":{"uv":[10.0,1.0,9.625,0.625],"tintindex":0,"rotation":0,"texture":"#0"},"down":{"uv":[1.5,9.625,1.125,10.0],"tintindex":0,"rotation":0,"texture":"#0"}}},{"from":[6.0,4.0,7.5],"to":[10.0,8.0,10.5],"faces":{"east":{"uv":[9.375,0.0,9.75,0.5],"tintindex":0,"rotation":0,"texture":"#0"},"south":{"uv":[0.0,8.875,0.5,9.375],"tintindex":0,"rotation":0,"texture":"#0"},"north":{"uv":[8.0,8.75,8.5,9.25],"tintindex":0,"rotation":0,"texture":"#0"},"west":{"uv":[4.125,9.375,4.5,9.875],"tintindex":0,"rotation":0,"texture":"#0"},"up":{"uv":[9.875,7.125,9.375,6.75],"tintindex":0,"rotation":0,"texture":"#0"},"down":{"uv":[7.875,9.375,7.375,9.75],"tintindex":0,"rotation":0,"texture":"#0"}}}],"display":{"head":{"rotation":[0.0,0.0,0.0]},"firstperson_righthand":{"rotation":[0.0,0.0,0.0]},"thirdperson_lefthand":{"rotation":[0.0,-0.0,-0.0]},"firstperson_lefthand":{"rotation":[0.0,-0.0,-0.0]},"fixed":{"rotation":[0.0,0.0,0.0]},"ground":{"rotation":[0.0,0.0,0.0]},"thirdperson_righthand":{"rotation":[0.0,0.0,0.0]},"gui":{"rotation":[-150.0,-45.0,180.0]}}}