{"textures":{"0":"modelengine:entity/dandelion_ascendant","particle":"#0"},"elements":[{"from":[6.5,-1.0,6.5],"to":[9.5,8.0,9.5],"faces":{"east":{"uv":[3.375,7.25,3.75,8.375],"tintindex":0,"rotation":0,"texture":"#0"},"south":{"uv":[3.875,7.25,4.25,8.375],"tintindex":0,"rotation":0,"texture":"#0"},"north":{"uv":[2.875,7.25,3.25,8.375],"tintindex":0,"rotation":0,"texture":"#0"},"west":{"uv":[7.25,4.875,7.625,6.0],"tintindex":0,"rotation":0,"texture":"#0"},"up":{"uv":[9.875,6.125,9.5,5.75],"tintindex":0,"rotation":0,"texture":"#0"},"down":{"uv":[9.875,6.25,9.5,6.625],"tintindex":0,"rotation":0,"texture":"#0"}}},{"from":[6.0,4.0,7.5],"to":[10.0,8.0,10.5],"faces":{"east":{"uv":[6.875,9.25,7.25,9.75],"tintindex":0,"rotation":0,"texture":"#0"},"south":{"uv":[8.75,7.0,9.25,7.5],"tintindex":0,"rotation":0,"texture":"#0"},"north":{"uv":[8.75,0.375,9.25,0.875],"tintindex":0,"rotation":0,"texture":"#0"},"west":{"uv":[9.25,7.625,9.625,8.125],"tintindex":0,"rotation":0,"texture":"#0"},"up":{"uv":[9.75,8.625,9.25,8.25],"tintindex":0,"rotation":0,"texture":"#0"},"down":{"uv":[9.125,9.25,8.625,9.625],"tintindex":0,"rotation":0,"texture":"#0"}}}],"display":{"head":{"rotation":[0.0,0.0,0.0]},"firstperson_righthand":{"rotation":[0.0,0.0,0.0]},"thirdperson_lefthand":{"rotation":[0.0,-0.0,-0.0]},"firstperson_lefthand":{"rotation":[0.0,-0.0,-0.0]},"fixed":{"rotation":[0.0,0.0,0.0]},"ground":{"rotation":[0.0,0.0,0.0]},"thirdperson_righthand":{"rotation":[0.0,0.0,0.0]},"gui":{"rotation":[-150.0,-45.0,180.0]}}}