{"textures":{"0":"modelengine:entity/dandelion_ascendant","particle":"#0"},"elements":[{"from":[4.0,10.0,6.0],"to":[12.0,16.0,10.0],"faces":{"east":{"uv":[7.625,3.625,8.125,4.375],"tintindex":0,"rotation":0,"texture":"#0"},"south":{"uv":[1.125,4.5,2.125,5.25],"tintindex":0,"rotation":0,"texture":"#0"},"north":{"uv":[0.0,4.375,1.0,5.125],"tintindex":0,"rotation":0,"texture":"#0"},"west":{"uv":[7.75,4.5,8.25,5.25],"tintindex":0,"rotation":0,"texture":"#0"},"up":{"uv":[7.125,6.25,6.125,5.75],"tintindex":0,"rotation":0,"texture":"#0"},"down":{"uv":[7.25,0.75,6.25,1.25],"tintindex":0,"rotation":0,"texture":"#0"}}},{"from":[3.0,15.0,5.0],"to":[13.0,21.0,11.0],"faces":{"east":{"uv":[6.125,4.0,6.875,4.75],"tintindex":0,"rotation":0,"texture":"#0"},"south":{"uv":[3.625,3.375,4.875,4.125],"tintindex":0,"rotation":0,"texture":"#0"},"north":{"uv":[2.25,3.375,3.5,4.125],"tintindex":0,"rotation":0,"texture":"#0"},"west":{"uv":[6.125,4.875,6.875,5.625],"tintindex":0,"rotation":0,"texture":"#0"},"up":{"uv":[5.25,0.75,4.0,0.0],"tintindex":0,"rotation":0,"texture":"#0"},"down":{"uv":[5.25,0.875,4.0,1.625],"tintindex":0,"rotation":0,"texture":"#0"}}},{"from":[3.5,7.0,5.5],"to":[12.5,10.0,10.5],"faces":{"east":{"uv":[8.125,2.375,8.75,2.75],"tintindex":0,"rotation":0,"texture":"#0"},"south":{"uv":[6.875,2.375,8.0,2.75],"tintindex":0,"rotation":0,"texture":"#0"},"north":{"uv":[6.625,0.0,7.75,0.375],"tintindex":0,"rotation":0,"texture":"#0"},"west":{"uv":[8.875,1.0,9.5,1.375],"tintindex":0,"rotation":0,"texture":"#0"},"up":{"uv":[1.125,6.0,0.0,5.375],"tintindex":0,"rotation":0,"texture":"#0"},"down":{"uv":[6.5,0.0,5.375,0.625],"tintindex":0,"rotation":0,"texture":"#0"}}}],"display":{"head":{"rotation":[0.0,0.0,0.0]},"firstperson_righthand":{"rotation":[0.0,0.0,0.0]},"thirdperson_lefthand":{"rotation":[0.0,-0.0,-0.0]},"firstperson_lefthand":{"rotation":[0.0,-0.0,-0.0]},"fixed":{"rotation":[0.0,0.0,0.0]},"ground":{"rotation":[0.0,0.0,0.0]},"thirdperson_righthand":{"rotation":[0.0,0.0,0.0]},"gui":{"rotation":[-150.0,-45.0,180.0]}}}