{"textures":{"0":"modelengine:entity/dandelion_ascendant","particle":"#0"},"elements":[{"from":[6.0,3.0,6.0],"to":[10.0,6.0,10.0],"faces":{"east":{"uv":[9.0,4.25,9.5,4.625],"tintindex":0,"rotation":0,"texture":"#0"},"south":{"uv":[9.0,4.75,9.5,5.125],"tintindex":0,"rotation":0,"texture":"#0"},"north":{"uv":[1.875,9.0,2.375,9.375],"tintindex":0,"rotation":0,"texture":"#0"},"west":{"uv":[2.5,9.125,3.0,9.5],"tintindex":0,"rotation":0,"texture":"#0"},"up":{"uv":[8.75,6.875,8.25,6.375],"tintindex":0,"rotation":0,"texture":"#0"},"down":{"uv":[8.875,4.5,8.375,5.0],"tintindex":0,"rotation":0,"texture":"#0"}}},{"from":[6.5,6.0,6.5],"to":[9.5,8.0,9.5],"faces":{"east":{"uv":[3.625,9.75,4.0,10.0],"tintindex":0,"rotation":0,"texture":"#0"},"south":{"uv":[6.25,9.75,6.625,10.0],"tintindex":0,"rotation":0,"texture":"#0"},"north":{"uv":[3.125,9.75,3.5,10.0],"tintindex":0,"rotation":0,"texture":"#0"},"west":{"uv":[9.75,7.625,10.125,7.875],"tintindex":0,"rotation":0,"texture":"#0"},"up":{"uv":[2.25,9.875,1.875,9.5],"tintindex":0,"rotation":0,"texture":"#0"},"down":{"uv":[5.0,9.5,4.625,9.875],"tintindex":0,"rotation":0,"texture":"#0"}}}],"display":{"head":{"rotation":[0.0,0.0,0.0]},"firstperson_righthand":{"rotation":[0.0,0.0,0.0]},"thirdperson_lefthand":{"rotation":[0.0,-0.0,-0.0]},"firstperson_lefthand":{"rotation":[0.0,-0.0,-0.0]},"fixed":{"rotation":[0.0,0.0,0.0]},"ground":{"rotation":[0.0,0.0,0.0]},"thirdperson_righthand":{"rotation":[0.0,0.0,0.0]},"gui":{"rotation":[-150.0,-45.0,180.0]}}}