{"textures":{"0":"modelengine:entity/dandelion_ascendant","particle":"#0"},"elements":[{"from":[6.5,6.0,6.5],"to":[9.5,8.0,9.5],"faces":{"east":{"uv":[9.625,4.0,10.0,4.25],"tintindex":0,"rotation":0,"texture":"#0"},"south":{"uv":[9.625,4.375,10.0,4.625],"tintindex":0,"rotation":0,"texture":"#0"},"north":{"uv":[8.75,7.625,9.125,7.875],"tintindex":0,"rotation":0,"texture":"#0"},"west":{"uv":[9.625,4.75,10.0,5.0],"tintindex":0,"rotation":0,"texture":"#0"},"up":{"uv":[5.75,3.25,5.375,2.875],"tintindex":0,"rotation":0,"texture":"#0"},"down":{"uv":[1.0,9.5,0.625,9.875],"tintindex":0,"rotation":0,"texture":"#0"}}},{"from":[6.0,3.0,6.0],"to":[10.0,6.0,10.0],"faces":{"east":{"uv":[8.875,5.75,9.375,6.125],"tintindex":0,"rotation":0,"texture":"#0"},"south":{"uv":[8.875,6.25,9.375,6.625],"tintindex":0,"rotation":0,"texture":"#0"},"north":{"uv":[4.125,8.875,4.625,9.25],"tintindex":0,"rotation":0,"texture":"#0"},"west":{"uv":[7.375,8.875,7.875,9.25],"tintindex":0,"rotation":0,"texture":"#0"},"up":{"uv":[8.75,1.625,8.25,1.125],"tintindex":0,"rotation":0,"texture":"#0"},"down":{"uv":[8.75,3.25,8.25,3.75],"tintindex":0,"rotation":0,"texture":"#0"}}}],"display":{"head":{"rotation":[0.0,0.0,0.0]},"firstperson_righthand":{"rotation":[0.0,0.0,0.0]},"thirdperson_lefthand":{"rotation":[0.0,-0.0,-0.0]},"firstperson_lefthand":{"rotation":[0.0,-0.0,-0.0]},"fixed":{"rotation":[0.0,0.0,0.0]},"ground":{"rotation":[0.0,0.0,0.0]},"thirdperson_righthand":{"rotation":[0.0,0.0,0.0]},"gui":{"rotation":[-150.0,-45.0,180.0]}}}