{"textures":{"0":"modelengine:entity/nocsy_chibi_blackbird_berserker","particle":"#0"},"elements":[{"from":[7.322598,7.3225985,7.5306025],"to":[8.3225975,8.322598,8.530602],"faces":{"east":{"uv":[7.625,8.125,7.75,8.25],"tintindex":0,"rotation":0,"texture":"#0"},"south":{"uv":[7.875,8.125,8.0,8.25],"tintindex":0,"rotation":0,"texture":"#0"},"north":{"uv":[8.125,5.0,8.25,5.125],"tintindex":0,"rotation":0,"texture":"#0"},"west":{"uv":[8.125,8.125,8.25,8.25],"tintindex":0,"rotation":0,"texture":"#0"},"up":{"uv":[8.375,0.125,8.25,0.0],"tintindex":0,"rotation":0,"texture":"#0"},"down":{"uv":[8.375,0.25,8.25,0.375],"tintindex":0,"rotation":0,"texture":"#0"}},"rotation":{"origin":[8.0,8.0,8.0],"angle":45.0,"axis":"z"}}],"display":{"gui":{"rotation":[-150.0,-45.0,180.0]}}}