{"textures":{"0":"modelengine:entity/nocsy_chibi_blackbird_berserker","particle":"#0"},"elements":[{"from":[5.0,5.5,5.0],"to":[11.0,11.5,11.0],"faces":{"east":{"uv":[0.625,6.125,1.375,6.875],"tintindex":0,"rotation":0,"texture":"#0"},"south":{"uv":[1.5,6.125,2.25,6.875],"tintindex":0,"rotation":0,"texture":"#0"},"north":{"uv":[3.5,6.0,4.25,6.75],"tintindex":0,"rotation":0,"texture":"#0"},"west":{"uv":[2.375,6.25,3.125,7.0],"tintindex":0,"rotation":0,"texture":"#0"},"up":{"uv":[7.0,5.5,6.25,4.75],"tintindex":0,"rotation":0,"texture":"#0"},"down":{"uv":[6.0,6.25,5.25,7.0],"tintindex":0,"rotation":0,"texture":"#0"}}}],"display":{"gui":{"rotation":[-150.0,-45.0,180.0]}}}