{"textures":{"0":"modelengine:entity/nocsy_chibi_blackbird_berserker","particle":"#0"},"elements":[{"from":[5.8,6.75,4.4],"to":[6.8,7.75,4.4],"faces":{"south":{"uv":[8.125,1.75,8.25,1.875],"tintindex":0,"rotation":0,"texture":"#0"},"north":{"uv":[8.125,1.5,8.25,1.625],"tintindex":0,"rotation":0,"texture":"#0"}}},{"from":[4.06174,5.0,4.600547],"to":[4.06174,17.0,17.600548],"faces":{"east":{"uv":[0.0,3.25,1.625,4.75],"tintindex":0,"rotation":0,"texture":"#0"},"west":{"uv":[1.75,3.25,3.375,4.75],"tintindex":0,"rotation":0,"texture":"#0"}},"rotation":{"origin":[4.06174,11.0,11.100547],"angle":-22.5,"axis":"y"}},{"from":[8.9,6.3999996,4.45],"to":[10.9,8.4,4.45],"faces":{"south":{"uv":[7.875,4.0,7.625,4.25],"tintindex":0,"rotation":0,"texture":"#0"},"north":{"uv":[7.625,4.0,7.875,4.25],"tintindex":0,"rotation":0,"texture":"#0"}}},{"from":[5.1,6.3999996,4.45],"to":[7.1,8.4,4.45],"faces":{"south":{"uv":[8.0,1.5,7.75,1.75],"tintindex":0,"rotation":0,"texture":"#0"},"north":{"uv":[7.75,1.5,8.0,1.75],"tintindex":0,"rotation":0,"texture":"#0"}}},{"from":[3.659553,5.0,7.4207296],"to":[3.659553,12.0,15.42073],"faces":{"east":{"uv":[5.625,0.0,4.625,0.875],"tintindex":0,"rotation":0,"texture":"#0"},"west":{"uv":[4.625,0.0,5.625,0.875],"tintindex":0,"rotation":0,"texture":"#0"}},"rotation":{"origin":[6.3941865,8.0,9.07297],"angle":-22.5,"axis":"y"}},{"from":[4.5,5.0,4.5],"to":[11.5,11.0,11.5],"faces":{"east":{"uv":[5.625,3.875,6.5,4.625],"tintindex":0,"rotation":0,"texture":"#0"},"south":{"uv":[5.75,0.0,6.625,0.75],"tintindex":0,"rotation":0,"texture":"#0"},"north":{"uv":[5.625,3.0,6.5,3.75],"tintindex":0,"rotation":0,"texture":"#0"},"west":{"uv":[5.75,0.875,6.625,1.625],"tintindex":0,"rotation":0,"texture":"#0"},"up":{"uv":[6.125,6.125,5.25,5.25],"tintindex":0,"rotation":0,"texture":"#0"},"down":{"uv":[6.5,2.0,5.625,2.875],"tintindex":0,"rotation":0,"texture":"#0"}}},{"from":[9.2,6.75,4.4],"to":[10.2,7.75,4.4],"faces":{"south":{"uv":[8.25,1.75,8.125,1.875],"tintindex":0,"rotation":0,"texture":"#0"},"north":{"uv":[8.25,1.5,8.125,1.625],"tintindex":0,"rotation":0,"texture":"#0"}}},{"from":[8.0,5.0,4.5],"to":[8.0,17.0,17.5],"faces":{"east":{"uv":[0.0,0.0,1.625,1.5],"tintindex":0,"rotation":0,"texture":"#0"},"west":{"uv":[0.0,1.625,1.625,3.125],"tintindex":0,"rotation":0,"texture":"#0"}}},{"from":[4.5,12.56683,5.3820114],"to":[11.5,12.56683,14.382011],"faces":{"up":{"uv":[4.375,3.375,3.5,2.25],"tintindex":0,"rotation":0,"texture":"#0"},"down":{"uv":[4.375,2.25,3.5,3.375],"tintindex":0,"rotation":0,"texture":"#0"}},"rotation":{"origin":[8.0,9.56683,8.882011],"angle":-22.5,"axis":"x"}},{"from":[12.340446,5.0,7.4207296],"to":[12.340446,12.0,15.42073],"faces":{"east":{"uv":[4.625,1.0,5.625,1.875],"tintindex":0,"rotation":0,"texture":"#0"},"west":{"uv":[5.625,1.0,4.625,1.875],"tintindex":0,"rotation":0,"texture":"#0"}},"rotation":{"origin":[9.605814,8.0,9.07297],"angle":22.5,"axis":"y"}},{"from":[11.93826,5.0,4.600547],"to":[11.93826,17.0,17.600548],"faces":{"east":{"uv":[1.75,0.0,3.375,1.5],"tintindex":0,"rotation":0,"texture":"#0"},"west":{"uv":[1.75,1.625,3.375,3.125],"tintindex":0,"rotation":0,"texture":"#0"}},"rotation":{"origin":[11.93826,11.0,11.100547],"angle":22.5,"axis":"y"}}],"display":{"gui":{"rotation":[-150.0,-45.0,180.0]}}}