{"textures":{"0":"modelengine:entity/nocsy_chibi_blackbird_berserker","particle":"#0"},"elements":[{"from":[7.0116096,5.5086718,6.3691063],"to":[9.011609,8.508672,9.369106],"faces":{"east":{"uv":[5.625,4.75,6.0,5.125],"tintindex":0,"rotation":0,"texture":"#0"},"south":{"uv":[7.25,0.5,7.5,0.875],"tintindex":0,"rotation":0,"texture":"#0"},"north":{"uv":[7.25,0.0,7.5,0.375],"tintindex":0,"rotation":0,"texture":"#0"},"west":{"uv":[1.125,7.0,1.5,7.375],"tintindex":0,"rotation":0,"texture":"#0"},"up":{"uv":[4.625,7.625,4.375,7.25],"tintindex":0,"rotation":0,"texture":"#0"},"down":{"uv":[5.0,7.25,4.75,7.625],"tintindex":0,"rotation":0,"texture":"#0"}}}],"display":{"gui":{"rotation":[-150.0,-45.0,180.0]}}}