{"textures":{"0":"modelengine:entity/nocsy_chibi_blackbird_berserker","particle":"#0"},"elements":[{"from":[8.414213,6.5,5.7928934],"to":[9.414213,6.5,8.792893],"faces":{"up":{"uv":[7.875,5.75,7.75,5.375],"tintindex":0,"rotation":0,"texture":"#0"},"down":{"uv":[0.125,7.875,0.0,8.25],"tintindex":0,"rotation":0,"texture":"#0"}},"rotation":{"origin":[8.914213,6.5,7.2928934],"angle":-45.0,"axis":"y"}},{"from":[7.5,6.5,8.0],"to":[8.5,9.5,8.0],"faces":{"south":{"uv":[7.75,2.75,7.875,3.125],"tintindex":0,"rotation":0,"texture":"#0"},"north":{"uv":[7.75,2.25,7.875,2.625],"tintindex":0,"rotation":0,"texture":"#0"}}},{"from":[6.5857863,6.5,5.7928934],"to":[7.5857863,6.5,8.792893],"faces":{"up":{"uv":[4.625,8.125,4.5,7.75],"tintindex":0,"rotation":0,"texture":"#0"},"down":{"uv":[4.875,7.75,4.75,8.125],"tintindex":0,"rotation":0,"texture":"#0"}},"rotation":{"origin":[7.0857863,6.5,7.2928934],"angle":45.0,"axis":"y"}},{"from":[7.5,6.5,5.0],"to":[8.5,6.5,8.0],"faces":{"up":{"uv":[4.375,8.125,4.25,7.75],"tintindex":0,"rotation":0,"texture":"#0"},"down":{"uv":[7.875,4.375,7.75,4.75],"tintindex":0,"rotation":0,"texture":"#0"}}}],"display":{"gui":{"rotation":[-150.0,-45.0,180.0]}}}