{"textures":{"0":"modelengine:entity/nocsy_chibi_blackbird_berserker","particle":"#0"},"elements":[{"from":[7.37951,1.4635773,6.893649],"to":[8.37951,3.4635773,10.893649],"faces":{"east":{"uv":[5.875,7.125,6.375,7.375],"tintindex":0,"rotation":0,"texture":"#0"},"south":{"uv":[8.0,4.375,8.125,4.625],"tintindex":0,"rotation":0,"texture":"#0"},"north":{"uv":[8.0,4.0,8.125,4.25],"tintindex":0,"rotation":0,"texture":"#0"},"west":{"uv":[6.375,7.125,5.875,7.375],"tintindex":0,"rotation":0,"texture":"#0"},"up":{"uv":[3.375,6.75,3.25,6.25],"tintindex":0,"rotation":0,"texture":"#0"},"down":{"uv":[7.75,6.125,7.625,6.625],"tintindex":0,"rotation":0,"texture":"#0"}}},{"from":[7.37951,3.4635773,5.893649],"to":[8.37951,8.463577,10.893649],"faces":{"east":{"uv":[6.25,5.625,6.875,6.25],"tintindex":0,"rotation":0,"texture":"#0"},"south":{"uv":[5.875,7.5,6.0,8.125],"tintindex":0,"rotation":0,"texture":"#0"},"north":{"uv":[7.5,5.375,7.625,6.0],"tintindex":0,"rotation":0,"texture":"#0"},"west":{"uv":[6.875,5.625,6.25,6.25],"tintindex":0,"rotation":0,"texture":"#0"},"up":{"uv":[6.25,8.125,6.125,7.5],"tintindex":0,"rotation":0,"texture":"#0"},"down":{"uv":[6.5,7.5,6.375,8.125],"tintindex":0,"rotation":0,"texture":"#0"}}},{"from":[7.87951,-0.5364227,4.893649],"to":[7.87951,8.463577,10.893649],"faces":{"east":{"uv":[3.5,4.75,4.25,5.875],"tintindex":0,"rotation":0,"texture":"#0"},"west":{"uv":[1.125,4.875,1.875,6.0],"tintindex":0,"rotation":0,"texture":"#0"}}}],"display":{"gui":{"rotation":[-150.0,-45.0,180.0]}}}