{"textures":{"0":"modelengine:entity/nocsy_chibi_blackbird_berserker","particle":"#0"},"elements":[{"from":[3.5,2.4,5.2],"to":[11.5,5.3999996,12.2],"faces":{"east":{"uv":[6.625,3.5,7.5,3.875],"tintindex":0,"rotation":0,"texture":"#0"},"south":{"uv":[6.625,3.0,7.625,3.375],"tintindex":0,"rotation":0,"texture":"#0"},"north":{"uv":[6.625,2.5,7.625,2.875],"tintindex":0,"rotation":0,"texture":"#0"},"west":{"uv":[6.625,4.0,7.5,4.375],"tintindex":0,"rotation":0,"texture":"#0"},"up":{"uv":[5.5,3.125,4.5,2.25],"tintindex":0,"rotation":0,"texture":"#0"},"down":{"uv":[5.5,3.25,4.5,4.125],"tintindex":0,"rotation":0,"texture":"#0"}}}],"display":{"gui":{"rotation":[-150.0,-45.0,180.0]}}}