{"textures":{"0":"modelengine:entity/nocsy_chibi_blackbird_berserker","particle":"#0"},"elements":[{"from":[7.0,7.64693,11.601668],"to":[9.0,8.646931,13.601667],"faces":{"east":{"uv":[7.875,7.375,8.125,7.5],"tintindex":0,"rotation":0,"texture":"#0"},"south":{"uv":[7.875,7.625,8.125,7.75],"tintindex":0,"rotation":0,"texture":"#0"},"north":{"uv":[7.875,6.375,8.125,6.5],"tintindex":0,"rotation":0,"texture":"#0"},"west":{"uv":[7.875,7.875,8.125,8.0],"tintindex":0,"rotation":0,"texture":"#0"},"up":{"uv":[7.875,0.75,7.625,0.5],"tintindex":0,"rotation":0,"texture":"#0"},"down":{"uv":[2.375,7.625,2.125,7.875],"tintindex":0,"rotation":0,"texture":"#0"}}},{"from":[6.0,7.64693,7.6016684],"to":[10.0,8.646931,11.601668],"faces":{"east":{"uv":[0.0,7.625,0.5,7.75],"tintindex":0,"rotation":0,"texture":"#0"},"south":{"uv":[7.625,0.0,8.125,0.125],"tintindex":0,"rotation":0,"texture":"#0"},"north":{"uv":[7.0,6.125,7.5,6.25],"tintindex":0,"rotation":0,"texture":"#0"},"west":{"uv":[7.625,0.25,8.125,0.375],"tintindex":0,"rotation":0,"texture":"#0"},"up":{"uv":[7.25,1.5,6.75,1.0],"tintindex":0,"rotation":0,"texture":"#0"},"down":{"uv":[4.25,6.875,3.75,7.375],"tintindex":0,"rotation":0,"texture":"#0"}}},{"from":[4.0,8.04693,7.6016684],"to":[12.0,8.04693,15.601667],"faces":{"up":{"uv":[4.5,1.0,3.5,0.0],"tintindex":0,"rotation":0,"texture":"#0"},"down":{"uv":[4.5,0.0,3.5,1.0],"tintindex":0,"rotation":0,"texture":"#0"}}}],"display":{"gui":{"rotation":[-150.0,-45.0,180.0]}}}