{"textures":{"0":"modelengine:entity/toffynocsy_owl_lvl1","particle":"#0"},"elements":[{"from":[6.883797,7.701989,7.2532086],"to":[7.883797,8.701989,8.253208],"faces":{"east":{"uv":[8.625,8.375,8.75,8.5],"tintindex":0,"rotation":0,"texture":"#0"},"south":{"uv":[8.625,8.625,8.75,8.75],"tintindex":0,"rotation":0,"texture":"#0"},"north":{"uv":[8.625,8.125,8.75,8.25],"tintindex":0,"rotation":0,"texture":"#0"},"west":{"uv":[0.75,8.75,0.875,8.875],"tintindex":0,"rotation":0,"texture":"#0"},"up":{"uv":[8.875,1.875,8.75,1.75],"tintindex":0,"rotation":0,"texture":"#0"},"down":{"uv":[8.875,2.0,8.75,2.125],"tintindex":0,"rotation":0,"texture":"#0"}},"rotation":{"origin":[7.2928934,7.2928934,7.3999996],"angle":-45.0,"axis":"z"}}],"display":{"gui":{"rotation":[-150.0,-45.0,180.0]}}}