{"textures":{"0":"modelengine:entity/toffynocsy_owl_lvl1","particle":"#0"},"elements":[{"from":[9.049267,9.237591,4.6943817],"to":[9.449267,9.63759,4.6943817],"faces":{"south":{"uv":[8.125,8.625,8.25,8.75],"tintindex":0,"rotation":0,"texture":"#0"},"north":{"uv":[8.625,7.875,8.75,8.0],"tintindex":0,"rotation":0,"texture":"#0"}}},{"from":[6.4483414,12.647308,9.744382],"to":[10.448341,14.647308,11.6443815],"faces":{"east":{"uv":[8.0,3.125,8.25,3.375],"tintindex":0,"rotation":0,"texture":"#0"},"south":{"uv":[7.375,4.75,7.875,5.0],"tintindex":0,"rotation":0,"texture":"#0"},"north":{"uv":[7.375,4.375,7.875,4.625],"tintindex":0,"rotation":0,"texture":"#0"},"west":{"uv":[8.0,3.5,8.25,3.75],"tintindex":0,"rotation":0,"texture":"#0"},"up":{"uv":[7.875,6.625,7.375,6.375],"tintindex":0,"rotation":0,"texture":"#0"},"down":{"uv":[7.875,6.75,7.375,7.0],"tintindex":0,"rotation":0,"texture":"#0"}},"rotation":{"origin":[8.448341,8.647308,4.7443814],"angle":22.5,"axis":"z"}},{"from":[8.974058,9.4965105,4.3063216],"to":[11.724058,9.4965105,5.3563213],"faces":{"up":{"uv":[9.875,8.25,10.125,8.125],"tintindex":0,"rotation":0,"texture":"#0"},"down":{"uv":[9.875,8.125,10.125,8.25],"tintindex":0,"rotation":0,"texture":"#0"}},"rotation":{"origin":[8.0,9.9965105,5.1563215],"angle":45.0,"axis":"x"}},{"from":[7.526543,7.6926947,3.7443814],"to":[13.526543,8.692695,9.744382],"faces":{"east":{"uv":[7.5,0.375,8.25,0.5],"tintindex":0,"rotation":0,"texture":"#0"},"south":{"uv":[7.5,0.625,8.25,0.75],"tintindex":0,"rotation":0,"texture":"#0"},"north":{"uv":[6.875,2.375,7.625,2.5],"tintindex":0,"rotation":0,"texture":"#0"},"west":{"uv":[7.5,0.875,8.25,1.0],"tintindex":0,"rotation":0,"texture":"#0"},"up":{"uv":[4.875,4.875,4.125,4.125],"tintindex":0,"rotation":0,"texture":"#0"},"down":{"uv":[5.25,1.75,4.5,2.5],"tintindex":0,"rotation":0,"texture":"#0"}},"rotation":{"origin":[12.526543,6.6926947,4.7443814],"angle":22.5,"axis":"z"}},{"from":[6.150733,9.237591,4.6943817],"to":[6.5507326,9.63759,4.6943817],"faces":{"south":{"uv":[8.25,8.625,8.125,8.75],"tintindex":0,"rotation":0,"texture":"#0"},"north":{"uv":[8.75,7.875,8.625,8.0],"tintindex":0,"rotation":0,"texture":"#0"}}},{"from":[5.5516586,14.147308,3.7443814],"to":[9.551659,15.147308,9.744382],"faces":{"east":{"uv":[7.5,1.125,8.25,1.25],"tintindex":0,"rotation":0,"texture":"#0"},"south":{"uv":[7.875,7.75,8.375,7.875],"tintindex":0,"rotation":0,"texture":"#0"},"north":{"uv":[7.875,7.5,8.375,7.625],"tintindex":0,"rotation":0,"texture":"#0"},"west":{"uv":[7.5,1.375,8.25,1.5],"tintindex":0,"rotation":0,"texture":"#0"},"up":{"uv":[6.125,1.25,5.625,0.5],"tintindex":0,"rotation":0,"texture":"#0"},"down":{"uv":[2.0,5.625,1.5,6.375],"tintindex":0,"rotation":0,"texture":"#0"}},"rotation":{"origin":[7.5516586,9.147308,4.7443814],"angle":-22.5,"axis":"z"}},{"from":[8.21998,7.7338905,9.744382],"to":[12.21998,14.733891,11.744382],"faces":{"east":{"uv":[2.625,6.625,2.875,7.5],"tintindex":0,"rotation":0,"texture":"#0"},"south":{"uv":[4.75,5.25,5.25,6.125],"tintindex":0,"rotation":0,"texture":"#0"},"north":{"uv":[0.875,4.875,1.375,5.75],"tintindex":0,"rotation":0,"texture":"#0"},"west":{"uv":[6.75,3.625,7.0,4.5],"tintindex":0,"rotation":0,"texture":"#0"},"up":{"uv":[7.75,2.25,7.25,2.0],"tintindex":0,"rotation":0,"texture":"#0"},"down":{"uv":[0.5,7.375,0.0,7.625],"tintindex":0,"rotation":0,"texture":"#0"}},"rotation":{"origin":[11.21998,6.7338905,6.7443814],"angle":22.5,"axis":"z"}},{"from":[6.4483414,14.147308,3.7443814],"to":[10.448341,15.147308,9.744382],"faces":{"east":{"uv":[5.75,7.625,6.5,7.75],"tintindex":0,"rotation":0,"texture":"#0"},"south":{"uv":[8.0,4.625,8.5,4.75],"tintindex":0,"rotation":0,"texture":"#0"},"north":{"uv":[8.0,4.375,8.5,4.5],"tintindex":0,"rotation":0,"texture":"#0"},"west":{"uv":[7.625,5.875,8.375,6.0],"tintindex":0,"rotation":0,"texture":"#0"},"up":{"uv":[2.625,6.375,2.125,5.625],"tintindex":0,"rotation":0,"texture":"#0"},"down":{"uv":[0.5,5.75,0.0,6.5],"tintindex":0,"rotation":0,"texture":"#0"}},"rotation":{"origin":[8.448341,9.147308,4.7443814],"angle":22.5,"axis":"z"}},{"from":[5.0,7.7059517,4.7443814],"to":[11.0,13.705952,10.744382],"faces":{"east":{"uv":[3.875,0.0,4.625,0.75],"tintindex":0,"rotation":0,"texture":"#0"},"south":{"uv":[3.875,0.875,4.625,1.625],"tintindex":0,"rotation":0,"texture":"#0"},"north":{"uv":[3.75,3.25,4.5,4.0],"tintindex":0,"rotation":0,"texture":"#0"},"west":{"uv":[1.5,3.875,2.25,4.625],"tintindex":0,"rotation":0,"texture":"#0"},"up":{"uv":[3.125,4.625,2.375,3.875],"tintindex":0,"rotation":0,"texture":"#0"},"down":{"uv":[4.0,4.125,3.25,4.875],"tintindex":0,"rotation":0,"texture":"#0"}}},{"from":[13.14386,7.6165743,3.7443814],"to":[14.14386,13.616573,9.744382],"faces":{"east":{"uv":[4.625,2.625,5.375,3.375],"tintindex":0,"rotation":0,"texture":"#0"},"south":{"uv":[7.5,2.625,7.625,3.375],"tintindex":0,"rotation":0,"texture":"#0"},"north":{"uv":[0.875,7.375,1.0,8.125],"tintindex":0,"rotation":0,"texture":"#0"},"west":{"uv":[4.75,0.0,5.5,0.75],"tintindex":0,"rotation":0,"texture":"#0"},"up":{"uv":[7.625,4.25,7.5,3.5],"tintindex":0,"rotation":0,"texture":"#0"},"down":{"uv":[7.5,7.5,7.375,8.25],"tintindex":0,"rotation":0,"texture":"#0"}},"rotation":{"origin":[12.14386,7.6165743,4.7443814],"angle":22.5,"axis":"z"}},{"from":[3.7800198,7.7338905,9.744382],"to":[7.7800198,14.733891,11.719381],"faces":{"east":{"uv":[6.75,5.75,7.0,6.625],"tintindex":0,"rotation":0,"texture":"#0"},"south":{"uv":[5.5,1.75,6.0,2.625],"tintindex":0,"rotation":0,"texture":"#0"},"north":{"uv":[5.375,5.25,5.875,6.125],"tintindex":0,"rotation":0,"texture":"#0"},"west":{"uv":[6.75,6.75,7.0,7.625],"tintindex":0,"rotation":0,"texture":"#0"},"up":{"uv":[7.875,7.375,7.375,7.125],"tintindex":0,"rotation":0,"texture":"#0"},"down":{"uv":[8.0,0.0,7.5,0.25],"tintindex":0,"rotation":0,"texture":"#0"}},"rotation":{"origin":[4.7800198,6.7338905,6.7443814],"angle":-22.5,"axis":"z"}},{"from":[1.8561401,8.116574,9.744382],"to":[3.8561401,13.116573,11.719381],"faces":{"east":{"uv":[5.0,7.125,5.25,7.75],"tintindex":0,"rotation":0,"texture":"#0"},"south":{"uv":[7.125,5.125,7.375,5.75],"tintindex":0,"rotation":0,"texture":"#0"},"north":{"uv":[4.625,7.125,4.875,7.75],"tintindex":0,"rotation":0,"texture":"#0"},"west":{"uv":[5.375,7.125,5.625,7.75],"tintindex":0,"rotation":0,"texture":"#0"},"up":{"uv":[8.25,6.625,8.0,6.375],"tintindex":0,"rotation":0,"texture":"#0"},"down":{"uv":[8.25,6.75,8.0,7.0],"tintindex":0,"rotation":0,"texture":"#0"}},"rotation":{"origin":[3.8561401,7.1165743,6.7443814],"angle":-22.5,"axis":"z"}},{"from":[4.275942,9.4965105,4.3063216],"to":[7.0259414,9.4965105,5.3563213],"faces":{"up":{"uv":[10.125,8.25,9.875,8.125],"tintindex":0,"rotation":0,"texture":"#0"},"down":{"uv":[10.125,8.125,9.875,8.25],"tintindex":0,"rotation":0,"texture":"#0"}},"rotation":{"origin":[8.0,9.9965105,5.1563215],"angle":45.0,"axis":"x"}},{"from":[5.5516586,12.647308,9.744382],"to":[9.551659,14.647308,11.694382],"faces":{"east":{"uv":[5.75,7.875,6.0,8.125],"tintindex":0,"rotation":0,"texture":"#0"},"south":{"uv":[1.125,7.25,1.625,7.5],"tintindex":0,"rotation":0,"texture":"#0"},"north":{"uv":[3.875,1.75,4.375,2.0],"tintindex":0,"rotation":0,"texture":"#0"},"west":{"uv":[6.125,7.875,6.375,8.125],"tintindex":0,"rotation":0,"texture":"#0"},"up":{"uv":[7.75,1.875,7.25,1.625],"tintindex":0,"rotation":0,"texture":"#0"},"down":{"uv":[2.25,7.25,1.75,7.5],"tintindex":0,"rotation":0,"texture":"#0"}},"rotation":{"origin":[7.5516586,8.647308,4.7443814],"angle":-22.5,"axis":"z"}},{"from":[2.4734569,7.6926947,3.7443814],"to":[8.473457,8.692695,9.744382],"faces":{"east":{"uv":[7.5,5.375,8.25,5.5],"tintindex":0,"rotation":0,"texture":"#0"},"south":{"uv":[7.5,5.625,8.25,5.75],"tintindex":0,"rotation":0,"texture":"#0"},"north":{"uv":[7.5,5.125,8.25,5.25],"tintindex":0,"rotation":0,"texture":"#0"},"west":{"uv":[1.125,7.625,1.875,7.75],"tintindex":0,"rotation":0,"texture":"#0"},"up":{"uv":[5.5,1.625,4.75,0.875],"tintindex":0,"rotation":0,"texture":"#0"},"down":{"uv":[2.25,4.75,1.5,5.5],"tintindex":0,"rotation":0,"texture":"#0"}},"rotation":{"origin":[3.4734569,6.6926947,4.7443814],"angle":-22.5,"axis":"z"}},{"from":[1.8561401,7.6165743,3.7443814],"to":[2.8561401,13.616573,9.744382],"faces":{"east":{"uv":[2.375,4.75,3.125,5.5],"tintindex":0,"rotation":0,"texture":"#0"},"south":{"uv":[2.625,7.625,2.75,8.375],"tintindex":0,"rotation":0,"texture":"#0"},"north":{"uv":[2.0,7.625,2.125,8.375],"tintindex":0,"rotation":0,"texture":"#0"},"west":{"uv":[0.0,4.875,0.75,5.625],"tintindex":0,"rotation":0,"texture":"#0"},"up":{"uv":[4.25,8.375,4.125,7.625],"tintindex":0,"rotation":0,"texture":"#0"},"down":{"uv":[4.5,7.625,4.375,8.375],"tintindex":0,"rotation":0,"texture":"#0"}},"rotation":{"origin":[3.8561401,7.6165743,4.7443814],"angle":-22.5,"axis":"z"}},{"from":[12.14386,8.116574,9.744382],"to":[14.14386,13.116573,11.744382],"faces":{"east":{"uv":[4.25,6.875,4.5,7.5],"tintindex":0,"rotation":0,"texture":"#0"},"south":{"uv":[7.125,3.625,7.375,4.25],"tintindex":0,"rotation":0,"texture":"#0"},"north":{"uv":[6.875,1.625,7.125,2.25],"tintindex":0,"rotation":0,"texture":"#0"},"west":{"uv":[3.75,7.125,4.0,7.75],"tintindex":0,"rotation":0,"texture":"#0"},"up":{"uv":[8.25,2.625,8.0,2.375],"tintindex":0,"rotation":0,"texture":"#0"},"down":{"uv":[8.25,2.75,8.0,3.0],"tintindex":0,"rotation":0,"texture":"#0"}},"rotation":{"origin":[12.14386,7.1165743,6.7443814],"angle":22.5,"axis":"z"}}],"display":{"gui":{"rotation":[-150.0,-45.0,180.0]}}}