{"textures":{"0":"modelengine:entity/toffynocsy_owl_lvl1","particle":"#0"},"elements":[{"from":[6.5,1.5,6.0],"to":[7.5,2.5,9.0],"faces":{"east":{"uv":[3.375,8.25,3.75,8.375],"tintindex":0,"rotation":0,"texture":"#0"},"south":{"uv":[8.625,2.875,8.75,3.0],"tintindex":0,"rotation":0,"texture":"#0"},"north":{"uv":[8.625,2.625,8.75,2.75],"tintindex":0,"rotation":0,"texture":"#0"},"west":{"uv":[5.75,8.25,6.125,8.375],"tintindex":0,"rotation":0,"texture":"#0"},"up":{"uv":[4.0,8.625,3.875,8.25],"tintindex":0,"rotation":0,"texture":"#0"},"down":{"uv":[6.375,8.25,6.25,8.625],"tintindex":0,"rotation":0,"texture":"#0"}},"rotation":{"origin":[6.25,1.5,7.0],"angle":22.5,"axis":"y"}},{"from":[8.75,1.5,6.0],"to":[9.75,2.5,9.0],"faces":{"east":{"uv":[8.375,0.25,8.75,0.375],"tintindex":0,"rotation":0,"texture":"#0"},"south":{"uv":[8.625,3.375,8.75,3.5],"tintindex":0,"rotation":0,"texture":"#0"},"north":{"uv":[8.625,3.125,8.75,3.25],"tintindex":0,"rotation":0,"texture":"#0"},"west":{"uv":[8.375,0.5,8.75,0.625],"tintindex":0,"rotation":0,"texture":"#0"},"up":{"uv":[0.625,8.75,0.5,8.375],"tintindex":0,"rotation":0,"texture":"#0"},"down":{"uv":[8.5,0.75,8.375,1.125],"tintindex":0,"rotation":0,"texture":"#0"}},"rotation":{"origin":[10.25,1.5,7.0],"angle":-22.5,"axis":"y"}},{"from":[7.75,1.5,5.0],"to":[8.75,2.5,9.0],"faces":{"east":{"uv":[7.875,2.125,8.375,2.25],"tintindex":0,"rotation":0,"texture":"#0"},"south":{"uv":[8.625,2.375,8.75,2.5],"tintindex":0,"rotation":0,"texture":"#0"},"north":{"uv":[8.625,1.5,8.75,1.625],"tintindex":0,"rotation":0,"texture":"#0"},"west":{"uv":[4.625,7.875,5.125,8.0],"tintindex":0,"rotation":0,"texture":"#0"},"up":{"uv":[5.375,8.375,5.25,7.875],"tintindex":0,"rotation":0,"texture":"#0"},"down":{"uv":[5.625,7.875,5.5,8.375],"tintindex":0,"rotation":0,"texture":"#0"}}},{"from":[6.75,3.5,6.25],"to":[9.75,8.5,9.25],"faces":{"east":{"uv":[1.625,6.5,2.0,7.125],"tintindex":0,"rotation":0,"texture":"#0"},"south":{"uv":[2.125,6.5,2.5,7.125],"tintindex":0,"rotation":0,"texture":"#0"},"north":{"uv":[1.125,6.5,1.5,7.125],"tintindex":0,"rotation":0,"texture":"#0"},"west":{"uv":[0.0,6.625,0.375,7.25],"tintindex":0,"rotation":0,"texture":"#0"},"up":{"uv":[7.5,6.25,7.125,5.875],"tintindex":0,"rotation":0,"texture":"#0"},"down":{"uv":[6.625,7.125,6.25,7.5],"tintindex":0,"rotation":0,"texture":"#0"}}},{"from":[7.75,2.0,7.0],"to":[8.75,4.0,9.0],"faces":{"east":{"uv":[2.875,7.875,3.125,8.125],"tintindex":0,"rotation":0,"texture":"#0"},"south":{"uv":[6.75,8.5,6.875,8.75],"tintindex":0,"rotation":0,"texture":"#0"},"north":{"uv":[6.5,8.5,6.625,8.75],"tintindex":0,"rotation":0,"texture":"#0"},"west":{"uv":[3.75,7.875,4.0,8.125],"tintindex":0,"rotation":0,"texture":"#0"},"up":{"uv":[7.125,8.75,7.0,8.5],"tintindex":0,"rotation":0,"texture":"#0"},"down":{"uv":[8.625,7.125,8.5,7.375],"tintindex":0,"rotation":0,"texture":"#0"}}}],"display":{"gui":{"rotation":[-150.0,-45.0,180.0]}}}