{"textures":{"0":"modelengine:entity/toffynocsy_owl_lvl1","particle":"#0"},"elements":[{"from":[7.25,2.0,7.0],"to":[8.25,4.0,9.0],"faces":{"east":{"uv":[4.625,3.5,4.875,3.75],"tintindex":0,"rotation":0,"texture":"#0"},"south":{"uv":[5.625,8.5,5.75,8.75],"tintindex":0,"rotation":0,"texture":"#0"},"north":{"uv":[8.375,1.25,8.5,1.5],"tintindex":0,"rotation":0,"texture":"#0"},"west":{"uv":[5.625,1.375,5.875,1.625],"tintindex":0,"rotation":0,"texture":"#0"},"up":{"uv":[8.625,5.875,8.5,5.625],"tintindex":0,"rotation":0,"texture":"#0"},"down":{"uv":[6.0,8.5,5.875,8.75],"tintindex":0,"rotation":0,"texture":"#0"}}},{"from":[7.25,1.5,5.0],"to":[8.25,2.5,9.0],"faces":{"east":{"uv":[6.25,1.125,6.75,1.25],"tintindex":0,"rotation":0,"texture":"#0"},"south":{"uv":[4.75,5.0,4.875,5.125],"tintindex":0,"rotation":0,"texture":"#0"},"north":{"uv":[4.625,3.875,4.75,4.0],"tintindex":0,"rotation":0,"texture":"#0"},"west":{"uv":[7.875,1.875,8.375,2.0],"tintindex":0,"rotation":0,"texture":"#0"},"up":{"uv":[1.25,6.375,1.125,5.875],"tintindex":0,"rotation":0,"texture":"#0"},"down":{"uv":[1.75,7.875,1.625,8.375],"tintindex":0,"rotation":0,"texture":"#0"}}},{"from":[6.25,3.5,6.25],"to":[9.25,8.5,9.25],"faces":{"east":{"uv":[3.75,6.375,4.125,7.0],"tintindex":0,"rotation":0,"texture":"#0"},"south":{"uv":[5.75,6.375,6.125,7.0],"tintindex":0,"rotation":0,"texture":"#0"},"north":{"uv":[3.125,2.125,3.5,2.75],"tintindex":0,"rotation":0,"texture":"#0"},"west":{"uv":[6.25,6.375,6.625,7.0],"tintindex":0,"rotation":0,"texture":"#0"},"up":{"uv":[7.375,0.875,7.0,0.5],"tintindex":0,"rotation":0,"texture":"#0"},"down":{"uv":[6.125,7.125,5.75,7.5],"tintindex":0,"rotation":0,"texture":"#0"}}},{"from":[8.5,1.5,6.0],"to":[9.5,2.5,9.0],"faces":{"east":{"uv":[3.25,3.875,3.625,4.0],"tintindex":0,"rotation":0,"texture":"#0"},"south":{"uv":[7.125,4.375,7.25,4.5],"tintindex":0,"rotation":0,"texture":"#0"},"north":{"uv":[5.5,3.25,5.625,3.375],"tintindex":0,"rotation":0,"texture":"#0"},"west":{"uv":[8.0,4.875,8.375,5.0],"tintindex":0,"rotation":0,"texture":"#0"},"up":{"uv":[1.0,8.625,0.875,8.25],"tintindex":0,"rotation":0,"texture":"#0"},"down":{"uv":[2.375,8.25,2.25,8.625],"tintindex":0,"rotation":0,"texture":"#0"}},"rotation":{"origin":[9.75,1.5,7.0],"angle":-22.5,"axis":"y"}},{"from":[6.25,1.5,6.0],"to":[7.25,2.5,9.0],"faces":{"east":{"uv":[8.0,7.125,8.375,7.25],"tintindex":0,"rotation":0,"texture":"#0"},"south":{"uv":[8.625,0.0,8.75,0.125],"tintindex":0,"rotation":0,"texture":"#0"},"north":{"uv":[8.5,4.875,8.625,5.0],"tintindex":0,"rotation":0,"texture":"#0"},"west":{"uv":[8.125,0.0,8.5,0.125],"tintindex":0,"rotation":0,"texture":"#0"},"up":{"uv":[3.0,8.625,2.875,8.25],"tintindex":0,"rotation":0,"texture":"#0"},"down":{"uv":[3.25,8.25,3.125,8.625],"tintindex":0,"rotation":0,"texture":"#0"}},"rotation":{"origin":[5.75,1.5,7.0],"angle":22.5,"axis":"y"}}],"display":{"gui":{"rotation":[-150.0,-45.0,180.0]}}}