{"textures":{"0":"modelengine:entity/toffynocsy_owl_lvl1","particle":"#0"},"elements":[{"from":[4.0,2.0,20.25],"to":[12.0,8.0,20.25],"faces":{"south":{"uv":[0.0,2.75,1.0,3.5],"tintindex":0,"rotation":0,"texture":"#0"},"north":{"uv":[1.0,2.75,0.0,3.5],"tintindex":0,"rotation":0,"texture":"#0"}},"rotation":{"origin":[8.0,-6.25,15.25],"angle":-45.0,"axis":"x"}},{"from":[5.5,6.0,19.75],"to":[10.5,9.0,20.75],"faces":{"east":{"uv":[5.125,8.5,5.25,8.875],"tintindex":0,"rotation":0,"texture":"#0"},"south":{"uv":[6.75,3.125,7.375,3.5],"tintindex":0,"rotation":0,"texture":"#0"},"north":{"uv":[7.375,3.125,6.75,3.5],"tintindex":0,"rotation":0,"texture":"#0"},"west":{"uv":[5.375,8.5,5.5,8.875],"tintindex":0,"rotation":0,"texture":"#0"},"up":{"uv":[8.375,4.25,7.75,4.125],"tintindex":0,"rotation":0,"texture":"#0"},"down":{"uv":[8.5,1.625,7.875,1.75],"tintindex":0,"rotation":0,"texture":"#0"}},"rotation":{"origin":[8.0,-6.25,15.25],"angle":-45.0,"axis":"x"}}],"display":{"gui":{"rotation":[-150.0,-45.0,180.0]}}}