{"textures":{"0":"modelengine:entity/toffynocsy_owl_lvl1","particle":"#0"},"elements":[{"from":[5.25,3.756575,2.1197157],"to":[5.25,11.756576,7.1197157],"faces":{"east":{"uv":[0.75,3.75,1.375,4.75],"tintindex":0,"rotation":0,"texture":"#0"},"west":{"uv":[3.75,2.125,4.375,3.125],"tintindex":0,"rotation":0,"texture":"#0"}},"rotation":{"origin":[5.0,9.156575,4.219716],"angle":-22.5,"axis":"y"}},{"from":[10.75,3.756575,2.1197157],"to":[10.75,11.756576,7.1197157],"faces":{"east":{"uv":[3.125,1.0,3.75,2.0],"tintindex":0,"rotation":0,"texture":"#0"},"west":{"uv":[0.0,3.625,0.625,4.625],"tintindex":0,"rotation":0,"texture":"#0"}},"rotation":{"origin":[11.0,9.156575,4.219716],"angle":22.5,"axis":"y"}},{"from":[4.5,3.1565752,9.969716],"to":[11.5,13.156575,16.969715],"faces":{"east":{"uv":[1.0,0.0,1.875,1.25],"tintindex":0,"rotation":0,"texture":"#0"},"south":{"uv":[0.0,1.375,0.875,2.625],"tintindex":0,"rotation":0,"texture":"#0"},"north":{"uv":[0.0,0.0,0.875,1.25],"tintindex":0,"rotation":0,"texture":"#0"},"west":{"uv":[1.0,1.375,1.875,2.625],"tintindex":0,"rotation":0,"texture":"#0"},"up":{"uv":[2.875,0.875,2.0,0.0],"tintindex":0,"rotation":0,"texture":"#0"},"down":{"uv":[2.875,1.0,2.0,1.875],"tintindex":0,"rotation":0,"texture":"#0"}},"rotation":{"origin":[8.0,-3.8434248,10.219716],"angle":-22.5,"axis":"x"}}],"display":{"gui":{"rotation":[-150.0,-45.0,180.0]}}}