{"textures":{"0":"modelengine:entity/toffynocsy_owl_lvl1","particle":"#0"},"elements":[{"from":[5.0,1.0,4.0],"to":[8.0,8.0,10.0],"faces":{"east":{"uv":[2.875,2.875,3.625,3.75],"tintindex":0,"rotation":0,"texture":"#0"},"south":{"uv":[4.25,5.875,4.625,6.75],"tintindex":0,"rotation":0,"texture":"#0"},"north":{"uv":[0.625,5.875,1.0,6.75],"tintindex":0,"rotation":0,"texture":"#0"},"west":{"uv":[3.0,0.0,3.75,0.875],"tintindex":0,"rotation":0,"texture":"#0"},"up":{"uv":[5.625,7.0,5.25,6.25],"tintindex":0,"rotation":0,"texture":"#0"},"down":{"uv":[3.625,6.375,3.25,7.125],"tintindex":0,"rotation":0,"texture":"#0"}},"rotation":{"origin":[8.0,3.0,7.0],"angle":-22.5,"axis":"z"}},{"from":[7.0,-4.0,5.5],"to":[7.0,0.0,10.5],"faces":{"east":{"uv":[6.125,2.0,6.75,2.5],"tintindex":0,"rotation":0,"texture":"#0"},"west":{"uv":[6.25,0.5,6.875,1.0],"tintindex":0,"rotation":0,"texture":"#0"}}},{"from":[7.0,-1.0,5.5],"to":[8.0,2.0,9.5],"faces":{"east":{"uv":[0.5,6.875,1.0,7.25],"tintindex":0,"rotation":0,"texture":"#0"},"south":{"uv":[4.375,8.5,4.5,8.875],"tintindex":0,"rotation":0,"texture":"#0"},"north":{"uv":[4.125,8.5,4.25,8.875],"tintindex":0,"rotation":0,"texture":"#0"},"west":{"uv":[6.875,1.125,7.375,1.5],"tintindex":0,"rotation":0,"texture":"#0"},"up":{"uv":[5.0,8.625,4.875,8.125],"tintindex":0,"rotation":0,"texture":"#0"},"down":{"uv":[8.25,8.0,8.125,8.5],"tintindex":0,"rotation":0,"texture":"#0"}}},{"from":[7.0,2.0,4.5],"to":[8.0,8.0,9.5],"faces":{"east":{"uv":[4.0,5.0,4.625,5.75],"tintindex":0,"rotation":0,"texture":"#0"},"south":{"uv":[0.25,7.75,0.375,8.5],"tintindex":0,"rotation":0,"texture":"#0"},"north":{"uv":[0.0,7.75,0.125,8.5],"tintindex":0,"rotation":0,"texture":"#0"},"west":{"uv":[5.0,4.375,5.625,5.125],"tintindex":0,"rotation":0,"texture":"#0"},"up":{"uv":[1.25,8.5,1.125,7.875],"tintindex":0,"rotation":0,"texture":"#0"},"down":{"uv":[1.5,7.875,1.375,8.5],"tintindex":0,"rotation":0,"texture":"#0"}}}],"display":{"gui":{"rotation":[-150.0,-45.0,180.0]}}}