{
	"credit": "Made with Blockbench",
	"texture_size": [64, 64],
	"textures": {
		"2": "modelengine:entity/nocsy/toffy_nature_wizard"
	},
	"elements": [
		{
			"from": [5, 2.3, 3],
			"to": [11, 2.325, 15],
			"rotation": {"angle": 0, "axis": "y", "origin": [8, -9.675, 14]},
			"faces": {
				"north": {"uv": [12.25, 4.25, 13.75, 4.5], "texture": "#2"},
				"east": {"uv": [11, 2.75, 14, 3], "texture": "#2"},
				"south": {"uv": [12.25, 4.75, 13.75, 5], "texture": "#2"},
				"west": {"uv": [11, 3.25, 14, 3.5], "texture": "#2"},
				"up": {"uv": [5.5, 3, 4, 0], "texture": "#2"},
				"down": {"uv": [5.5, 3.25, 4, 6.25], "texture": "#2"}
			}
		},
		{
			"from": [7.0412, 10.66079, 16.52103],
			"to": [10.0412, 12.66079, 18.52103],
			"rotation": {"angle": -45, "axis": "y", "origin": [9.2912, 11.66079, 17.77103]},
			"faces": {
				"north": {"uv": [1.5, 12.5, 2.25, 13], "texture": "#2"},
				"east": {"uv": [7.75, 6.5, 8.25, 7], "texture": "#2"},
				"south": {"uv": [2.5, 12.5, 3.25, 13], "texture": "#2"},
				"west": {"uv": [7.25, 12.5, 7.75, 13], "texture": "#2"},
				"up": {"uv": [4.25, 13, 3.5, 12.5], "texture": "#2"},
				"down": {"uv": [5.25, 12.5, 4.5, 13], "texture": "#2"}
			}
		},
		{
			"from": [9.50827, 10.43348, 17.0388],
			"to": [13.50827, 11.43348, 18.0388],
			"rotation": {"angle": -45, "axis": "z", "origin": [11.00827, 11.18348, 17.5388]},
			"faces": {
				"north": {"uv": [12.5, 12.5, 13.5, 12.75], "texture": "#2"},
				"east": {"uv": [8, 12.5, 8.25, 12.75], "texture": "#2"},
				"south": {"uv": [12.75, 7, 13.75, 7.25], "texture": "#2"},
				"west": {"uv": [13.25, 12, 13.5, 12.25], "texture": "#2"},
				"up": {"uv": [13.75, 7.75, 12.75, 7.5], "texture": "#2"},
				"down": {"uv": [13.75, 8, 12.75, 8.25], "texture": "#2"}
			}
		},
		{
			"from": [10.00931, 3.68871, 17.5388],
			"to": [17.00931, 13.68871, 17.5388],
			"rotation": {"angle": 0, "axis": "y", "origin": [13.50931, 10.68871, 17.5388]},
			"faces": {
				"north": {"uv": [5.75, 0, 7.5, 2.5], "texture": "#2"},
				"east": {"uv": [0, 13.5, 0, 16], "texture": "#2"},
				"south": {"uv": [5.75, 2.75, 7.5, 5.25], "texture": "#2"},
				"west": {"uv": [0.25, 13.5, 0.25, 16], "texture": "#2"},
				"up": {"uv": [13.5, 1.5, 11.75, 1.5], "texture": "#2"},
				"down": {"uv": [15, 5.75, 13.25, 5.75], "texture": "#2"}
			}
		},
		{
			"from": [6.58579, 9.40142, 10.86583],
			"to": [9.58579, 11.40142, 16.86583],
			"rotation": {"angle": -22.5, "axis": "x", "origin": [8.04289, 9.29992, 11.71697]},
			"faces": {
				"north": {"uv": [12.25, 5.25, 13, 5.75], "texture": "#2"},
				"east": {"uv": [11, 7, 12.5, 7.5], "texture": "#2"},
				"south": {"uv": [12.25, 9.5, 13, 10], "texture": "#2"},
				"west": {"uv": [11, 7.75, 12.5, 8.25], "texture": "#2"},
				"up": {"uv": [10.75, 7.5, 10, 6], "texture": "#2"},
				"down": {"uv": [10.75, 7.75, 10, 9.25], "texture": "#2"}
			}
		},
		{
			"from": [6, 6.61613, 9.11904],
			"to": [10, 10.61613, 13.11904],
			"rotation": {"angle": 45, "axis": "x", "origin": [8.04289, 9.29992, 11.71697]},
			"faces": {
				"north": {"uv": [10, 9.5, 11, 10.5], "texture": "#2"},
				"east": {"uv": [1.5, 10.25, 2.5, 11.25], "texture": "#2"},
				"south": {"uv": [2.75, 10.25, 3.75, 11.25], "texture": "#2"},
				"west": {"uv": [4, 10.25, 5, 11.25], "texture": "#2"},
				"up": {"uv": [6.25, 11.25, 5.25, 10.25], "texture": "#2"},
				"down": {"uv": [7.5, 10.25, 6.5, 11.25], "texture": "#2"}
			}
		},
		{
			"from": [5.5, 4.00157, 7.97638],
			"to": [10.5, 8.00157, 13.97638],
			"rotation": {"angle": 22.5, "axis": "x", "origin": [8.04289, 10.29992, 11.71697]},
			"faces": {
				"north": {"uv": [8.5, 9.5, 9.75, 10.5], "texture": "#2"},
				"east": {"uv": [9.25, 1.5, 10.75, 2.5], "texture": "#2"},
				"south": {"uv": [0, 10, 1.25, 11], "texture": "#2"},
				"west": {"uv": [9.25, 2.75, 10.75, 3.75], "texture": "#2"},
				"up": {"uv": [6.75, 9, 5.5, 7.5], "texture": "#2"},
				"down": {"uv": [8.25, 7.5, 7, 9], "texture": "#2"}
			}
		},
		{
			"from": [4.5, 3.075, 5.5],
			"to": [11.5, 6.075, 12.5],
			"rotation": {"angle": 0, "axis": "y", "origin": [8, -9.675, 14]},
			"faces": {
				"north": {"uv": [9.25, 4, 11, 4.75], "texture": "#2"},
				"east": {"uv": [4.5, 9.25, 6.25, 10], "texture": "#2"},
				"south": {"uv": [9.25, 5, 11, 5.75], "texture": "#2"},
				"west": {"uv": [6.5, 9.25, 8.25, 10], "texture": "#2"},
				"up": {"uv": [7.5, 7.25, 5.75, 5.5], "texture": "#2"},
				"down": {"uv": [1.75, 6.5, 0, 8.25], "texture": "#2"}
			}
		},
		{
			"from": [5, 2.325, 5],
			"to": [11.125, 3.325, 13],
			"rotation": {"angle": 0, "axis": "y", "origin": [8, -9.675, 14]},
			"faces": {
				"north": {"uv": [12, 8.5, 13.5, 8.75], "texture": "#2"},
				"east": {"uv": [3.5, 11.5, 5.5, 11.75], "texture": "#2"},
				"south": {"uv": [12, 9, 13.5, 9.25], "texture": "#2"},
				"west": {"uv": [11.5, 10.5, 13.5, 10.75], "texture": "#2"},
				"up": {"uv": [3.5, 8.5, 2, 6.5], "texture": "#2"},
				"down": {"uv": [5.25, 6.5, 3.75, 8.5], "texture": "#2"}
			}
		},
		{
			"from": [-1.84776, 3.06537, 3],
			"to": [5.15224, 3.09037, 15],
			"rotation": {"angle": -22.5, "axis": "z", "origin": [3.15224, 3.09037, 7]},
			"faces": {
				"north": {"uv": [3.5, 12, 5.25, 12.25], "texture": "#2"},
				"east": {"uv": [11, 6, 14, 6.25], "texture": "#2"},
				"south": {"uv": [5.5, 12, 7.25, 12.25], "texture": "#2"},
				"west": {"uv": [11, 6.5, 14, 6.75], "texture": "#2"},
				"up": {"uv": [1.75, 6.25, 0, 3.25], "texture": "#2"},
				"down": {"uv": [3.75, 3.25, 2, 6.25], "texture": "#2"}
			}
		},
		{
			"from": [3.20954, 2.91641, 5.025],
			"to": [5.20954, 3.91641, 13.025],
			"rotation": {"angle": -22.5, "axis": "z", "origin": [3.53454, 3.16641, 6]},
			"faces": {
				"north": {"uv": [13.25, 5.25, 13.75, 5.5], "texture": "#2"},
				"east": {"uv": [11.75, 0, 13.75, 0.25], "texture": "#2"},
				"south": {"uv": [7.25, 13.25, 7.75, 13.5], "texture": "#2"},
				"west": {"uv": [11.75, 0.5, 13.75, 0.75], "texture": "#2"},
				"up": {"uv": [9.75, 12.75, 9.25, 10.75], "texture": "#2"},
				"down": {"uv": [10.5, 10.75, 10, 12.75], "texture": "#2"}
			}
		},
		{
			"from": [10.7109, 2.29979, 5.025],
			"to": [13.0109, 3.29979, 13.025],
			"rotation": {"angle": -22.5, "axis": "z", "origin": [10.97181, 2.29142, 9.0125]},
			"faces": {
				"north": {"uv": [4, 13.25, 4.5, 13.5], "texture": "#2"},
				"east": {"uv": [11.5, 11, 13.5, 11.25], "texture": "#2"},
				"south": {"uv": [4.75, 13.25, 5.25, 13.5], "texture": "#2"},
				"west": {"uv": [11.5, 11.5, 13.5, 11.75], "texture": "#2"},
				"up": {"uv": [8.25, 12.25, 7.75, 10.25], "texture": "#2"},
				"down": {"uv": [9, 10.75, 8.5, 12.75], "texture": "#2"}
			}
		},
		{
			"from": [10.985, 2.30823, 3],
			"to": [17.985, 2.33323, 15],
			"rotation": {"angle": -22.5, "axis": "z", "origin": [10.97181, 2.29142, 9.0125]},
			"faces": {
				"north": {"uv": [5.75, 11.5, 7.5, 11.75], "texture": "#2"},
				"east": {"uv": [11, 1.75, 14, 2], "texture": "#2"},
				"south": {"uv": [11.75, 1, 13.5, 1.25], "texture": "#2"},
				"west": {"uv": [11, 2.25, 14, 2.5], "texture": "#2"},
				"up": {"uv": [1.75, 3, 0, 0], "texture": "#2"},
				"down": {"uv": [3.75, 0, 2, 3], "texture": "#2"}
			}
		},
		{
			"from": [1.20954, 2.91641, 6.025],
			"to": [3.20954, 3.91641, 12.025],
			"rotation": {"angle": -22.5, "axis": "z", "origin": [3.53454, 3.16641, 7]},
			"faces": {
				"north": {"uv": [13.25, 9.5, 13.75, 9.75], "texture": "#2"},
				"east": {"uv": [5.5, 12.5, 7, 12.75], "texture": "#2"},
				"south": {"uv": [13.25, 10, 13.75, 10.25], "texture": "#2"},
				"west": {"uv": [10.75, 12.5, 12.25, 12.75], "texture": "#2"},
				"up": {"uv": [0.5, 12.75, 0, 11.25], "texture": "#2"},
				"down": {"uv": [1.25, 11.25, 0.75, 12.75], "texture": "#2"}
			}
		},
		{
			"from": [13.0109, 2.29979, 6.025],
			"to": [15.0109, 3.29979, 12.025],
			"rotation": {"angle": -22.5, "axis": "z", "origin": [10.97181, 2.29142, 9.0125]},
			"faces": {
				"north": {"uv": [9.25, 6, 9.75, 6.25], "texture": "#2"},
				"east": {"uv": [11.5, 12, 13, 12.25], "texture": "#2"},
				"south": {"uv": [6.5, 13, 7, 13.25], "texture": "#2"},
				"west": {"uv": [12.25, 3.75, 13.75, 4], "texture": "#2"},
				"up": {"uv": [11.25, 12.25, 10.75, 10.75], "texture": "#2"},
				"down": {"uv": [11.5, 0, 11, 1.5], "texture": "#2"}
			}
		},
		{
			"from": [10, 3.5, 9],
			"to": [13, 4.5, 12],
			"rotation": {"angle": 45, "axis": "y", "origin": [11.5, 4.5, 10.5]},
			"faces": {
				"north": {"uv": [4.5, 8.75, 5.25, 9], "texture": "#2"},
				"east": {"uv": [0, 13, 0.75, 13.25], "texture": "#2"},
				"south": {"uv": [5.5, 13, 6.25, 13.25], "texture": "#2"},
				"west": {"uv": [8, 13, 8.75, 13.25], "texture": "#2"},
				"up": {"uv": [11.75, 9.25, 11, 8.5], "texture": "#2"},
				"down": {"uv": [12, 3.75, 11.25, 4.5], "texture": "#2"}
			}
		},
		{
			"from": [10.14645, 5.25, 8.5],
			"to": [13.14645, 6.25, 11.5],
			"rotation": {"angle": 45, "axis": "y", "origin": [11.14645, 5.5, 10.5]},
			"faces": {
				"north": {"uv": [9, 13, 9.75, 13.25], "texture": "#2"},
				"east": {"uv": [10, 13, 10.75, 13.25], "texture": "#2"},
				"south": {"uv": [11, 13, 11.75, 13.25], "texture": "#2"},
				"west": {"uv": [12, 13, 12.75, 13.25], "texture": "#2"},
				"up": {"uv": [12, 5.5, 11.25, 4.75], "texture": "#2"},
				"down": {"uv": [12, 9.5, 11.25, 10.25], "texture": "#2"}
			}
		},
		{
			"from": [9.5, 7, 8.25],
			"to": [12.5, 8, 11.25],
			"rotation": {"angle": 45, "axis": "y", "origin": [11.5, 4.5, 10.5]},
			"faces": {
				"north": {"uv": [13, 13, 13.75, 13.25], "texture": "#2"},
				"east": {"uv": [1, 13.25, 1.75, 13.5], "texture": "#2"},
				"south": {"uv": [2, 13.25, 2.75, 13.5], "texture": "#2"},
				"west": {"uv": [3, 13.25, 3.75, 13.5], "texture": "#2"},
				"up": {"uv": [2.25, 12.25, 1.5, 11.5], "texture": "#2"},
				"down": {"uv": [3.25, 11.5, 2.5, 12.25], "texture": "#2"}
			}
		},
		{
			"from": [3.5, 5.2, 1],
			"to": [8.5, 5.2, 6],
			"rotation": {"angle": -45, "axis": "x", "origin": [7, 6.5, 4]},
			"faces": {
				"north": {"uv": [5.5, 13.5, 6.75, 13.5], "texture": "#2"},
				"east": {"uv": [8, 13.5, 9.25, 13.5], "texture": "#2"},
				"south": {"uv": [9.5, 13.5, 10.75, 13.5], "texture": "#2"},
				"west": {"uv": [11, 13.5, 12.25, 13.5], "texture": "#2"},
				"up": {"uv": [9, 4.75, 7.75, 3.5], "texture": "#2"},
				"down": {"uv": [9, 5, 7.75, 6.25], "texture": "#2"}
			}
		},
		{
			"name": "flat",
			"from": [13.95, 0.75, 9.5],
			"to": [13.95, 5.75, 14.5],
			"rotation": {"angle": 0, "axis": "y", "origin": [12.95, 4, 13]},
			"faces": {
				"north": {"uv": [10.75, 0, 10.75, 1.25], "texture": "#2"},
				"east": {"uv": [8.5, 8, 9.75, 9.25], "texture": "#2"},
				"south": {"uv": [3.75, 13.75, 3.75, 15], "texture": "#2"},
				"west": {"uv": [1.5, 8.75, 2.75, 10], "texture": "#2"},
				"up": {"uv": [4, 15, 4, 13.75], "texture": "#2"},
				"down": {"uv": [4.25, 13.75, 4.25, 15], "texture": "#2"}
			}
		},
		{
			"name": "flat",
			"from": [12.99337, 0.75, 4.69068],
			"to": [12.99337, 5.75, 9.69068],
			"rotation": {"angle": 22.5, "axis": "y", "origin": [12.99337, 3.25, 7.19068]},
			"faces": {
				"north": {"uv": [4.5, 13.75, 4.5, 15], "texture": "#2"},
				"east": {"uv": [3, 8.75, 4.25, 10], "texture": "#2"},
				"south": {"uv": [4.75, 13.75, 4.75, 15], "texture": "#2"},
				"west": {"uv": [9.25, 0, 10.5, 1.25], "texture": "#2"},
				"up": {"uv": [5, 15, 5, 13.75], "texture": "#2"},
				"down": {"uv": [5.25, 13.75, 5.25, 15], "texture": "#2"}
			}
		},
		{
			"from": [2.5, 7.25, 3.25],
			"to": [7.5, 7.25, 8.25],
			"rotation": {"angle": -22.5, "axis": "x", "origin": [7, 6.5, 4]},
			"faces": {
				"north": {"uv": [12.5, 13.5, 13.75, 13.5], "texture": "#2"},
				"east": {"uv": [0.5, 13.75, 1.75, 13.75], "texture": "#2"},
				"south": {"uv": [13.75, 1, 15, 1], "texture": "#2"},
				"west": {"uv": [13.75, 1.25, 15, 1.25], "texture": "#2"},
				"up": {"uv": [1.25, 9.75, 0, 8.5], "texture": "#2"},
				"down": {"uv": [9.75, 6.5, 8.5, 7.75], "texture": "#2"}
			}
		},
		{
			"from": [2.5, 7.5, 7],
			"to": [7.5, 13.5, 7],
			"rotation": {"angle": 22.5, "axis": "x", "origin": [7, 6.5, 4]},
			"faces": {
				"north": {"uv": [7.75, 0, 9, 1.5], "texture": "#2"},
				"east": {"uv": [7, 13.5, 7, 15], "texture": "#2"},
				"south": {"uv": [7.75, 1.75, 9, 3.25], "texture": "#2"},
				"west": {"uv": [2, 13.75, 2, 15.25], "texture": "#2"},
				"up": {"uv": [15, 1.5, 13.75, 1.5], "texture": "#2"},
				"down": {"uv": [3.5, 13.75, 2.25, 13.75], "texture": "#2"}
			}
		}
	],
	"gui_light": "front",
	"display": {
		"thirdperson_righthand": {
			"rotation": [49.35, 8.5, -13.95],
			"translation": [-2, 2, 1.25],
			"scale": [0.5, 0.5, 0.5]
		},
		"thirdperson_lefthand": {
			"rotation": [49.35, 8.5, -13.95],
			"translation": [-2, 2, 1.25],
			"scale": [0.5, 0.5, 0.5]
		},
		"firstperson_righthand": {
			"rotation": [-180, 52, -180],
			"translation": [-1.5, 4, 1.5],
			"scale": [0.5, 0.5, 0.5]
		},
		"firstperson_lefthand": {
			"rotation": [-180, 52, -180],
			"translation": [-1.5, 4, 1.5],
			"scale": [0.5, 0.5, 0.5]
		},
		"ground": {
			"scale": [0.44, 0.44, 0.44]
		},
		"gui": {
			"rotation": [-163.29, 15.2, -179.22],
			"translation": [-0.25, 0, 0],
			"scale": [0.84, 0.84, 0.84]
		},
		"head": {
			"translation": [0, 11.25, -2],
			"scale": [2.1, 2.1, 2.1]
		},
		"fixed": {
			"translation": [0, 0, -3.75]
		}
	}
}