{
	"credit": "Made with Blockbench",
	"texture_size": [64, 64],
	"textures": {
		"0": "nocsy/toffy_magic_potion",
		"particle": "nocsy/toffy_magic_potion"
	},
	"elements": [
		{
			"from": [6, 4, 6],
			"to": [10, 7, 10],
			"faces": {
				"north": {"uv": [0, 2.5, 1, 3.25], "texture": "#0"},
				"east": {"uv": [2.5, 0, 3.5, 0.75], "texture": "#0"},
				"south": {"uv": [2.5, 1, 3.5, 1.75], "texture": "#0"},
				"west": {"uv": [1.25, 2.5, 2.25, 3.25], "texture": "#0"},
				"up": {"uv": [1, 1, 0, 0], "texture": "#0"},
				"down": {"uv": [1, 1.25, 0, 2.25], "texture": "#0"}
			}
		},
		{
			"from": [6, 7, 6],
			"to": [10, 8, 10],
			"faces": {
				"north": {"uv": [0.75, 4.25, 1.75, 4.5], "texture": "#0"},
				"east": {"uv": [4.25, 0.75, 5.25, 1], "texture": "#0"},
				"south": {"uv": [4.25, 2, 5.25, 2.25], "texture": "#0"},
				"west": {"uv": [4, 4.25, 5, 4.5], "texture": "#0"},
				"up": {"uv": [2.25, 1, 1.25, 0], "texture": "#0"},
				"down": {"uv": [2.25, 1.25, 1.25, 2.25], "texture": "#0"}
			}
		},
		{
			"from": [6.5, 3, 6.5],
			"to": [9.5, 4, 9.5],
			"faces": {
				"north": {"uv": [5, 0, 5.75, 0.25], "texture": "#0"},
				"east": {"uv": [0, 5.25, 0.75, 5.5], "texture": "#0"},
				"south": {"uv": [2.25, 5.25, 3, 5.5], "texture": "#0"},
				"west": {"uv": [5.25, 2.5, 6, 2.75], "texture": "#0"},
				"up": {"uv": [3.25, 2.75, 2.5, 2], "texture": "#0"},
				"down": {"uv": [3.25, 3, 2.5, 3.75], "texture": "#0"}
			}
		},
		{
			"from": [7, 8, 7],
			"to": [9, 9, 9],
			"faces": {
				"north": {"uv": [6.25, 4, 6.75, 4.25], "texture": "#0"},
				"east": {"uv": [6.25, 4.5, 6.75, 4.75], "texture": "#0"},
				"south": {"uv": [6.25, 5, 6.75, 5.25], "texture": "#0"},
				"west": {"uv": [6.25, 5.5, 6.75, 5.75], "texture": "#0"},
				"up": {"uv": [2, 4, 1.5, 3.5], "texture": "#0"},
				"down": {"uv": [4, 2, 3.5, 2.5], "texture": "#0"}
			}
		},
		{
			"from": [7, 9.5, 7],
			"to": [9, 10.5, 9],
			"rotation": {"angle": 0, "axis": "y", "origin": [8, 10, 8]},
			"faces": {
				"north": {"uv": [6.25, 6, 6.75, 6.25], "texture": "#0"},
				"east": {"uv": [6.5, 1, 7, 1.25], "texture": "#0"},
				"south": {"uv": [6.5, 1.5, 7, 1.75], "texture": "#0"},
				"west": {"uv": [6.5, 2, 7, 2.25], "texture": "#0"},
				"up": {"uv": [4.25, 1.75, 3.75, 1.25], "texture": "#0"},
				"down": {"uv": [4.5, 2.75, 4, 3.25], "texture": "#0"}
			}
		},
		{
			"from": [7, 9.525, 7],
			"to": [9, 10.475, 9],
			"rotation": {"angle": -45, "axis": "y", "origin": [8, 10, 8]},
			"faces": {
				"north": {"uv": [5.75, 6.5, 6.25, 6.75], "texture": "#0"},
				"east": {"uv": [6.5, 6.5, 7, 6.75], "texture": "#0"},
				"south": {"uv": [0, 6.75, 0.5, 7], "texture": "#0"},
				"west": {"uv": [6.75, 0, 7.25, 0.25], "texture": "#0"},
				"up": {"uv": [3.75, 4.5, 3.25, 4], "texture": "#0"},
				"down": {"uv": [4.5, 3.5, 4, 4], "texture": "#0"}
			}
		},
		{
			"from": [7.5, 2, 7.5],
			"to": [8.5, 3, 8.5],
			"rotation": {"angle": -45, "axis": "y", "origin": [8, 3, 8]},
			"faces": {
				"north": {"uv": [7.75, 2.5, 8, 2.75], "texture": "#0"},
				"east": {"uv": [7.75, 3, 8, 3.25], "texture": "#0"},
				"south": {"uv": [3.5, 7.75, 3.75, 8], "texture": "#0"},
				"west": {"uv": [7.75, 3.5, 8, 3.75], "texture": "#0"},
				"up": {"uv": [6, 8, 5.75, 7.75], "texture": "#0"},
				"down": {"uv": [8, 6, 7.75, 6.25], "texture": "#0"}
			}
		},
		{
			"from": [7.5, 8.5, 7.5],
			"to": [8.5, 12.5, 8.5],
			"rotation": {"angle": -45, "axis": "y", "origin": [8, 3, 8]},
			"faces": {
				"north": {"uv": [3.5, 2.75, 3.75, 3.75], "texture": "#0"},
				"east": {"uv": [3.75, 0, 4, 1], "texture": "#0"},
				"south": {"uv": [2.25, 4, 2.5, 5], "texture": "#0"},
				"west": {"uv": [2.75, 4, 3, 5], "texture": "#0"},
				"up": {"uv": [7.5, 8, 7.25, 7.75], "texture": "#0"},
				"down": {"uv": [8, 7.5, 7.75, 7.75], "texture": "#0"}
			}
		},
		{
			"from": [9.5, 5, 9.5],
			"to": [10.5, 6, 10.5],
			"faces": {
				"north": {"uv": [7.5, 5.5, 7.75, 5.75], "texture": "#0"},
				"east": {"uv": [0, 7.75, 0.25, 8], "texture": "#0"},
				"south": {"uv": [7.75, 1, 8, 1.25], "texture": "#0"},
				"west": {"uv": [7.75, 1.5, 8, 1.75], "texture": "#0"},
				"up": {"uv": [2.25, 8, 2, 7.75], "texture": "#0"},
				"down": {"uv": [8, 2, 7.75, 2.25], "texture": "#0"}
			}
		},
		{
			"from": [9.5, 5, 6.5],
			"to": [10.5, 6, 9.5],
			"faces": {
				"north": {"uv": [7.5, 5, 7.75, 5.25], "texture": "#0"},
				"east": {"uv": [3.25, 4.75, 4, 5], "texture": "#0"},
				"south": {"uv": [5.25, 7.5, 5.5, 7.75], "texture": "#0"},
				"west": {"uv": [4.75, 3.5, 5.5, 3.75], "texture": "#0"},
				"up": {"uv": [4.5, 5.5, 4.25, 4.75], "texture": "#0"},
				"down": {"uv": [5, 4.75, 4.75, 5.5], "texture": "#0"}
			}
		},
		{
			"from": [9.5, 5, 5.5],
			"to": [10.5, 6, 6.5],
			"faces": {
				"north": {"uv": [2.5, 7.5, 2.75, 7.75], "texture": "#0"},
				"east": {"uv": [3, 7.5, 3.25, 7.75], "texture": "#0"},
				"south": {"uv": [7.5, 4, 7.75, 4.25], "texture": "#0"},
				"west": {"uv": [4.25, 7.5, 4.5, 7.75], "texture": "#0"},
				"up": {"uv": [7.75, 4.75, 7.5, 4.5], "texture": "#0"},
				"down": {"uv": [5, 7.5, 4.75, 7.75], "texture": "#0"}
			}
		},
		{
			"from": [8.5, 3.5, 5.5],
			"to": [9.5, 6.5, 6.5],
			"faces": {
				"north": {"uv": [1, 5.25, 1.25, 6], "texture": "#0"},
				"east": {"uv": [3.25, 5.25, 3.5, 6], "texture": "#0"},
				"south": {"uv": [3.75, 5.25, 4, 6], "texture": "#0"},
				"west": {"uv": [5.25, 4, 5.5, 4.75], "texture": "#0"},
				"up": {"uv": [1.75, 8.25, 1.5, 8], "texture": "#0"},
				"down": {"uv": [2.75, 8, 2.5, 8.25], "texture": "#0"}
			}
		},
		{
			"from": [6.5, 3.5, 5.5],
			"to": [7.5, 6.5, 6.5],
			"faces": {
				"north": {"uv": [5.25, 5, 5.5, 5.75], "texture": "#0"},
				"east": {"uv": [5.5, 0.5, 5.75, 1.25], "texture": "#0"},
				"south": {"uv": [5.5, 1.5, 5.75, 2.25], "texture": "#0"},
				"west": {"uv": [0, 5.75, 0.25, 6.5], "texture": "#0"},
				"up": {"uv": [3.25, 8.25, 3, 8], "texture": "#0"},
				"down": {"uv": [4.25, 8, 4, 8.25], "texture": "#0"}
			}
		},
		{
			"from": [8.5, 3.5, 9.5],
			"to": [9.5, 6.5, 10.5],
			"rotation": {"angle": 0, "axis": "y", "origin": [0, 0, 16]},
			"faces": {
				"north": {"uv": [4, 5.25, 3.75, 6], "texture": "#0"},
				"east": {"uv": [3.5, 5.25, 3.25, 6], "texture": "#0"},
				"south": {"uv": [1.25, 5.25, 1, 6], "texture": "#0"},
				"west": {"uv": [5.5, 4, 5.25, 4.75], "texture": "#0"},
				"up": {"uv": [1.75, 8, 1.5, 8.25], "texture": "#0"},
				"down": {"uv": [2.75, 8.25, 2.5, 8], "texture": "#0"}
			}
		},
		{
			"from": [6.5, 3.5, 9.5],
			"to": [7.5, 6.5, 10.5],
			"rotation": {"angle": 0, "axis": "y", "origin": [0, 0, 16]},
			"faces": {
				"north": {"uv": [5.75, 1.5, 5.5, 2.25], "texture": "#0"},
				"east": {"uv": [5.75, 0.5, 5.5, 1.25], "texture": "#0"},
				"south": {"uv": [5.5, 5, 5.25, 5.75], "texture": "#0"},
				"west": {"uv": [0.25, 5.75, 0, 6.5], "texture": "#0"},
				"up": {"uv": [3.25, 8, 3, 8.25], "texture": "#0"},
				"down": {"uv": [4.25, 8.25, 4, 8], "texture": "#0"}
			}
		},
		{
			"from": [5.5, 5, 5.5],
			"to": [6.5, 6, 6.5],
			"rotation": {"angle": 0, "axis": "y", "origin": [16, 0, 0]},
			"faces": {
				"north": {"uv": [5.25, 3, 5.5, 3.25], "texture": "#0"},
				"east": {"uv": [0, 7.25, 0.25, 7.5], "texture": "#0"},
				"south": {"uv": [7.25, 1, 7.5, 1.25], "texture": "#0"},
				"west": {"uv": [7.25, 1.5, 7.5, 1.75], "texture": "#0"},
				"up": {"uv": [2.25, 7.5, 2, 7.25], "texture": "#0"},
				"down": {"uv": [7.5, 2, 7.25, 2.25], "texture": "#0"}
			}
		},
		{
			"from": [5.5, 5, 9.5],
			"to": [6.5, 6, 10.5],
			"rotation": {"angle": 0, "axis": "y", "origin": [16, 0, 0]},
			"faces": {
				"north": {"uv": [7.25, 7.25, 7.5, 7.5], "texture": "#0"},
				"east": {"uv": [7.5, 0, 7.75, 0.25], "texture": "#0"},
				"south": {"uv": [0.5, 7.5, 0.75, 7.75], "texture": "#0"},
				"west": {"uv": [7.5, 0.5, 7.75, 0.75], "texture": "#0"},
				"up": {"uv": [1.25, 7.75, 1, 7.5], "texture": "#0"},
				"down": {"uv": [1.75, 7.5, 1.5, 7.75], "texture": "#0"}
			}
		},
		{
			"from": [5.5, 5, 6.5],
			"to": [6.5, 6, 9.5],
			"rotation": {"angle": 0, "axis": "y", "origin": [6, 6, 8]},
			"faces": {
				"north": {"uv": [7.25, 6.25, 7.5, 6.5], "texture": "#0"},
				"east": {"uv": [4.5, 1.25, 5.25, 1.5], "texture": "#0"},
				"south": {"uv": [7.25, 6.75, 7.5, 7], "texture": "#0"},
				"west": {"uv": [0.75, 4.75, 1.5, 5], "texture": "#0"},
				"up": {"uv": [2, 5.5, 1.75, 4.75], "texture": "#0"},
				"down": {"uv": [5, 2.5, 4.75, 3.25], "texture": "#0"}
			}
		},
		{
			"from": [4.5, 5, 7.5],
			"to": [6.5, 7, 8.5],
			"rotation": {"angle": 45, "axis": "z", "origin": [5.5, 6, 8]},
			"faces": {
				"north": {"uv": [0, 3.5, 0.5, 4], "texture": "#0"},
				"east": {"uv": [5.75, 5, 6, 5.5], "texture": "#0"},
				"south": {"uv": [0.75, 3.5, 1.25, 4], "texture": "#0"},
				"west": {"uv": [5.75, 5.75, 6, 6.25], "texture": "#0"},
				"up": {"uv": [6.5, 0.25, 6, 0], "texture": "#0"},
				"down": {"uv": [6.5, 0.5, 6, 0.75], "texture": "#0"}
			}
		},
		{
			"from": [4.5, 6, 7.525],
			"to": [5.5, 8, 8.475],
			"rotation": {"angle": -22.5, "axis": "z", "origin": [5.5, 6, 8]},
			"faces": {
				"north": {"uv": [6, 1, 6.25, 1.5], "texture": "#0"},
				"east": {"uv": [6, 1.75, 6.25, 2.25], "texture": "#0"},
				"south": {"uv": [5.25, 6, 5.5, 6.5], "texture": "#0"},
				"west": {"uv": [1, 6.25, 1.25, 6.75], "texture": "#0"},
				"up": {"uv": [6.5, 8, 6.25, 7.75], "texture": "#0"},
				"down": {"uv": [8, 6.5, 7.75, 6.75], "texture": "#0"}
			}
		},
		{
			"from": [4.75, 3.5, 7.525],
			"to": [5.75, 5.5, 8.475],
			"rotation": {"angle": 22.5, "axis": "z", "origin": [5.5, 6, 8]},
			"faces": {
				"north": {"uv": [5.25, 6.75, 5.5, 7.25], "texture": "#0"},
				"east": {"uv": [3.75, 7, 4, 7.5], "texture": "#0"},
				"south": {"uv": [7, 4, 7.25, 4.5], "texture": "#0"},
				"west": {"uv": [7, 4.75, 7.25, 5.25], "texture": "#0"},
				"up": {"uv": [8.25, 5.25, 8, 5], "texture": "#0"},
				"down": {"uv": [8.25, 5.5, 8, 5.75], "texture": "#0"}
			}
		},
		{
			"from": [10.25, 3.5, 7.525],
			"to": [11.25, 5.5, 8.475],
			"rotation": {"angle": -22.5, "axis": "z", "origin": [10.5, 6, 8]},
			"faces": {
				"north": {"uv": [7, 5.5, 7.25, 6], "texture": "#0"},
				"east": {"uv": [5.75, 7, 6, 7.5], "texture": "#0"},
				"south": {"uv": [6.25, 7, 6.5, 7.5], "texture": "#0"},
				"west": {"uv": [6.75, 7, 7, 7.5], "texture": "#0"},
				"up": {"uv": [8, 8.25, 7.75, 8], "texture": "#0"},
				"down": {"uv": [0.25, 8.25, 0, 8.5], "texture": "#0"}
			}
		},
		{
			"from": [5.72417, 7.30656, 7.55],
			"to": [7.72417, 8.30656, 8.45],
			"rotation": {"angle": 22.5, "axis": "z", "origin": [5.72417, 7.30656, 8]},
			"faces": {
				"north": {"uv": [6.25, 2.5, 6.75, 2.75], "texture": "#0"},
				"east": {"uv": [6.75, 7.75, 7, 8], "texture": "#0"},
				"south": {"uv": [3, 6.25, 3.5, 6.5], "texture": "#0"},
				"west": {"uv": [7.75, 7, 8, 7.25], "texture": "#0"},
				"up": {"uv": [6.75, 3.25, 6.25, 3], "texture": "#0"},
				"down": {"uv": [6.75, 3.5, 6.25, 3.75], "texture": "#0"}
			}
		},
		{
			"from": [8.27583, 7.30656, 7.55],
			"to": [10.27583, 8.30656, 8.45],
			"rotation": {"angle": -22.5, "axis": "z", "origin": [10.27583, 7.30656, 8]},
			"faces": {
				"north": {"uv": [0.75, 7, 1.25, 7.25], "texture": "#0"},
				"east": {"uv": [8, 0.5, 8.25, 0.75], "texture": "#0"},
				"south": {"uv": [7, 2.5, 7.5, 2.75], "texture": "#0"},
				"west": {"uv": [1, 8, 1.25, 8.25], "texture": "#0"},
				"up": {"uv": [7.5, 3.25, 7, 3], "texture": "#0"},
				"down": {"uv": [7.5, 3.5, 7, 3.75], "texture": "#0"}
			}
		},
		{
			"from": [10.5, 6, 7.525],
			"to": [11.5, 8, 8.475],
			"rotation": {"angle": 22.5, "axis": "z", "origin": [10.5, 6, 8]},
			"faces": {
				"north": {"uv": [2.75, 6.75, 3, 7.25], "texture": "#0"},
				"east": {"uv": [3.25, 6.75, 3.5, 7.25], "texture": "#0"},
				"south": {"uv": [4.25, 6.75, 4.5, 7.25], "texture": "#0"},
				"west": {"uv": [4.75, 6.75, 5, 7.25], "texture": "#0"},
				"up": {"uv": [8.25, 0.25, 8, 0], "texture": "#0"},
				"down": {"uv": [0.75, 8, 0.5, 8.25], "texture": "#0"}
			}
		},
		{
			"from": [9.5, 5, 7.5],
			"to": [11.5, 7, 8.5],
			"rotation": {"angle": -45, "axis": "z", "origin": [10.5, 6, 8]},
			"faces": {
				"north": {"uv": [0, 4.25, 0.5, 4.75], "texture": "#0"},
				"east": {"uv": [3.75, 6.25, 4, 6.75], "texture": "#0"},
				"south": {"uv": [4.25, 0, 4.75, 0.5], "texture": "#0"},
				"west": {"uv": [1.5, 6.75, 1.75, 7.25], "texture": "#0"},
				"up": {"uv": [7.25, 0.75, 6.75, 0.5], "texture": "#0"},
				"down": {"uv": [2.5, 6.75, 2, 7], "texture": "#0"}
			}
		}
	],
	"gui_light": "front",
	"display": {
		"thirdperson_righthand": {
			"rotation": [25.93, -37.06, -28.1],
			"translation": [-2, 2, 2.5],
			"scale": [0.8, 0.8, 0.8]
		},
		"thirdperson_lefthand": {
			"rotation": [25.93, -37.06, -28.1],
			"translation": [-2, 2, 2.5],
			"scale": [0.8, 0.8, 0.8]
		},
		"firstperson_righthand": {
			"rotation": [-7.03, 3.73, -4.82],
			"translation": [0, 2.75, 0],
			"scale": [0.8, 0.8, 0.8]
		},
		"firstperson_lefthand": {
			"rotation": [-7.03, 3.73, -4.82],
			"translation": [0, 2.75, 0],
			"scale": [0.8, 0.8, 0.8]
		},
		"ground": {
			"scale": [0.7, 0.7, 0.7]
		},
		"gui": {
			"rotation": [8.73, -27.91, -5],
			"translation": [0.5, 0.75, 0],
			"scale": [1.2, 1.2, 1.2]
		},
		"head": {
			"translation": [0, 13.75, 0],
			"scale": [1.6, 1.6, 1.6]
		},
		"fixed": {
			"translation": [0, 0, -1.25],
			"scale": [1.2, 1.2, 1.2]
		}
	},
	"groups": [
		0,
		1,
		2,
		3,
		4,
		5,
		6,
		7,
		{
			"name": "group",
			"origin": [16, 0, 0],
			"color": 0,
			"children": [8, 9, 10, 11, 12, 13, 14, 15, 16, 17, 18, 19, 20, 21, 22, 23, 24, 25]
		}
	]
}