{
	"credit": "Made with Blockbench",
	"texture_size": [64, 64],
	"textures": {
		"0": "nocsy/toffy_glowy_wand",
		"particle": "nocsy/toffy_glowy_wand"
	},
	"elements": [
		{
			"from": [7, 15, 7],
			"to": [9, 17, 9],
			"rotation": {"angle": -22.5, "axis": "x", "origin": [8, 14, 8]},
			"faces": {
				"north": {"uv": [0, 5.25, 0.5, 5.75], "texture": "#0"},
				"east": {"uv": [0.75, 5.25, 1.25, 5.75], "texture": "#0"},
				"south": {"uv": [1.5, 5.25, 2, 5.75], "texture": "#0"},
				"west": {"uv": [2.25, 5.25, 2.75, 5.75], "texture": "#0"},
				"up": {"uv": [6, 0.5, 5.5, 0], "texture": "#0"},
				"down": {"uv": [6, 0.75, 5.5, 1.25], "texture": "#0"}
			}
		},
		{
			"from": [7, 23.35683, 6.10875],
			"to": [9, 25.35683, 8.10875],
			"rotation": {"angle": 22.5, "axis": "x", "origin": [8, 24.35683, 6.85875]},
			"faces": {
				"north": {"uv": [5.5, 1.5, 6, 2], "texture": "#0"},
				"east": {"uv": [5.5, 2.25, 6, 2.75], "texture": "#0"},
				"south": {"uv": [5.5, 3, 6, 3.5], "texture": "#0"},
				"west": {"uv": [5.5, 3.75, 6, 4.25], "texture": "#0"},
				"up": {"uv": [6, 5, 5.5, 4.5], "texture": "#0"},
				"down": {"uv": [6, 5.25, 5.5, 5.75], "texture": "#0"}
			}
		},
		{
			"from": [6.5, 18, 8.5],
			"to": [9.5, 21, 11.5],
			"rotation": {"angle": -22.5, "axis": "x", "origin": [8, 14, 8]},
			"faces": {
				"north": {"uv": [3.5, 2.5, 4.25, 3.25], "texture": "#0"},
				"east": {"uv": [3.5, 3.5, 4.25, 4.25], "texture": "#0"},
				"south": {"uv": [4, 0, 4.75, 0.75], "texture": "#0"},
				"west": {"uv": [4, 1, 4.75, 1.75], "texture": "#0"},
				"up": {"uv": [0.75, 5, 0, 4.25], "texture": "#0"},
				"down": {"uv": [1.75, 4.25, 1, 5], "texture": "#0"}
			}
		},
		{
			"from": [7.55, 16.15851, 11.26956],
			"to": [8.45, 20.15851, 12.26956],
			"rotation": {"angle": -22.5, "axis": "x", "origin": [7.5, 14.15851, 5.76956]},
			"faces": {
				"north": {"uv": [0, 6, 0.25, 7], "texture": "#0"},
				"east": {"uv": [0.5, 6, 0.75, 7], "texture": "#0"},
				"south": {"uv": [1, 6, 1.25, 7], "texture": "#0"},
				"west": {"uv": [1.5, 6, 1.75, 7], "texture": "#0"},
				"up": {"uv": [4.25, 2.25, 4, 2], "texture": "#0"},
				"down": {"uv": [5.25, 1.5, 5, 1.75], "texture": "#0"}
			}
		},
		{
			"from": [7.575, 22.56668, 4.55375],
			"to": [8.425, 25.56668, 5.55375],
			"rotation": {"angle": 22.5, "axis": "x", "origin": [7.5, 23.06668, 6.05375]},
			"faces": {
				"north": {"uv": [4, 6.5, 4.25, 7.25], "texture": "#0"},
				"east": {"uv": [4.5, 6.5, 4.75, 7.25], "texture": "#0"},
				"south": {"uv": [5, 6.5, 5.25, 7.25], "texture": "#0"},
				"west": {"uv": [5.5, 6.5, 5.75, 7.25], "texture": "#0"},
				"up": {"uv": [7.5, 6, 7.25, 5.75], "texture": "#0"},
				"down": {"uv": [6.25, 7.25, 6, 7.5], "texture": "#0"}
			}
		},
		{
			"from": [8, 25.56668, 2.55375],
			"to": [8, 31.56668, 8.55375],
			"rotation": {"angle": 22.5, "axis": "x", "origin": [7.5, 23.06668, 6.05375]},
			"faces": {
				"north": {"uv": [7, 7.5, 7, 9], "texture": "#0"},
				"east": {"uv": [0, 2.5, 1.5, 4], "texture": "#0"},
				"south": {"uv": [1.5, 7.75, 1.5, 9.25], "texture": "#0"},
				"west": {"uv": [1.75, 2.5, 3.25, 4], "texture": "#0"},
				"up": {"uv": [7.75, 3, 7.75, 1.5], "texture": "#0"},
				"down": {"uv": [1.75, 7.75, 1.75, 9.25], "texture": "#0"}
			}
		},
		{
			"from": [7.575, 22.56668, 5.55375],
			"to": [8.425, 23.56668, 9.55375],
			"rotation": {"angle": 22.5, "axis": "x", "origin": [7.5, 23.06668, 6.05375]},
			"faces": {
				"north": {"uv": [7.25, 6.25, 7.5, 6.5], "texture": "#0"},
				"east": {"uv": [5, 6, 6, 6.25], "texture": "#0"},
				"south": {"uv": [7.25, 6.75, 7.5, 7], "texture": "#0"},
				"west": {"uv": [6.25, 0, 7.25, 0.25], "texture": "#0"},
				"up": {"uv": [2.25, 7, 2, 6], "texture": "#0"},
				"down": {"uv": [2.75, 6, 2.5, 7], "texture": "#0"}
			}
		},
		{
			"from": [7.525, 11.41212, 8.32836],
			"to": [8.475, 14.41212, 9.32836],
			"rotation": {"angle": 45, "axis": "x", "origin": [8, 16.91212, 8.82836]},
			"faces": {
				"north": {"uv": [6.25, 4.25, 6.5, 5], "texture": "#0"},
				"east": {"uv": [6.25, 5.25, 6.5, 6], "texture": "#0"},
				"south": {"uv": [6.25, 6.25, 6.5, 7], "texture": "#0"},
				"west": {"uv": [3.5, 6.5, 3.75, 7.25], "texture": "#0"},
				"up": {"uv": [7.5, 5, 7.25, 4.75], "texture": "#0"},
				"down": {"uv": [7.5, 5.25, 7.25, 5.5], "texture": "#0"}
			}
		},
		{
			"from": [8, 9.41212, 7.32836],
			"to": [8, 18.41212, 14.32836],
			"rotation": {"angle": 45, "axis": "x", "origin": [8, 16.91212, 8.82836]},
			"faces": {
				"north": {"uv": [7.75, 3.25, 7.75, 5.5], "texture": "#0"},
				"east": {"uv": [0, 0, 1.75, 2.25], "texture": "#0"},
				"south": {"uv": [7.75, 5.75, 7.75, 8], "texture": "#0"},
				"west": {"uv": [2, 0, 3.75, 2.25], "texture": "#0"},
				"up": {"uv": [6, 9.5, 6, 7.75], "texture": "#0"},
				"down": {"uv": [6.25, 7.75, 6.25, 9.5], "texture": "#0"}
			}
		},
		{
			"from": [7.525, 15.57088, 10.62149],
			"to": [8.475, 18.57088, 11.62149],
			"rotation": {"angle": 22.5, "axis": "x", "origin": [8, 20.07088, 11.12149]},
			"faces": {
				"north": {"uv": [6.75, 3.5, 7, 4.25], "texture": "#0"},
				"east": {"uv": [6.75, 4.5, 7, 5.25], "texture": "#0"},
				"south": {"uv": [6.75, 5.5, 7, 6.25], "texture": "#0"},
				"west": {"uv": [6.75, 6.5, 7, 7.25], "texture": "#0"},
				"up": {"uv": [3.25, 7.75, 3, 7.5], "texture": "#0"},
				"down": {"uv": [3.75, 7.5, 3.5, 7.75], "texture": "#0"}
			}
		},
		{
			"from": [7.5, 16.18192, 6.17315],
			"to": [8.5, 17.18192, 9.17315],
			"rotation": {"angle": -22.5, "axis": "x", "origin": [8, 17.68192, 10.67315]},
			"faces": {
				"north": {"uv": [4, 7.5, 4.25, 7.75], "texture": "#0"},
				"east": {"uv": [0, 7.25, 0.75, 7.5], "texture": "#0"},
				"south": {"uv": [4.5, 7.5, 4.75, 7.75], "texture": "#0"},
				"west": {"uv": [1, 7.25, 1.75, 7.5], "texture": "#0"},
				"up": {"uv": [7.5, 2.25, 7.25, 1.5], "texture": "#0"},
				"down": {"uv": [2.25, 7.25, 2, 8], "texture": "#0"}
			}
		},
		{
			"from": [7.55, 17.11626, 7.08449],
			"to": [8.45, 18.11626, 10.08449],
			"rotation": {"angle": -22.5, "axis": "x", "origin": [7, 17.61626, 7.58449]},
			"faces": {
				"north": {"uv": [7.25, 7.25, 7.5, 7.5], "texture": "#0"},
				"east": {"uv": [6.75, 0.5, 7.5, 0.75], "texture": "#0"},
				"south": {"uv": [7.5, 0, 7.75, 0.25], "texture": "#0"},
				"west": {"uv": [6.75, 1, 7.5, 1.25], "texture": "#0"},
				"up": {"uv": [7, 2.25, 6.75, 1.5], "texture": "#0"},
				"down": {"uv": [7, 2.5, 6.75, 3.25], "texture": "#0"}
			}
		},
		{
			"from": [7.45, 0.0412, 7.30656],
			"to": [8.55, 4.0412, 8.30656],
			"rotation": {"angle": 0, "axis": "y", "origin": [-0.5, 0.0412, -0.69344]},
			"faces": {
				"north": {"uv": [6.25, 0.5, 6.5, 1.5], "texture": "#0"},
				"east": {"uv": [6.25, 1.75, 6.5, 2.75], "texture": "#0"},
				"south": {"uv": [3, 6.25, 3.25, 7.25], "texture": "#0"},
				"west": {"uv": [6.25, 3, 6.5, 4], "texture": "#0"},
				"up": {"uv": [5.25, 7.75, 5, 7.5], "texture": "#0"},
				"down": {"uv": [5.75, 7.5, 5.5, 7.75], "texture": "#0"}
			}
		},
		{
			"from": [7.425, -1.61522, 8.03387],
			"to": [8.575, 0.38478, 9.03387],
			"rotation": {"angle": -22.5, "axis": "x", "origin": [8, -1.61522, 8.53387]},
			"faces": {
				"north": {"uv": [2.5, 7.25, 2.75, 7.75], "texture": "#0"},
				"east": {"uv": [7.25, 2.5, 7.5, 3], "texture": "#0"},
				"south": {"uv": [7.25, 3.25, 7.5, 3.75], "texture": "#0"},
				"west": {"uv": [7.25, 4, 7.5, 4.5], "texture": "#0"},
				"up": {"uv": [1.25, 8, 1, 7.75], "texture": "#0"},
				"down": {"uv": [8, 1, 7.75, 1.25], "texture": "#0"}
			}
		},
		{
			"from": [8, -2.61522, 8.03387],
			"to": [8, 0.38478, 11.03387],
			"rotation": {"angle": -22.5, "axis": "x", "origin": [8, -1.61522, 8.53387]},
			"faces": {
				"north": {"uv": [7.25, 7.75, 7.25, 8.5], "texture": "#0"},
				"east": {"uv": [2, 4.25, 2.75, 5], "texture": "#0"},
				"south": {"uv": [7.5, 7.75, 7.5, 8.5], "texture": "#0"},
				"west": {"uv": [4.5, 2, 5.25, 2.75], "texture": "#0"},
				"up": {"uv": [8, 2.25, 8, 1.5], "texture": "#0"},
				"down": {"uv": [2.5, 8, 2.5, 8.75], "texture": "#0"}
			}
		},
		{
			"from": [7.475, 4.26956, 6.15851],
			"to": [8.525, 9.26956, 7.15851],
			"rotation": {"angle": 22.5, "axis": "x", "origin": [7.5, 1.26956, 6.15851]},
			"faces": {
				"north": {"uv": [5, 0, 5.25, 1.25], "texture": "#0"},
				"east": {"uv": [5, 3, 5.25, 4.25], "texture": "#0"},
				"south": {"uv": [4.5, 5, 4.75, 6.25], "texture": "#0"},
				"west": {"uv": [5, 4.5, 5.25, 5.75], "texture": "#0"},
				"up": {"uv": [6.75, 7.75, 6.5, 7.5], "texture": "#0"},
				"down": {"uv": [0.25, 7.75, 0, 8], "texture": "#0"}
			}
		},
		{
			"from": [7.5, 8.04747, 9.98535],
			"to": [8.5, 15.04747, 10.98535],
			"rotation": {"angle": -22.5, "axis": "x", "origin": [7.5, 6.04747, 9.98535]},
			"faces": {
				"north": {"uv": [3, 4.25, 3.25, 6], "texture": "#0"},
				"east": {"uv": [4.5, 3, 4.75, 4.75], "texture": "#0"},
				"south": {"uv": [3.5, 4.5, 3.75, 6.25], "texture": "#0"},
				"west": {"uv": [4, 4.5, 4.25, 6.25], "texture": "#0"},
				"up": {"uv": [0.75, 8, 0.5, 7.75], "texture": "#0"},
				"down": {"uv": [8, 0.5, 7.75, 0.75], "texture": "#0"}
			}
		}
	],
	"gui_light": "front",
	"display": {
		"thirdperson_righthand": {
			"translation": [0, 1.25, 0.75]
		},
		"thirdperson_lefthand": {
			"translation": [0, 1.25, 0.75]
		},
		"firstperson_righthand": {
			"scale": [0.64, 0.64, 0.64]
		},
		"firstperson_lefthand": {
			"scale": [0.64, 0.64, 0.64]
		},
		"ground": {
			"rotation": [45, 0, 0],
			"scale": [0.4, 0.4, 0.4]
		},
		"gui": {
			"rotation": [61.71, 41.62, -70.32],
			"translation": [-3, -2.5, 0],
			"scale": [0.6, 0.6, 0.6]
		}
	}
}