{"textures":{"0":"modelengine:entity/nocsy_chibi_australian_shepherd","particle":"#0"},"elements":[{"from":[5.5,6.9,3.9],"to":[10.5,11.9,8.9],"faces":{"east":{"uv":[2.0,3.5,3.25,4.75],"tintindex":0,"rotation":0,"texture":"#0"},"south":{"uv":[3.5,2.75,4.75,4.0],"tintindex":0,"rotation":0,"texture":"#0"},"north":{"uv":[3.5,1.25,4.75,2.5],"tintindex":0,"rotation":0,"texture":"#0"},"west":{"uv":[3.5,4.25,4.75,5.5],"tintindex":0,"rotation":0,"texture":"#0"},"up":{"uv":[1.25,6.0,0.0,4.75],"tintindex":0,"rotation":0,"texture":"#0"},"down":{"uv":[6.25,0.0,5.0,1.25],"tintindex":0,"rotation":0,"texture":"#0"}}},{"from":[6.3,8.9,3.75],"to":[7.0,9.6,3.75],"faces":{"east":{"uv":[2.0,3.5,3.25,4.75],"tintindex":0,"rotation":0,"texture":"#0"},"south":{"uv":[1.0,10.5,0.75,10.75],"tintindex":0,"rotation":0,"texture":"#0"},"north":{"uv":[0.75,10.5,1.0,10.75],"tintindex":0,"rotation":0,"texture":"#0"},"west":{"uv":[3.5,4.25,4.75,5.5],"tintindex":0,"rotation":0,"texture":"#0"},"up":{"uv":[1.25,6.0,0.0,4.75],"tintindex":0,"rotation":0,"texture":"#0"},"down":{"uv":[6.25,0.0,5.0,1.25],"tintindex":0,"rotation":0,"texture":"#0"}}},{"from":[6.0,8.8,3.8000002],"to":[7.2,10.0,3.8000002],"faces":{"east":{"uv":[2.0,3.5,3.25,4.75],"tintindex":0,"rotation":0,"texture":"#0"},"south":{"uv":[3.5,2.75,4.75,4.0],"tintindex":0,"rotation":0,"texture":"#0"},"north":{"uv":[0.0,10.5,0.5,11.0],"tintindex":0,"rotation":0,"texture":"#0"},"west":{"uv":[3.5,4.25,4.75,5.5],"tintindex":0,"rotation":0,"texture":"#0"},"up":{"uv":[1.25,6.0,0.0,4.75],"tintindex":0,"rotation":0,"texture":"#0"},"down":{"uv":[6.25,0.0,5.0,1.25],"tintindex":0,"rotation":0,"texture":"#0"}}},{"from":[8.8,8.8,3.8000002],"to":[10.0,10.0,3.8000002],"faces":{"east":{"uv":[4.75,4.25,3.5,5.5],"tintindex":0,"rotation":0,"texture":"#0"},"south":{"uv":[4.75,2.75,3.5,4.0],"tintindex":0,"rotation":0,"texture":"#0"},"north":{"uv":[0.5,10.5,0.0,11.0],"tintindex":0,"rotation":0,"texture":"#0"},"west":{"uv":[3.25,3.5,2.0,4.75],"tintindex":0,"rotation":0,"texture":"#0"},"up":{"uv":[0.0,6.0,1.25,4.75],"tintindex":0,"rotation":0,"texture":"#0"},"down":{"uv":[5.0,0.0,6.25,1.25],"tintindex":0,"rotation":0,"texture":"#0"}}},{"from":[8.7,8.6,3.85],"to":[10.2,9.6,3.85],"faces":{"east":{"uv":[4.75,4.25,3.5,5.5],"tintindex":0,"rotation":0,"texture":"#0"},"south":{"uv":[0.0,11.25,0.25,11.5],"tintindex":0,"rotation":0,"texture":"#0"},"north":{"uv":[0.25,11.25,0.0,11.5],"tintindex":0,"rotation":0,"texture":"#0"},"west":{"uv":[3.25,3.5,2.0,4.75],"tintindex":0,"rotation":0,"texture":"#0"},"up":{"uv":[0.0,6.0,1.25,4.75],"tintindex":0,"rotation":0,"texture":"#0"},"down":{"uv":[5.0,0.0,6.25,1.25],"tintindex":0,"rotation":0,"texture":"#0"}}},{"from":[7.0,7.5,1.9000001],"to":[9.0,9.3,3.9],"faces":{"east":{"uv":[3.0,9.25,3.5,9.75],"tintindex":0,"rotation":0,"texture":"#0"},"south":{"uv":[9.25,4.25,9.75,4.75],"tintindex":0,"rotation":0,"texture":"#0"},"north":{"uv":[9.25,2.25,9.75,2.75],"tintindex":0,"rotation":0,"texture":"#0"},"west":{"uv":[6.75,9.25,7.25,9.75],"tintindex":0,"rotation":0,"texture":"#0"},"up":{"uv":[8.0,9.75,7.5,9.25],"tintindex":0,"rotation":0,"texture":"#0"},"down":{"uv":[0.5,9.5,0.0,10.0],"tintindex":0,"rotation":0,"texture":"#0"}}},{"from":[9.0,8.9,3.75],"to":[9.7,9.6,3.75],"faces":{"east":{"uv":[4.75,4.25,3.5,5.5],"tintindex":0,"rotation":0,"texture":"#0"},"south":{"uv":[0.75,10.5,1.0,10.75],"tintindex":0,"rotation":0,"texture":"#0"},"north":{"uv":[1.0,10.5,0.75,10.75],"tintindex":0,"rotation":0,"texture":"#0"},"west":{"uv":[3.25,3.5,2.0,4.75],"tintindex":0,"rotation":0,"texture":"#0"},"up":{"uv":[0.0,6.0,1.25,4.75],"tintindex":0,"rotation":0,"texture":"#0"},"down":{"uv":[5.0,0.0,6.25,1.25],"tintindex":0,"rotation":0,"texture":"#0"}}},{"from":[5.8,8.6,3.85],"to":[7.3,9.6,3.85],"faces":{"east":{"uv":[2.0,3.5,3.25,4.75],"tintindex":0,"rotation":0,"texture":"#0"},"south":{"uv":[0.25,11.25,0.0,11.5],"tintindex":0,"rotation":0,"texture":"#0"},"north":{"uv":[0.0,11.25,0.25,11.5],"tintindex":0,"rotation":0,"texture":"#0"},"west":{"uv":[3.5,4.25,4.75,5.5],"tintindex":0,"rotation":0,"texture":"#0"},"up":{"uv":[1.25,6.0,0.0,4.75],"tintindex":0,"rotation":0,"texture":"#0"},"down":{"uv":[6.25,0.0,5.0,1.25],"tintindex":0,"rotation":0,"texture":"#0"}}},{"from":[7.6,8.6,1.8000003],"to":[8.4,9.4,2.6000004],"faces":{"east":{"uv":[9.75,7.0,10.0,7.25],"tintindex":0,"rotation":0,"texture":"#0"},"south":{"uv":[9.75,7.5,10.0,7.75],"tintindex":0,"rotation":0,"texture":"#0"},"north":{"uv":[3.75,8.25,4.0,8.5],"tintindex":0,"rotation":0,"texture":"#0"},"west":{"uv":[8.75,9.75,9.0,10.0],"tintindex":0,"rotation":0,"texture":"#0"},"up":{"uv":[9.5,10.0,9.25,9.75],"tintindex":0,"rotation":0,"texture":"#0"},"down":{"uv":[10.0,9.75,9.75,10.0],"tintindex":0,"rotation":0,"texture":"#0"}}}],"display":{"gui":{"rotation":[-150.0,-45.0,180.0]}}}