{"textures":{"0":"modelengine:entity/nocsy_chibi_australian_shepherd","particle":"#0"},"elements":[{"from":[4.6,7.5,6.5],"to":[8.6,8.5,9.5],"faces":{"east":{"uv":[7.5,4.75,8.25,5.0],"tintindex":0,"rotation":0,"texture":"#0"},"south":{"uv":[8.5,5.5,9.5,5.75],"tintindex":0,"rotation":0,"texture":"#0"},"north":{"uv":[8.5,3.0,9.5,3.25],"tintindex":0,"rotation":0,"texture":"#0"},"west":{"uv":[9.5,8.75,10.25,9.0],"tintindex":0,"rotation":0,"texture":"#0"},"up":{"uv":[1.0,7.0,0.0,6.25],"tintindex":0,"rotation":0,"texture":"#0"},"down":{"uv":[2.25,6.25,1.25,7.0],"tintindex":0,"rotation":0,"texture":"#0"}}},{"from":[8.0207405,6.38478,6.9],"to":[9.0207405,8.38478,8.9],"faces":{"east":{"uv":[0.75,9.5,1.25,10.0],"tintindex":0,"rotation":0,"texture":"#0"},"south":{"uv":[8.25,9.25,8.5,9.75],"tintindex":0,"rotation":0,"texture":"#0"},"north":{"uv":[6.75,8.5,7.0,9.0],"tintindex":0,"rotation":0,"texture":"#0"},"west":{"uv":[1.5,9.5,2.0,10.0],"tintindex":0,"rotation":0,"texture":"#0"},"up":{"uv":[4.0,10.25,3.75,9.75],"tintindex":0,"rotation":0,"texture":"#0"},"down":{"uv":[4.5,9.75,4.25,10.25],"tintindex":0,"rotation":0,"texture":"#0"}},"rotation":{"origin":[8.5207405,7.38478,8.4],"angle":22.5,"axis":"z"}}],"display":{"gui":{"rotation":[-150.0,-45.0,180.0]}}}