{"textures":{"0":"modelengine:entity/nocsy_chibi_australian_shepherd","particle":"#0"},"elements":[{"from":[6.3,5.5,6.0],"to":[9.3,9.5,9.0],"faces":{"east":{"uv":[6.5,4.0,7.25,5.0],"tintindex":0,"rotation":0,"texture":"#0"},"south":{"uv":[6.25,6.5,7.0,7.5],"tintindex":0,"rotation":0,"texture":"#0"},"north":{"uv":[6.5,2.75,7.25,3.75],"tintindex":0,"rotation":0,"texture":"#0"},"west":{"uv":[6.75,1.25,7.5,2.25],"tintindex":0,"rotation":0,"texture":"#0"},"up":{"uv":[8.0,7.0,7.25,6.25],"tintindex":0,"rotation":0,"texture":"#0"},"down":{"uv":[8.0,7.25,7.25,8.0],"tintindex":0,"rotation":0,"texture":"#0"}}},{"from":[7.01,3.51,7.01],"to":[8.99,6.49,8.99],"faces":{"east":{"uv":[0.0,8.5,0.5,9.25],"tintindex":0,"rotation":0,"texture":"#0"},"south":{"uv":[8.5,0.0,9.0,0.75],"tintindex":0,"rotation":0,"texture":"#0"},"north":{"uv":[8.0,8.25,8.5,9.0],"tintindex":0,"rotation":0,"texture":"#0"},"west":{"uv":[0.75,8.5,1.25,9.25],"tintindex":0,"rotation":0,"texture":"#0"},"up":{"uv":[9.5,7.25,9.0,6.75],"tintindex":0,"rotation":0,"texture":"#0"},"down":{"uv":[9.5,7.5,9.0,8.0],"tintindex":0,"rotation":0,"texture":"#0"}}}],"display":{"gui":{"rotation":[-150.0,-45.0,180.0]}}}