{"textures":{"0":"modelengine:entity/nocsy_chibi_australian_shepherd","particle":"#0"},"elements":[{"from":[7.0,5.5,7.0],"to":[9.0,8.5,9.0],"faces":{"east":{"uv":[2.75,8.5,2.25,9.25],"tintindex":0,"rotation":0,"texture":"#0"},"south":{"uv":[9.0,2.0,8.5,2.75],"tintindex":0,"rotation":0,"texture":"#0"},"north":{"uv":[9.0,1.0,8.5,1.75],"tintindex":0,"rotation":0,"texture":"#0"},"west":{"uv":[2.0,8.5,1.5,9.25],"tintindex":0,"rotation":0,"texture":"#0"},"up":{"uv":[8.75,9.5,9.25,9.0],"tintindex":0,"rotation":0,"texture":"#0"},"down":{"uv":[9.25,0.0,9.75,0.5],"tintindex":0,"rotation":0,"texture":"#0"}}}],"display":{"gui":{"rotation":[-150.0,-45.0,180.0]}}}