{"textures":{"0":"modelengine:entity/nocsy_chibi_australian_shepherd","particle":"#0"},"elements":[{"from":[7.0,6.7,8.5],"to":[9.0,10.700001,11.5],"faces":{"east":{"uv":[6.25,5.25,7.0,6.25],"tintindex":0,"rotation":0,"texture":"#0"},"south":{"uv":[7.5,3.5,8.0,4.5],"tintindex":0,"rotation":0,"texture":"#0"},"north":{"uv":[5.5,6.75,6.0,7.75],"tintindex":0,"rotation":0,"texture":"#0"},"west":{"uv":[6.5,0.0,7.25,1.0],"tintindex":0,"rotation":0,"texture":"#0"},"up":{"uv":[3.0,7.0,2.5,6.25],"tintindex":0,"rotation":0,"texture":"#0"},"down":{"uv":[8.25,1.0,7.75,1.75],"tintindex":0,"rotation":0,"texture":"#0"}}},{"from":[7.0,6.7,5.5],"to":[9.0,8.7,8.5],"faces":{"east":{"uv":[6.25,7.75,7.0,8.25],"tintindex":0,"rotation":0,"texture":"#0"},"south":{"uv":[9.0,3.5,9.5,4.0],"tintindex":0,"rotation":0,"texture":"#0"},"north":{"uv":[8.75,8.25,9.25,8.75],"tintindex":0,"rotation":0,"texture":"#0"},"west":{"uv":[4.25,8.0,5.0,8.5],"tintindex":0,"rotation":0,"texture":"#0"},"up":{"uv":[5.75,8.75,5.25,8.0],"tintindex":0,"rotation":0,"texture":"#0"},"down":{"uv":[3.5,8.25,3.0,9.0],"tintindex":0,"rotation":0,"texture":"#0"}}}],"display":{"gui":{"rotation":[-150.0,-45.0,180.0]}}}