{"textures":{"0":"modelengine:entity/nocsy_chibi_amanta","particle":"#0"},"elements":[{"from":[3.9285698,8.46218,9.34432],"to":[11.92857,12.46218,9.34432],"faces":{"south":{"uv":[5.125,1.25,6.125,1.75],"tintindex":0,"rotation":0,"texture":"#0"},"north":{"uv":[6.125,1.25,5.125,1.75],"tintindex":0,"rotation":0,"texture":"#0"}},"rotation":{"origin":[7.92857,10.46218,9.34432],"angle":45.0,"axis":"x"}},{"from":[4.42857,7.04797,-0.06989002],"to":[11.42857,9.047969,12.93011],"faces":{"east":{"uv":[5.125,2.5,6.75,2.75],"tintindex":0,"rotation":0,"texture":"#0"},"south":{"uv":[5.125,5.5,6.0,5.75],"tintindex":0,"rotation":0,"texture":"#0"},"north":{"uv":[5.375,4.125,6.25,4.375],"tintindex":0,"rotation":0,"texture":"#0"},"west":{"uv":[5.125,5.125,6.75,5.375],"tintindex":0,"rotation":0,"texture":"#0"},"up":{"uv":[2.25,4.625,1.375,3.0],"tintindex":0,"rotation":0,"texture":"#0"},"down":{"uv":[3.25,3.0,2.375,4.625],"tintindex":0,"rotation":0,"texture":"#0"}}}],"display":{"gui":{"rotation":[-150.0,-45.0,180.0]}}}