{"textures":{"0":"modelengine:entity/nocsy_chibi_amanta","particle":"#0"},"elements":[{"from":[-1.8999996,7.95,-1.5],"to":[8.1,7.95,21.5],"faces":{"up":{"uv":[4.0,2.875,2.75,0.0],"tintindex":0,"rotation":0,"texture":"#0"},"down":{"uv":[4.0,0.0,2.75,2.875],"tintindex":0,"rotation":0,"texture":"#0"}}},{"from":[1.0899999,7.54,0.49],"to":[8.110001,8.559999,11.51],"faces":{"east":{"uv":[0.0,6.125,1.375,6.25],"tintindex":0,"rotation":0,"texture":"#0"},"south":{"uv":[6.125,5.5,7.0,5.625],"tintindex":0,"rotation":0,"texture":"#0"},"north":{"uv":[5.0,6.125,5.875,6.25],"tintindex":0,"rotation":0,"texture":"#0"},"west":{"uv":[6.125,2.875,7.5,3.0],"tintindex":0,"rotation":0,"texture":"#0"},"up":{"uv":[5.0,2.875,4.125,1.5],"tintindex":0,"rotation":0,"texture":"#0"},"down":{"uv":[5.25,3.0,4.375,4.375],"tintindex":0,"rotation":0,"texture":"#0"}}}],"display":{"gui":{"rotation":[-150.0,-45.0,180.0]}}}