{"textures":{"0":"modelengine:entity/nocsy_chibi_amanta","particle":"#0"},"elements":[{"from":[8.0,8.0,8.0],"to":[8.0,12.0,13.0],"faces":{"east":{"uv":[6.0,3.5,5.375,4.0],"tintindex":0,"rotation":0,"texture":"#0"},"west":{"uv":[5.375,3.5,6.0,4.0],"tintindex":0,"rotation":0,"texture":"#0"}}},{"from":[5.5,6.000001,8.0],"to":[10.5,8.0,13.0],"faces":{"east":{"uv":[6.125,3.125,6.75,3.375],"tintindex":0,"rotation":0,"texture":"#0"},"south":{"uv":[3.25,6.125,3.875,6.375],"tintindex":0,"rotation":0,"texture":"#0"},"north":{"uv":[1.5,6.125,2.125,6.375],"tintindex":0,"rotation":0,"texture":"#0"},"west":{"uv":[6.125,3.5,6.75,3.75],"tintindex":0,"rotation":0,"texture":"#0"},"up":{"uv":[2.0,6.0,1.375,5.375],"tintindex":0,"rotation":0,"texture":"#0"},"down":{"uv":[2.75,5.375,2.125,6.0],"tintindex":0,"rotation":0,"texture":"#0"}}}],"display":{"gui":{"rotation":[-150.0,-45.0,180.0]}}}