{"textures":{"0":"modelengine:entity/nocsy_chibi_amanta","particle":"#0"},"elements":[{"from":[8.0,8.516669,8.53333],"to":[8.0,12.516669,16.533329],"faces":{"east":{"uv":[6.125,4.5,5.125,5.0],"tintindex":0,"rotation":0,"texture":"#0"},"west":{"uv":[5.125,4.5,6.125,5.0],"tintindex":0,"rotation":0,"texture":"#0"}}},{"from":[5.0,8.01667,11.53333],"to":[11.0,8.01667,21.533329],"faces":{"up":{"uv":[4.125,5.75,3.375,4.5],"tintindex":0,"rotation":0,"texture":"#0"},"down":{"uv":[4.125,4.5,3.375,5.75],"tintindex":0,"rotation":0,"texture":"#0"}}},{"from":[7.0,7.51667,7.53333],"to":[9.0,8.516669,13.53333],"faces":{"east":{"uv":[6.0,6.125,6.75,6.25],"tintindex":0,"rotation":0,"texture":"#0"},"south":{"uv":[4.0,6.375,4.25,6.5],"tintindex":0,"rotation":0,"texture":"#0"},"north":{"uv":[1.0,6.375,1.25,6.5],"tintindex":0,"rotation":0,"texture":"#0"},"west":{"uv":[6.25,0.625,7.0,0.75],"tintindex":0,"rotation":0,"texture":"#0"},"up":{"uv":[3.125,5.5,2.875,4.75],"tintindex":0,"rotation":0,"texture":"#0"},"down":{"uv":[3.125,5.625,2.875,6.375],"tintindex":0,"rotation":0,"texture":"#0"}}}],"display":{"gui":{"rotation":[-150.0,-45.0,180.0]}}}