{
	"format_version": "1.9.0",
	"credit": "Made with Blockbench",
	"texture_size": [64, 64],
	"textures": {
		"2": "modelengine:entity/dandelion_ascendant_icon",
		"particle": "modelengine:entity/dandelion_ascendant_icon"
	},
	"elements": [
		{
			"from": [9, 7.5, 3.5],
			"to": [11, 8.5, 4.5],
			"rotation": {"angle": 22.5, "axis": "z", "origin": [10.5, 8.25, 4]},
			"faces": {
				"north": {"uv": [5.5, 9, 6, 9.25], "texture": "#2"},
				"east": {"uv": [9, 7.25, 9.25, 7.5], "texture": "#2"},
				"south": {"uv": [6.25, 9, 6.75, 9.25], "texture": "#2"},
				"west": {"uv": [7.75, 9, 8, 9.25], "texture": "#2"},
				"up": {"uv": [9.5, 7, 9, 6.75], "texture": "#2"},
				"down": {"uv": [7.5, 9, 7, 9.25], "texture": "#2"}
			}
		},
		{
			"from": [5, 7.5, 3.5],
			"to": [7, 8.5, 4.5],
			"rotation": {"angle": -22.5, "axis": "z", "origin": [5.5, 8.25, 4]},
			"faces": {
				"north": {"uv": [6, 9, 5.5, 9.25], "texture": "#2"},
				"east": {"uv": [8, 9, 7.75, 9.25], "texture": "#2"},
				"south": {"uv": [6.75, 9, 6.25, 9.25], "texture": "#2"},
				"west": {"uv": [9.25, 7.25, 9, 7.5], "texture": "#2"},
				"up": {"uv": [9, 7, 9.5, 6.75], "texture": "#2"},
				"down": {"uv": [7, 9, 7.5, 9.25], "texture": "#2"}
			}
		},
		{
			"from": [8, 4, 5],
			"to": [8, 16, 18],
			"rotation": {"angle": 0, "axis": "y", "origin": [8, 4, 13]},
			"faces": {
				"north": {"uv": [9, 7.75, 9, 10.75], "texture": "#2"},
				"east": {"uv": [0, 0, 3.25, 3], "texture": "#2"},
				"south": {"uv": [8.25, 9, 8.25, 12], "texture": "#2"},
				"west": {"uv": [0, 3.25, 3.25, 6.25], "texture": "#2"},
				"up": {"uv": [8.5, 12.25, 8.5, 9], "texture": "#2"},
				"down": {"uv": [8.75, 9, 8.75, 12.25], "texture": "#2"}
			}
		},
		{
			"from": [12, 4, 8],
			"to": [12, 12, 14],
			"rotation": {"angle": 45, "axis": "y", "origin": [12, 7, 8]},
			"faces": {
				"north": {"uv": [0, 9.25, 0, 11.25], "texture": "#2"},
				"east": {"uv": [5.5, 6.75, 7, 8.75], "texture": "#2"},
				"south": {"uv": [0.25, 9.25, 0.25, 11.25], "texture": "#2"},
				"west": {"uv": [7, 6.75, 5.5, 8.75], "texture": "#2"},
				"up": {"uv": [0.5, 10.75, 0.5, 9.25], "texture": "#2"},
				"down": {"uv": [0.75, 9.25, 0.75, 10.75], "texture": "#2"}
			}
		},
		{
			"from": [4, 4, 8],
			"to": [4, 12, 14],
			"rotation": {"angle": -45, "axis": "y", "origin": [4, 7, 8]},
			"faces": {
				"north": {"uv": [1, 9.25, 1, 11.25], "texture": "#2"},
				"east": {"uv": [7.25, 6.75, 8.75, 8.75], "texture": "#2"},
				"south": {"uv": [4.25, 9.25, 4.25, 11.25], "texture": "#2"},
				"west": {"uv": [8.75, 6.75, 7.25, 8.75], "texture": "#2"},
				"up": {"uv": [4.5, 10.75, 4.5, 9.25], "texture": "#2"},
				"down": {"uv": [4.75, 9.25, 4.75, 10.75], "texture": "#2"}
			}
		},
		{
			"from": [3, 12, 8],
			"to": [13, 12, 14],
			"rotation": {"angle": -45, "axis": "x", "origin": [8, 12, 8]},
			"faces": {
				"north": {"uv": [9.25, 5, 11.75, 5], "texture": "#2"},
				"east": {"uv": [9.25, 5.25, 10.75, 5.25], "texture": "#2"},
				"south": {"uv": [9.25, 5.5, 11.75, 5.5], "texture": "#2"},
				"west": {"uv": [9.25, 5.75, 10.75, 5.75], "texture": "#2"},
				"up": {"uv": [2.5, 8, 0, 6.5], "texture": "#2"},
				"down": {"uv": [5.25, 6.75, 2.75, 8.25], "texture": "#2"}
			}
		},
		{
			"from": [11, 10, 7],
			"to": [14, 14, 9],
			"rotation": {"angle": 0, "axis": "y", "origin": [12, 11, 8]},
			"faces": {
				"north": {"uv": [8, 0, 8.75, 1], "texture": "#2"},
				"east": {"uv": [1.25, 8.25, 1.75, 9.25], "texture": "#2"},
				"south": {"uv": [8, 1.25, 8.75, 2.25], "texture": "#2"},
				"west": {"uv": [2, 8.25, 2.5, 9.25], "texture": "#2"},
				"up": {"uv": [9.75, 0.5, 9, 0], "texture": "#2"},
				"down": {"uv": [9.75, 0.75, 9, 1.25], "texture": "#2"}
			}
		},
		{
			"from": [2, 10, 7],
			"to": [5, 14, 9],
			"rotation": {"angle": 0, "axis": "y", "origin": [4, 11, 8]},
			"faces": {
				"north": {"uv": [8, 2.5, 8.75, 3.5], "texture": "#2"},
				"east": {"uv": [2.75, 8.5, 3.25, 9.5], "texture": "#2"},
				"south": {"uv": [8, 3.75, 8.75, 4.75], "texture": "#2"},
				"west": {"uv": [3.5, 8.5, 4, 9.5], "texture": "#2"},
				"up": {"uv": [9.75, 2, 9, 1.5], "texture": "#2"},
				"down": {"uv": [9.75, 2.25, 9, 2.75], "texture": "#2"}
			}
		},
		{
			"from": [5.975, 4, 2],
			"to": [10.025, 7, 4],
			"rotation": {"angle": 0, "axis": "y", "origin": [8, 4, 3]},
			"faces": {
				"north": {"uv": [8, 5, 9, 5.75], "texture": "#2"},
				"east": {"uv": [9, 3, 9.5, 3.75], "texture": "#2"},
				"south": {"uv": [0, 8.25, 1, 9], "texture": "#2"},
				"west": {"uv": [9, 4, 9.5, 4.75], "texture": "#2"},
				"up": {"uv": [9, 6.5, 8, 6], "texture": "#2"},
				"down": {"uv": [5.25, 8.5, 4.25, 9], "texture": "#2"}
			}
		},
		{
			"from": [3.975, 4, 4],
			"to": [12.025, 12, 12],
			"rotation": {"angle": 0, "axis": "y", "origin": [8, 7, 8]},
			"faces": {
				"north": {"uv": [3.5, 0, 5.5, 2], "texture": "#2"},
				"east": {"uv": [3.5, 2.25, 5.5, 4.25], "texture": "#2"},
				"south": {"uv": [3.5, 4.5, 5.5, 6.5], "texture": "#2"},
				"west": {"uv": [5.75, 0, 7.75, 2], "texture": "#2"},
				"up": {"uv": [7.75, 4.25, 5.75, 2.25], "texture": "#2"},
				"down": {"uv": [7.75, 4.5, 5.75, 6.5], "texture": "#2"}
			}
		}
	],
	"gui_light": "front",
	"display": {
		"gui": {
			"rotation": [-154.5, 44.5, -180],
			"translation": [-1.25, -1.75, 0]
		}
	},
	"groups": [
		{
			"name": "h_head",
			"origin": [0, 0, 0],
			"color": 0,
			"children": [0, 1, 2, 3, 4, 5, 6, 7, 8, 9]
		}
	]
}