{
	"credit": "Made with Blockbench",
	"texture_size": [64, 64],
	"textures": {
		"1": "modelengine:entity/nocsy/toffynocsy_owl_lvl1_icon",
		"particle": "modelengine:entity/nocsy/toffynocsy_owl_lvl1_icon"
	},
	"elements": [
		{
			"name": "head",
			"from": [5, 4.93506, 5.08571],
			"to": [11, 10.93506, 11.08571],
			"rotation": {"angle": 0, "axis": "y", "origin": [8, -17.06494, 10.08571]},
			"faces": {
				"north": {"uv": [0, 0, 1.5, 1.5], "texture": "#1"},
				"east": {"uv": [0, 1.75, 1.5, 3.25], "texture": "#1"},
				"south": {"uv": [1.75, 0, 3.25, 1.5], "texture": "#1"},
				"west": {"uv": [1.75, 1.75, 3.25, 3.25], "texture": "#1"},
				"up": {"uv": [1.5, 5, 0, 3.5], "texture": "#1"},
				"down": {"uv": [5, 0, 3.5, 1.5], "texture": "#1"}
			}
		},
		{
			"name": "eye_left",
			"from": [8.97406, 6.72561, 4.64765],
			"to": [11.72406, 6.72561, 5.69765],
			"rotation": {"angle": 45, "axis": "x", "origin": [8, 7.22561, 5.49765]},
			"faces": {
				"north": {"uv": [10.5, 3.5, 11.25, 3.5], "texture": "#1"},
				"east": {"uv": [9.75, 8.75, 10, 8.75], "texture": "#1"},
				"south": {"uv": [10.5, 5.25, 11.25, 5.25], "texture": "#1"},
				"west": {"uv": [8.75, 10, 9, 10], "texture": "#1"},
				"up": {"uv": [5.5, 10.25, 4.75, 10], "texture": "#1"},
				"down": {"uv": [8.5, 10, 7.75, 10.25], "texture": "#1"}
			}
		},
		{
			"name": "eye_left",
			"from": [4.27594, 6.72561, 4.64765],
			"to": [7.02594, 6.72561, 5.69765],
			"rotation": {"angle": 45, "axis": "x", "origin": [8, 7.22561, 5.49765]},
			"faces": {
				"north": {"uv": [10.5, 5.5, 11.25, 5.5], "texture": "#1"},
				"east": {"uv": [5.75, 10.5, 6, 10.5], "texture": "#1"},
				"south": {"uv": [10.5, 5.75, 11.25, 5.75], "texture": "#1"},
				"west": {"uv": [10.5, 6, 10.75, 6], "texture": "#1"},
				"up": {"uv": [9.5, 10.5, 8.75, 10.25], "texture": "#1"},
				"down": {"uv": [11, 8.75, 10.25, 9], "texture": "#1"}
			}
		},
		{
			"name": "eye_glint_left",
			"from": [9.04927, 6.46669, 5.03571],
			"to": [9.44927, 6.86669, 5.03571],
			"rotation": {"angle": 0, "axis": "y", "origin": [9.49927, 6.71669, 5.03571]},
			"faces": {
				"north": {"uv": [4.75, 7, 5, 7.25], "texture": "#1"},
				"east": {"uv": [8.25, 3, 8.25, 3.25], "texture": "#1"},
				"south": {"uv": [5.75, 10, 6, 10.25], "texture": "#1"},
				"west": {"uv": [7, 9.5, 7, 9.75], "texture": "#1"},
				"up": {"uv": [10.75, 6.25, 10.5, 6.25], "texture": "#1"},
				"down": {"uv": [10.75, 6.5, 10.5, 6.5], "texture": "#1"}
			}
		},
		{
			"name": "eye_glint_left",
			"from": [6.15073, 6.46669, 5.03571],
			"to": [6.55073, 6.86669, 5.03571],
			"rotation": {"angle": 0, "axis": "y", "origin": [6.10073, 6.71669, 5.03571]},
			"faces": {
				"north": {"uv": [10.25, 9.25, 10.5, 9.5], "texture": "#1"},
				"east": {"uv": [2.5, 10, 2.5, 10.25], "texture": "#1"},
				"south": {"uv": [9.75, 10.25, 10, 10.5], "texture": "#1"},
				"west": {"uv": [6.25, 10, 6.25, 10.25], "texture": "#1"},
				"up": {"uv": [10.75, 6.75, 10.5, 6.75], "texture": "#1"},
				"down": {"uv": [10.75, 7, 10.5, 7], "texture": "#1"}
			}
		},
		{
			"name": "bec",
			"from": [7.5, 5.27999, 4.62564],
			"to": [8.5, 6.27999, 5.62564],
			"rotation": {"angle": -45, "axis": "y", "origin": [8, 5.77999, 5.12564]},
			"faces": {
				"north": {"uv": [10.25, 9.75, 10.5, 10], "texture": "#1"},
				"east": {"uv": [10.25, 10.25, 10.5, 10.5], "texture": "#1"},
				"south": {"uv": [10.5, 3, 10.75, 3.25], "texture": "#1"},
				"west": {"uv": [4.75, 10.5, 5, 10.75], "texture": "#1"},
				"up": {"uv": [10.75, 5, 10.5, 4.75], "texture": "#1"},
				"down": {"uv": [5.5, 10.5, 5.25, 10.75], "texture": "#1"}
			}
		},
		{
			"name": "hoodie",
			"from": [7.52654, 4.9218, 4.08571],
			"to": [13.52654, 5.9218, 10.08571],
			"rotation": {"angle": 22.5, "axis": "z", "origin": [12.52654, 3.9218, 5.08571]},
			"faces": {
				"north": {"uv": [9, 0, 10.5, 0.25], "texture": "#1"},
				"east": {"uv": [9, 0.5, 10.5, 0.75], "texture": "#1"},
				"south": {"uv": [9, 1, 10.5, 1.25], "texture": "#1"},
				"west": {"uv": [2.5, 9, 4, 9.25], "texture": "#1"},
				"up": {"uv": [3.25, 5, 1.75, 3.5], "texture": "#1"},
				"down": {"uv": [5, 1.75, 3.5, 3.25], "texture": "#1"}
			}
		},
		{
			"name": "hoodie",
			"from": [5.55166, 9.87641, 10.08571],
			"to": [9.55166, 11.87641, 12.03571],
			"rotation": {"angle": -22.5, "axis": "z", "origin": [7.55166, 5.87641, 5.08571]},
			"faces": {
				"north": {"uv": [8.25, 1.5, 9.25, 2], "texture": "#1"},
				"east": {"uv": [9.5, 9.5, 10, 10], "texture": "#1"},
				"south": {"uv": [8.25, 2.25, 9.25, 2.75], "texture": "#1"},
				"west": {"uv": [9.75, 3, 10.25, 3.5], "texture": "#1"},
				"up": {"uv": [9.5, 3.5, 8.5, 3], "texture": "#1"},
				"down": {"uv": [9.5, 3.75, 8.5, 4.25], "texture": "#1"}
			}
		},
		{
			"name": "hoodie",
			"from": [5.55166, 11.37641, 4.08571],
			"to": [9.55166, 12.37641, 10.08571],
			"rotation": {"angle": -22.5, "axis": "z", "origin": [7.55166, 6.37641, 5.08571]},
			"faces": {
				"north": {"uv": [9.75, 3.75, 10.75, 4], "texture": "#1"},
				"east": {"uv": [5.5, 9, 7, 9.25], "texture": "#1"},
				"south": {"uv": [9.75, 4.25, 10.75, 4.5], "texture": "#1"},
				"west": {"uv": [8.5, 9, 10, 9.25], "texture": "#1"},
				"up": {"uv": [1, 8.5, 0, 7], "texture": "#1"},
				"down": {"uv": [8, 0, 7, 1.5], "texture": "#1"}
			}
		},
		{
			"name": "hoodie",
			"from": [13.14386, 4.84568, 4.08571],
			"to": [14.14386, 10.84568, 10.08571],
			"rotation": {"angle": 22.5, "axis": "z", "origin": [12.14386, 4.84568, 5.08571]},
			"faces": {
				"north": {"uv": [4.25, 9, 4.5, 10.5], "texture": "#1"},
				"east": {"uv": [3.5, 3.5, 5, 5], "texture": "#1"},
				"south": {"uv": [7.25, 9, 7.5, 10.5], "texture": "#1"},
				"west": {"uv": [0, 5.25, 1.5, 6.75], "texture": "#1"},
				"up": {"uv": [0.25, 11, 0, 9.5], "texture": "#1"},
				"down": {"uv": [0.75, 9.5, 0.5, 11], "texture": "#1"}
			}
		},
		{
			"name": "hoodie",
			"from": [8.21998, 4.96299, 10.08571],
			"to": [12.21998, 11.96299, 12.08571],
			"rotation": {"angle": 22.5, "axis": "z", "origin": [11.21998, 3.96299, 7.08571]},
			"faces": {
				"north": {"uv": [5.25, 3.5, 6.25, 5.25], "texture": "#1"},
				"east": {"uv": [2.5, 7, 3, 8.75], "texture": "#1"},
				"south": {"uv": [5.25, 5.5, 6.25, 7.25], "texture": "#1"},
				"west": {"uv": [3.25, 7, 3.75, 8.75], "texture": "#1"},
				"up": {"uv": [9.5, 5, 8.5, 4.5], "texture": "#1"},
				"down": {"uv": [9.5, 5.25, 8.5, 5.75], "texture": "#1"}
			}
		},
		{
			"name": "hoodie",
			"from": [12.14386, 5.34568, 10.08571],
			"to": [14.14386, 10.34568, 12.08571],
			"rotation": {"angle": 22.5, "axis": "z", "origin": [12.14386, 4.34568, 7.08571]},
			"faces": {
				"north": {"uv": [5.5, 7.5, 6, 8.75], "texture": "#1"},
				"east": {"uv": [6.25, 7.5, 6.75, 8.75], "texture": "#1"},
				"south": {"uv": [7, 7.5, 7.5, 8.75], "texture": "#1"},
				"west": {"uv": [7.75, 3.5, 8.25, 4.75], "texture": "#1"},
				"up": {"uv": [10.25, 5.25, 9.75, 4.75], "texture": "#1"},
				"down": {"uv": [10.25, 5.5, 9.75, 6], "texture": "#1"}
			}
		},
		{
			"name": "hoodie0",
			"from": [2.47346, 4.9218, 4.08571],
			"to": [8.47346, 5.9218, 10.08571],
			"rotation": {"angle": -22.5, "axis": "z", "origin": [3.47346, 3.9218, 5.08571]},
			"faces": {
				"north": {"uv": [1, 9.5, 2.5, 9.75], "texture": "#1"},
				"east": {"uv": [9.5, 1.5, 11, 1.75], "texture": "#1"},
				"south": {"uv": [9.5, 2, 11, 2.25], "texture": "#1"},
				"west": {"uv": [9.5, 2.5, 11, 2.75], "texture": "#1"},
				"up": {"uv": [6.75, 1.5, 5.25, 0], "texture": "#1"},
				"down": {"uv": [3.25, 5.25, 1.75, 6.75], "texture": "#1"}
			}
		},
		{
			"name": "hoodie0",
			"from": [6.44834, 9.87641, 10.08571],
			"to": [10.44834, 11.87641, 11.98571],
			"rotation": {"angle": 22.5, "axis": "z", "origin": [8.44834, 5.87641, 5.08571]},
			"faces": {
				"north": {"uv": [8.5, 6, 9.5, 6.5], "texture": "#1"},
				"east": {"uv": [9.75, 6.25, 10.25, 6.75], "texture": "#1"},
				"south": {"uv": [8.5, 6.75, 9.5, 7.25], "texture": "#1"},
				"west": {"uv": [9.75, 7, 10.25, 7.5], "texture": "#1"},
				"up": {"uv": [9.5, 8, 8.5, 7.5], "texture": "#1"},
				"down": {"uv": [9.5, 8.25, 8.5, 8.75], "texture": "#1"}
			}
		},
		{
			"name": "hoodie0",
			"from": [6.44834, 11.37641, 4.08571],
			"to": [10.44834, 12.37641, 10.08571],
			"rotation": {"angle": 22.5, "axis": "z", "origin": [8.44834, 6.37641, 5.08571]},
			"faces": {
				"north": {"uv": [9.75, 7.75, 10.75, 8], "texture": "#1"},
				"east": {"uv": [4.75, 9.5, 6.25, 9.75], "texture": "#1"},
				"south": {"uv": [9.75, 8.25, 10.75, 8.5], "texture": "#1"},
				"west": {"uv": [7.75, 9.5, 9.25, 9.75], "texture": "#1"},
				"up": {"uv": [2.25, 8.5, 1.25, 7], "texture": "#1"},
				"down": {"uv": [8, 1.75, 7, 3.25], "texture": "#1"}
			}
		},
		{
			"name": "hoodie0",
			"from": [1.85614, 4.84568, 4.08571],
			"to": [2.85614, 10.84568, 10.08571],
			"rotation": {"angle": -22.5, "axis": "z", "origin": [3.85614, 4.84568, 5.08571]},
			"faces": {
				"north": {"uv": [2.75, 9.5, 3, 11], "texture": "#1"},
				"east": {"uv": [5.25, 1.75, 6.75, 3.25], "texture": "#1"},
				"south": {"uv": [3.25, 9.5, 3.5, 11], "texture": "#1"},
				"west": {"uv": [3.5, 5.25, 5, 6.75], "texture": "#1"},
				"up": {"uv": [4, 11, 3.75, 9.5], "texture": "#1"},
				"down": {"uv": [6.75, 9.5, 6.5, 11], "texture": "#1"}
			}
		},
		{
			"name": "hoodie0",
			"from": [3.78002, 4.96299, 10.08571],
			"to": [7.78002, 11.96299, 12.06071],
			"rotation": {"angle": -22.5, "axis": "z", "origin": [4.78002, 3.96299, 7.08571]},
			"faces": {
				"north": {"uv": [6.5, 3.5, 7.5, 5.25], "texture": "#1"},
				"east": {"uv": [4, 7, 4.5, 8.75], "texture": "#1"},
				"south": {"uv": [6.5, 5.5, 7.5, 7.25], "texture": "#1"},
				"west": {"uv": [4.75, 7.5, 5.25, 9.25], "texture": "#1"},
				"up": {"uv": [1, 9.25, 0, 8.75], "texture": "#1"},
				"down": {"uv": [2.25, 8.75, 1.25, 9.25], "texture": "#1"}
			}
		},
		{
			"name": "hoodie0",
			"from": [1.85614, 5.34568, 10.08571],
			"to": [3.85614, 10.34568, 12.06071],
			"rotation": {"angle": -22.5, "axis": "z", "origin": [3.85614, 4.34568, 7.08571]},
			"faces": {
				"north": {"uv": [7.75, 5, 8.25, 6.25], "texture": "#1"},
				"east": {"uv": [7.75, 6.5, 8.25, 7.75], "texture": "#1"},
				"south": {"uv": [7.75, 8, 8.25, 9.25], "texture": "#1"},
				"west": {"uv": [8.25, 0, 8.75, 1.25], "texture": "#1"},
				"up": {"uv": [1.5, 10.5, 1, 10], "texture": "#1"},
				"down": {"uv": [2.25, 10, 1.75, 10.5], "texture": "#1"}
			}
		}
	],
	"gui_light": "front",
	"display": {
		"gui": {
			"rotation": [0, -180, 0],
			"scale": [1.3, 1.3, 1.3]
		}
	},
	"groups": [
		{
			"name": "h_head",
			"origin": [8, 5.2291, 8.34133],
			"color": 0,
			"children": [
				0,
				1,
				2,
				3,
				4,
				{
					"name": "h_bec",
					"origin": [8, 5.90855, 5.37243],
					"rotation": [50, 0, 0],
					"color": 0,
					"children": [5]
				},
				6,
				7,
				8,
				9,
				10,
				11,
				12,
				13,
				14,
				15,
				16,
				17
			]
		}
	]
}