{
	"credit": "Made with Blockbench",
	"texture_size": [64, 64],
	"textures": {
		"1": "modelengine:entity/nocsy/toffynocsy_owl_lvl2_icon",
		"particle": "modelengine:entity/nocsy/toffynocsy_owl_lvl2_icon"
	},
	"elements": [
		{
			"from": [7.5, 4.37322, 4.10936],
			"to": [8.5, 6.37322, 5.10936],
			"rotation": {"angle": 45, "axis": "y", "origin": [8, 5.37322, 4.60936]},
			"faces": {
				"north": {"uv": [6.75, 6, 7, 6.5], "texture": "#1"},
				"east": {"uv": [8.25, 11.25, 8.5, 11.75], "texture": "#1"},
				"south": {"uv": [8.75, 11.25, 9, 11.75], "texture": "#1"},
				"west": {"uv": [9.25, 11.25, 9.5, 11.75], "texture": "#1"},
				"up": {"uv": [11.75, 6.25, 11.5, 6], "texture": "#1"},
				"down": {"uv": [11.75, 6.5, 11.5, 6.75], "texture": "#1"}
			}
		},
		{
			"from": [4, 4.125, 4.7552],
			"to": [12, 12.125, 12.7552],
			"rotation": {"angle": 0, "axis": "y", "origin": [8, 4.125, 9.2552]},
			"faces": {
				"north": {"uv": [0, 4, 2, 6], "texture": "#1"},
				"east": {"uv": [2.25, 4.5, 4.25, 6.5], "texture": "#1"},
				"south": {"uv": [4.5, 4.5, 6.5, 6.5], "texture": "#1"},
				"west": {"uv": [5.5, 0, 7.5, 2], "texture": "#1"},
				"up": {"uv": [7.5, 4.25, 5.5, 2.25], "texture": "#1"},
				"down": {"uv": [2, 6.25, 0, 8.25], "texture": "#1"}
			}
		},
		{
			"from": [4.675, 5.575, 4.7052],
			"to": [6.925, 7.825, 4.7052],
			"rotation": {"angle": 0, "axis": "y", "origin": [8, 4.125, 9.2552]},
			"faces": {
				"north": {"uv": [6.5, 9.25, 7, 9.75], "texture": "#1"},
				"east": {"uv": [2, 8.5, 2, 9], "texture": "#1"},
				"south": {"uv": [0, 11, 0.5, 11.5], "texture": "#1"},
				"west": {"uv": [0, 11.75, 0, 12.25], "texture": "#1"},
				"up": {"uv": [7, 10, 6.5, 10], "texture": "#1"},
				"down": {"uv": [12.25, 0, 11.75, 0], "texture": "#1"}
			}
		},
		{
			"from": [9.1, 5.575, 4.7052],
			"to": [11.35, 7.825, 4.7052],
			"rotation": {"angle": 0, "axis": "y", "origin": [8, 4.125, 9.2552]},
			"faces": {
				"north": {"uv": [0.75, 11, 1.25, 11.5], "texture": "#1"},
				"east": {"uv": [0.25, 11.75, 0.25, 12.25], "texture": "#1"},
				"south": {"uv": [1.5, 11, 2, 11.5], "texture": "#1"},
				"west": {"uv": [11.75, 0.25, 11.75, 0.75], "texture": "#1"},
				"up": {"uv": [1, 11.75, 0.5, 11.75], "texture": "#1"},
				"down": {"uv": [12.25, 1, 11.75, 1], "texture": "#1"}
			}
		},
		{
			"from": [9.2, 6.075, 4.6802],
			"to": [10.7, 7.575, 4.6802],
			"rotation": {"angle": 0, "axis": "y", "origin": [8, 4.125, 9.2552]},
			"faces": {
				"north": {"uv": [2.25, 4, 2.75, 4.25], "texture": "#1"},
				"east": {"uv": [1.25, 11.75, 1.25, 12], "texture": "#1"},
				"south": {"uv": [9.75, 11.25, 10.25, 11.5], "texture": "#1"},
				"west": {"uv": [11.75, 1.25, 11.75, 1.5], "texture": "#1"},
				"up": {"uv": [2, 11.75, 1.5, 11.75], "texture": "#1"},
				"down": {"uv": [12.25, 1.75, 11.75, 1.75], "texture": "#1"}
			}
		},
		{
			"from": [9.375, 6.925, 4.6302],
			"to": [9.875, 7.425, 4.6302],
			"rotation": {"angle": 0, "axis": "y", "origin": [8, 4.125, 9.2552]},
			"faces": {
				"north": {"uv": [11.5, 7, 11.75, 7.25], "texture": "#1"},
				"east": {"uv": [11.75, 2, 11.75, 2.25], "texture": "#1"},
				"south": {"uv": [11.5, 7.5, 11.75, 7.75], "texture": "#1"},
				"west": {"uv": [2.25, 11.75, 2.25, 12], "texture": "#1"},
				"up": {"uv": [7, 11, 6.75, 11], "texture": "#1"},
				"down": {"uv": [2.75, 11.75, 2.5, 11.75], "texture": "#1"}
			}
		},
		{
			"from": [5.55, 6.9, 4.6302],
			"to": [6.05, 7.4, 4.6302],
			"rotation": {"angle": 0, "axis": "y", "origin": [8, 4.125, 9.2552]},
			"faces": {
				"north": {"uv": [11.5, 8, 11.75, 8.25], "texture": "#1"},
				"east": {"uv": [11.75, 2.5, 11.75, 2.75], "texture": "#1"},
				"south": {"uv": [11.5, 8.5, 11.75, 8.75], "texture": "#1"},
				"west": {"uv": [3, 11.75, 3, 12], "texture": "#1"},
				"up": {"uv": [12, 3, 11.75, 3], "texture": "#1"},
				"down": {"uv": [3.5, 11.75, 3.25, 11.75], "texture": "#1"}
			}
		},
		{
			"from": [5.35, 6.075, 4.6802],
			"to": [6.85, 7.575, 4.6802],
			"rotation": {"angle": 0, "axis": "y", "origin": [8, 4.125, 9.2552]},
			"faces": {
				"north": {"uv": [10.5, 11.25, 11, 11.5], "texture": "#1"},
				"east": {"uv": [11.75, 3.25, 11.75, 3.5], "texture": "#1"},
				"south": {"uv": [11.25, 11.25, 11.75, 11.5], "texture": "#1"},
				"west": {"uv": [3.75, 11.75, 3.75, 12], "texture": "#1"},
				"up": {"uv": [12.25, 3.75, 11.75, 3.75], "texture": "#1"},
				"down": {"uv": [4.5, 11.75, 4, 11.75], "texture": "#1"}
			}
		},
		{
			"name": "eyelash",
			"from": [8.55709, 6.46299, 3.9302],
			"to": [16.55709, 11.46299, 3.9302],
			"rotation": {"angle": -22.5, "axis": "x", "origin": [10.80709, 9.83799, 4.5052]},
			"faces": {
				"north": {"uv": [7.25, 7.5, 9.25, 8.75], "texture": "#1"},
				"east": {"uv": [4.75, 11.75, 4.75, 13], "texture": "#1"},
				"south": {"uv": [7.75, 0, 9.75, 1.25], "texture": "#1"},
				"west": {"uv": [5, 11.75, 5, 13], "texture": "#1"},
				"up": {"uv": [13.75, 4, 11.75, 4], "texture": "#1"},
				"down": {"uv": [13.75, 4.25, 11.75, 4.25], "texture": "#1"}
			}
		},
		{
			"name": "eyelash",
			"from": [-0.55709, 6.46299, 3.9302],
			"to": [7.44291, 11.46299, 3.9302],
			"rotation": {"angle": -22.5, "axis": "x", "origin": [5.19291, 9.83799, 4.5052]},
			"faces": {
				"north": {"uv": [7.75, 1.5, 9.75, 2.75], "texture": "#1"},
				"east": {"uv": [5.25, 11.75, 5.25, 13], "texture": "#1"},
				"south": {"uv": [7.75, 3, 9.75, 4.25], "texture": "#1"},
				"west": {"uv": [5.5, 11.75, 5.5, 13], "texture": "#1"},
				"up": {"uv": [11.75, 11.75, 9.75, 11.75], "texture": "#1"},
				"down": {"uv": [14, 0.25, 12, 0.25], "texture": "#1"}
			}
		},
		{
			"name": "hoodie",
			"from": [3.65013, 3.9, 12.4731],
			"to": [9.60013, 5.85, 14.4731],
			"rotation": {"angle": -22.5, "axis": "y", "origin": [8.65013, 4.875, 10.4731]},
			"faces": {
				"north": {"uv": [9.75, 6, 11.25, 6.5], "texture": "#1"},
				"east": {"uv": [2.25, 11, 2.75, 11.5], "texture": "#1"},
				"south": {"uv": [9.75, 6.75, 11.25, 7.25], "texture": "#1"},
				"west": {"uv": [3, 11, 3.5, 11.5], "texture": "#1"},
				"up": {"uv": [11.5, 0.5, 10, 0], "texture": "#1"},
				"down": {"uv": [11.5, 0.75, 10, 1.25], "texture": "#1"}
			}
		},
		{
			"name": "hoodie",
			"from": [2.5, 3.875, 5.2552],
			"to": [13.5, 5.875, 12.2552],
			"rotation": {"angle": 0, "axis": "y", "origin": [8, 4.875, 9.2552]},
			"faces": {
				"north": {"uv": [9.25, 4.5, 12, 5], "texture": "#1"},
				"east": {"uv": [9.5, 7.5, 11.25, 8], "texture": "#1"},
				"south": {"uv": [9.25, 5.25, 12, 5.75], "texture": "#1"},
				"west": {"uv": [9.5, 8.25, 11.25, 8.75], "texture": "#1"},
				"up": {"uv": [2.75, 1.75, 0, 0], "texture": "#1"},
				"down": {"uv": [2.75, 2, 0, 3.75], "texture": "#1"}
			}
		},
		{
			"name": "hoodie",
			"from": [6.39987, 3.9, 3.0373],
			"to": [12.34987, 5.85, 5.0373],
			"rotation": {"angle": -22.5, "axis": "y", "origin": [7.34987, 4.875, 7.0373]},
			"faces": {
				"north": {"uv": [10, 1.5, 11.5, 2], "texture": "#1"},
				"east": {"uv": [3.75, 11, 4.25, 11.5], "texture": "#1"},
				"south": {"uv": [10, 2.25, 11.5, 2.75], "texture": "#1"},
				"west": {"uv": [4.5, 11, 5, 11.5], "texture": "#1"},
				"up": {"uv": [11.5, 3.5, 10, 3], "texture": "#1"},
				"down": {"uv": [11.5, 3.75, 10, 4.25], "texture": "#1"}
			}
		},
		{
			"name": "hoodie",
			"from": [3.65013, 3.9, 3.0373],
			"to": [9.60013, 5.85, 5.0373],
			"rotation": {"angle": 22.5, "axis": "y", "origin": [8.65013, 4.875, 7.0373]},
			"faces": {
				"north": {"uv": [2, 10.25, 3.5, 10.75], "texture": "#1"},
				"east": {"uv": [5.25, 11, 5.75, 11.5], "texture": "#1"},
				"south": {"uv": [3.75, 10.25, 5.25, 10.75], "texture": "#1"},
				"west": {"uv": [6, 11, 6.5, 11.5], "texture": "#1"},
				"up": {"uv": [7, 10.75, 5.5, 10.25], "texture": "#1"},
				"down": {"uv": [11.75, 9, 10.25, 9.5], "texture": "#1"}
			}
		},
		{
			"name": "hoodie",
			"from": [6.39987, 3.9, 12.4731],
			"to": [12.34987, 5.85, 14.4731],
			"rotation": {"angle": 22.5, "axis": "y", "origin": [7.34987, 4.875, 10.4731]},
			"faces": {
				"north": {"uv": [10.25, 9.75, 11.75, 10.25], "texture": "#1"},
				"east": {"uv": [6.75, 11.25, 7.25, 11.75], "texture": "#1"},
				"south": {"uv": [7.25, 10.5, 8.75, 11], "texture": "#1"},
				"west": {"uv": [7.5, 11.25, 8, 11.75], "texture": "#1"},
				"up": {"uv": [10.5, 11, 9, 10.5], "texture": "#1"},
				"down": {"uv": [12.25, 10.5, 10.75, 11], "texture": "#1"}
			}
		},
		{
			"from": [3.5, 9.625, 3.5052],
			"to": [12.5, 12.625, 11.5052],
			"rotation": {"angle": 0, "axis": "y", "origin": [8, 6.125, 7.2552]},
			"faces": {
				"north": {"uv": [2.25, 8.25, 4.5, 9], "texture": "#1"},
				"east": {"uv": [2, 9.25, 4, 10], "texture": "#1"},
				"south": {"uv": [4.75, 8.25, 7, 9], "texture": "#1"},
				"west": {"uv": [4.25, 9.25, 6.25, 10], "texture": "#1"},
				"up": {"uv": [5.25, 2, 3, 0], "texture": "#1"},
				"down": {"uv": [5.25, 2.25, 3, 4.25], "texture": "#1"}
			}
		},
		{
			"from": [3.5, 4.625, 8.5052],
			"to": [12.5, 9.625, 13.5052],
			"rotation": {"angle": 0, "axis": "y", "origin": [8, 6.125, 7.2552]},
			"faces": {
				"north": {"uv": [2.25, 6.75, 4.5, 8], "texture": "#1"},
				"east": {"uv": [7.25, 9, 8.5, 10.25], "texture": "#1"},
				"south": {"uv": [6.75, 4.5, 9, 5.75], "texture": "#1"},
				"west": {"uv": [8.75, 9, 10, 10.25], "texture": "#1"},
				"up": {"uv": [7, 8, 4.75, 6.75], "texture": "#1"},
				"down": {"uv": [9.5, 6, 7.25, 7.25], "texture": "#1"}
			}
		},
		{
			"name": "flat",
			"from": [3.5, 1.625, 3.5302],
			"to": [6.5, 10.625, 3.5302],
			"rotation": {"angle": 0, "axis": "y", "origin": [8, 7.125, 7.2802]},
			"faces": {
				"north": {"uv": [0, 8.5, 0.75, 10.75], "texture": "#1"},
				"east": {"uv": [5.75, 11.75, 5.75, 14], "texture": "#1"},
				"south": {"uv": [1, 8.5, 1.75, 10.75], "texture": "#1"},
				"west": {"uv": [6, 11.75, 6, 14], "texture": "#1"},
				"up": {"uv": [12.75, 0.5, 12, 0.5], "texture": "#1"},
				"down": {"uv": [12.75, 0.75, 12, 0.75], "texture": "#1"}
			}
		}
	],
	"gui_light": "front",
	"display": {
		"gui": {
			"rotation": [0, -180, 0]
		}
	},
	"groups": [
		{
			"name": "h_head",
			"origin": [8, 4.125, 8.2552],
			"color": 0,
			"children": [0, 1, 2, 3, 4, 5, 6, 7, 8, 9, 10, 11, 12, 13, 14, 15, 16, 17]
		}
	]
}