{"textures":{"1":"modelengine:entity/nocsy_chibi_sparrow_berserker","particle":"#1"},"elements":[{"from":[7.322598,7.3225985,7.5306025],"to":[8.3225975,8.322598,8.530602],"faces":{"east":{"uv":[8.125,1.75,8.25,1.875],"tintindex":0,"rotation":0,"texture":"#1"},"south":{"uv":[8.125,2.0,8.25,2.125],"tintindex":0,"rotation":0,"texture":"#1"},"north":{"uv":[8.125,1.5,8.25,1.625],"tintindex":0,"rotation":0,"texture":"#1"},"west":{"uv":[8.125,4.75,8.25,4.875],"tintindex":0,"rotation":0,"texture":"#1"},"up":{"uv":[8.25,5.125,8.125,5.0],"tintindex":0,"rotation":0,"texture":"#1"},"down":{"uv":[7.75,8.125,7.625,8.25],"tintindex":0,"rotation":0,"texture":"#1"}},"rotation":{"origin":[8.0,8.0,8.0],"angle":45.0,"axis":"z"}}],"display":{"gui":{"rotation":[-150.0,-45.0,180.0]}}}