{"textures":{"1":"modelengine:entity/nocsy_chibi_sparrow_berserker","particle":"#1"},"elements":[{"from":[7.62049,3.4635773,5.893649],"to":[8.62049,8.463577,10.893649],"faces":{"east":{"uv":[4.375,6.5,5.0,7.125],"tintindex":0,"rotation":0,"texture":"#1"},"south":{"uv":[6.875,7.5,7.0,8.125],"tintindex":0,"rotation":0,"texture":"#1"},"north":{"uv":[6.625,7.5,6.75,8.125],"tintindex":0,"rotation":0,"texture":"#1"},"west":{"uv":[6.625,1.75,7.25,2.375],"tintindex":0,"rotation":0,"texture":"#1"},"up":{"uv":[7.25,8.125,7.125,7.5],"tintindex":0,"rotation":0,"texture":"#1"},"down":{"uv":[7.5,7.5,7.375,8.125],"tintindex":0,"rotation":0,"texture":"#1"}}},{"from":[8.12049,-0.5364227,4.893649],"to":[8.12049,8.463577,10.893649],"faces":{"east":{"uv":[2.0,4.875,2.75,6.0],"tintindex":0,"rotation":0,"texture":"#1"},"west":{"uv":[4.375,5.25,5.125,6.375],"tintindex":0,"rotation":0,"texture":"#1"}}},{"from":[7.62049,1.4635773,6.893649],"to":[8.62049,3.4635773,10.893649],"faces":{"east":{"uv":[7.125,7.125,7.625,7.375],"tintindex":0,"rotation":0,"texture":"#1"},"south":{"uv":[8.0,6.625,8.125,6.875],"tintindex":0,"rotation":0,"texture":"#1"},"north":{"uv":[8.0,5.375,8.125,5.625],"tintindex":0,"rotation":0,"texture":"#1"},"west":{"uv":[0.0,7.25,0.5,7.5],"tintindex":0,"rotation":0,"texture":"#1"},"up":{"uv":[7.75,8.0,7.625,7.5],"tintindex":0,"rotation":0,"texture":"#1"},"down":{"uv":[7.875,0.875,7.75,1.375],"tintindex":0,"rotation":0,"texture":"#1"}}}],"display":{"gui":{"rotation":[-150.0,-45.0,180.0]}}}