{"textures":{"1":"modelengine:entity/nocsy_chibi_sparrow_berserker","particle":"#1"},"elements":[{"from":[6.9883904,5.5086718,6.3691063],"to":[8.988391,8.508672,9.369106],"faces":{"east":{"uv":[1.625,7.0,2.0,7.375],"tintindex":0,"rotation":0,"texture":"#1"},"south":{"uv":[7.375,1.5,7.625,1.875],"tintindex":0,"rotation":0,"texture":"#1"},"north":{"uv":[7.375,1.0,7.625,1.375],"tintindex":0,"rotation":0,"texture":"#1"},"west":{"uv":[7.0,5.625,7.375,6.0],"tintindex":0,"rotation":0,"texture":"#1"},"up":{"uv":[7.625,2.375,7.375,2.0],"tintindex":0,"rotation":0,"texture":"#1"},"down":{"uv":[7.625,4.5,7.375,4.875],"tintindex":0,"rotation":0,"texture":"#1"}}}],"display":{"gui":{"rotation":[-150.0,-45.0,180.0]}}}