{"textures":{"1":"modelengine:entity/nocsy_chibi_sparrow_berserker","particle":"#1"},"elements":[{"from":[6.5857863,6.5,5.7928934],"to":[7.5857863,6.5,8.792893],"faces":{"up":{"uv":[3.625,8.25,3.5,7.875],"tintindex":0,"rotation":0,"texture":"#1"},"down":{"uv":[3.875,7.875,3.75,8.25],"tintindex":0,"rotation":0,"texture":"#1"}},"rotation":{"origin":[7.0857863,6.5,7.2928934],"angle":45.0,"axis":"y"}},{"from":[7.5,6.5,8.0],"to":[8.5,9.5,8.0],"faces":{"south":{"uv":[1.125,7.875,1.25,8.25],"tintindex":0,"rotation":0,"texture":"#1"},"north":{"uv":[0.25,7.875,0.375,8.25],"tintindex":0,"rotation":0,"texture":"#1"}}},{"from":[7.5,6.5,5.0],"to":[8.5,6.5,8.0],"faces":{"up":{"uv":[1.5,8.25,1.375,7.875],"tintindex":0,"rotation":0,"texture":"#1"},"down":{"uv":[1.75,7.875,1.625,8.25],"tintindex":0,"rotation":0,"texture":"#1"}}},{"from":[8.414213,6.5,5.7928934],"to":[9.414213,6.5,8.792893],"faces":{"up":{"uv":[2.0,8.25,1.875,7.875],"tintindex":0,"rotation":0,"texture":"#1"},"down":{"uv":[3.375,7.875,3.25,8.25],"tintindex":0,"rotation":0,"texture":"#1"}},"rotation":{"origin":[8.914213,6.5,7.2928934],"angle":-45.0,"axis":"y"}}],"display":{"gui":{"rotation":[-150.0,-45.0,180.0]}}}