{"textures":{"1":"modelengine:entity/nocsy_chibi_sparrow_berserker","particle":"#1"},"elements":[{"from":[5.8990307,12.492467,7.4306173],"to":[9.899031,22.492468,8.430617],"faces":{"east":{"uv":[0.625,7.0,0.75,8.25],"tintindex":0,"rotation":0,"texture":"#1"},"south":{"uv":[0.0,5.875,0.5,7.125],"tintindex":0,"rotation":0,"texture":"#1"},"north":{"uv":[2.875,4.875,3.375,6.125],"tintindex":0,"rotation":0,"texture":"#1"},"west":{"uv":[0.875,7.0,1.0,8.25],"tintindex":0,"rotation":0,"texture":"#1"},"up":{"uv":[8.125,3.625,7.625,3.5],"tintindex":0,"rotation":0,"texture":"#1"},"down":{"uv":[8.125,3.75,7.625,3.875],"tintindex":0,"rotation":0,"texture":"#1"}}},{"from":[7.3990307,4.492467,7.4306173],"to":[8.399031,12.492467,8.430617],"faces":{"east":{"uv":[5.125,7.125,5.25,8.125],"tintindex":0,"rotation":0,"texture":"#1"},"south":{"uv":[5.375,7.125,5.5,8.125],"tintindex":0,"rotation":0,"texture":"#1"},"north":{"uv":[7.125,4.5,7.25,5.5],"tintindex":0,"rotation":0,"texture":"#1"},"west":{"uv":[5.625,7.125,5.75,8.125],"tintindex":0,"rotation":0,"texture":"#1"},"up":{"uv":[5.5,2.125,5.375,2.0],"tintindex":0,"rotation":0,"texture":"#1"},"down":{"uv":[8.125,3.0,8.0,3.125],"tintindex":0,"rotation":0,"texture":"#1"}}},{"from":[6.8990307,3.492467,6.9306173],"to":[8.899031,4.492467,8.930617],"faces":{"east":{"uv":[8.0,0.75,8.25,0.875],"tintindex":0,"rotation":0,"texture":"#1"},"south":{"uv":[8.0,1.0,8.25,1.125],"tintindex":0,"rotation":0,"texture":"#1"},"north":{"uv":[8.0,0.5,8.25,0.625],"tintindex":0,"rotation":0,"texture":"#1"},"west":{"uv":[8.0,1.25,8.25,1.375],"tintindex":0,"rotation":0,"texture":"#1"},"up":{"uv":[2.75,7.875,2.5,7.625],"tintindex":0,"rotation":0,"texture":"#1"},"down":{"uv":[3.125,7.625,2.875,7.875],"tintindex":0,"rotation":0,"texture":"#1"}}},{"from":[4.4095516,11.302467,6.9406176],"to":[7.389551,12.282467,8.920617],"faces":{"east":{"uv":[2.5,8.0,2.75,8.125],"tintindex":0,"rotation":0,"texture":"#1"},"south":{"uv":[6.625,4.5,7.0,4.625],"tintindex":0,"rotation":0,"texture":"#1"},"north":{"uv":[0.625,5.875,1.0,6.0],"tintindex":0,"rotation":0,"texture":"#1"},"west":{"uv":[8.0,2.5,8.25,2.625],"tintindex":0,"rotation":0,"texture":"#1"},"up":{"uv":[7.75,5.25,7.375,5.0],"tintindex":0,"rotation":0,"texture":"#1"},"down":{"uv":[1.5,7.5,1.125,7.75],"tintindex":0,"rotation":0,"texture":"#1"}},"rotation":{"origin":[7.8995514,11.792467,7.9306173],"angle":-22.5,"axis":"z"}},{"from":[5.3990307,11.492467,6.9306173],"to":[10.399031,12.492467,8.930617],"faces":{"east":{"uv":[2.125,8.0,2.375,8.125],"tintindex":0,"rotation":0,"texture":"#1"},"south":{"uv":[5.75,1.75,6.375,1.875],"tintindex":0,"rotation":0,"texture":"#1"},"north":{"uv":[4.625,2.0,5.25,2.125],"tintindex":0,"rotation":0,"texture":"#1"},"west":{"uv":[8.0,2.25,8.25,2.375],"tintindex":0,"rotation":0,"texture":"#1"},"up":{"uv":[7.5,6.625,6.875,6.375],"tintindex":0,"rotation":0,"texture":"#1"},"down":{"uv":[7.5,6.75,6.875,7.0],"tintindex":0,"rotation":0,"texture":"#1"}}},{"from":[8.317166,11.766918,6.9406176],"to":[11.297166,12.746918,8.920617],"faces":{"east":{"uv":[8.0,2.75,8.25,2.875],"tintindex":0,"rotation":0,"texture":"#1"},"south":{"uv":[7.75,5.875,8.125,6.0],"tintindex":0,"rotation":0,"texture":"#1"},"north":{"uv":[7.75,3.25,8.125,3.375],"tintindex":0,"rotation":0,"texture":"#1"},"west":{"uv":[2.875,8.0,3.125,8.125],"tintindex":0,"rotation":0,"texture":"#1"},"up":{"uv":[2.0,7.75,1.625,7.5],"tintindex":0,"rotation":0,"texture":"#1"},"down":{"uv":[4.125,7.5,3.75,7.75],"tintindex":0,"rotation":0,"texture":"#1"}},"rotation":{"origin":[9.007166,12.256918,7.9306173],"angle":22.5,"axis":"z"}},{"from":[4.080604,22.381147,7.4406176],"to":[7.0606036,25.361147,8.420617],"faces":{"east":{"uv":[4.0,7.875,4.125,8.25],"tintindex":0,"rotation":0,"texture":"#1"},"south":{"uv":[2.625,7.125,3.0,7.5],"tintindex":0,"rotation":0,"texture":"#1"},"north":{"uv":[2.125,7.125,2.5,7.5],"tintindex":0,"rotation":0,"texture":"#1"},"west":{"uv":[7.875,4.875,8.0,5.25],"tintindex":0,"rotation":0,"texture":"#1"},"up":{"uv":[8.125,7.25,7.75,7.125],"tintindex":0,"rotation":0,"texture":"#1"},"down":{"uv":[8.25,6.125,7.875,6.25],"tintindex":0,"rotation":0,"texture":"#1"}},"rotation":{"origin":[5.070604,20.371147,7.9306173],"angle":-45.0,"axis":"z"}}],"display":{"gui":{"rotation":[-150.0,-45.0,180.0]}}}