{
	"format_version": "1.21.6",
	"credit": "Made with Blockbench",
	"textures": {
		"2": "modelengine:entity/hoppy_chibi_icon"
	},
	"elements": [
		{
			"from": [5, 4, 5],
			"to": [11, 10, 11],
			"rotation": {"angle": 0, "axis": "y", "origin": [8, 4, 10]},
			"faces": {
				"north": {"uv": [1.5, 4.5, 3, 6], "texture": "#2"},
				"east": {"uv": [4.75, 3, 6.25, 4.5], "texture": "#2"},
				"south": {"uv": [4.75, 4.75, 6.25, 6.25], "texture": "#2"},
				"west": {"uv": [5.5, 0, 7, 1.5], "texture": "#2"},
				"up": {"uv": [3, 7.75, 1.5, 6.25], "texture": "#2"},
				"down": {"uv": [8, 1.75, 6.5, 3.25], "texture": "#2"}
			}
		},
		{
			"from": [7, 4, 3],
			"to": [9, 6, 5],
			"rotation": {"angle": 0, "axis": "y", "origin": [8, 4, 4]},
			"faces": {
				"north": {"uv": [4, 10, 4.5, 10.5], "texture": "#2"},
				"east": {"uv": [6, 10, 6.5, 10.5], "texture": "#2"},
				"south": {"uv": [6.75, 10, 7.25, 10.5], "texture": "#2"},
				"west": {"uv": [10, 7.25, 10.5, 7.75], "texture": "#2"},
				"up": {"uv": [10.5, 8.5, 10, 8], "texture": "#2"},
				"down": {"uv": [2.5, 10.25, 2, 10.75], "texture": "#2"}
			}
		},
		{
			"name": "ear",
			"from": [3, 10, 8],
			"to": [7, 13, 8],
			"rotation": {"angle": 0, "axis": "y", "origin": [-2, 12, -5]},
			"faces": {
				"north": {"uv": [3.25, 5.25, 4.25, 6], "texture": "#2"},
				"east": {"uv": [4.5, 5.25, 4.5, 6], "texture": "#2"},
				"south": {"uv": [9.5, 0, 10.5, 0.75], "texture": "#2"},
				"west": {"uv": [1, 6.75, 1, 7.5], "texture": "#2"},
				"up": {"uv": [4.25, 6.25, 3.25, 6.25], "texture": "#2"},
				"down": {"uv": [11.5, 10.25, 10.5, 10.25], "texture": "#2"}
			}
		},
		{
			"name": "ear",
			"from": [3, 18.50981, 7.69968],
			"to": [7, 24.50981, 7.69968],
			"rotation": {"angle": 22.5, "axis": "x", "origin": [-3, 15, -6]},
			"faces": {
				"north": {"uv": [7.5, 7.75, 8.5, 9.25], "texture": "#2"},
				"east": {"uv": [6, 8, 6, 9.5], "texture": "#2"},
				"south": {"uv": [1, 8, 2, 9.5], "texture": "#2"},
				"west": {"uv": [6.25, 8, 6.25, 9.5], "texture": "#2"},
				"up": {"uv": [11.5, 10.5, 10.5, 10.5], "texture": "#2"},
				"down": {"uv": [11.75, 0, 10.75, 0], "texture": "#2"}
			}
		},
		{
			"name": "ear",
			"from": [9, 10, 8],
			"to": [13, 13, 8],
			"rotation": {"angle": 0, "axis": "y", "origin": [2, 12, -5]},
			"faces": {
				"north": {"uv": [4.25, 5.25, 3.25, 6], "texture": "#2"},
				"east": {"uv": [1, 6.75, 1, 7.5], "texture": "#2"},
				"south": {"uv": [10.5, 0, 9.5, 0.75], "texture": "#2"},
				"west": {"uv": [4.5, 5.25, 4.5, 6], "texture": "#2"},
				"up": {"uv": [3.25, 6.25, 4.25, 6.25], "texture": "#2"},
				"down": {"uv": [10.5, 10.25, 11.5, 10.25], "texture": "#2"}
			}
		},
		{
			"name": "ear",
			"from": [9, 18.50981, 7.69968],
			"to": [13, 24.50981, 7.69968],
			"rotation": {"angle": 22.5, "axis": "x", "origin": [3, 15, -6]},
			"faces": {
				"north": {"uv": [8.5, 7.75, 7.5, 9.25], "texture": "#2"},
				"east": {"uv": [6.25, 8, 6.25, 9.5], "texture": "#2"},
				"south": {"uv": [2, 8, 1, 9.5], "texture": "#2"},
				"west": {"uv": [6, 8, 6, 9.5], "texture": "#2"},
				"up": {"uv": [10.5, 10.5, 11.5, 10.5], "texture": "#2"},
				"down": {"uv": [10.75, 0, 11.75, 0], "texture": "#2"}
			}
		},
		{
			"from": [5, 5, 10],
			"to": [5, 8, 14],
			"rotation": {"angle": -45, "axis": "y", "origin": [5, 6.5, 10]},
			"faces": {
				"north": {"uv": [1.25, 6.75, 1.25, 7.5], "texture": "#2"},
				"east": {"uv": [9.5, 1, 10.5, 1.75], "texture": "#2"},
				"south": {"uv": [1.25, 6.75, 1.25, 7.5], "texture": "#2"},
				"west": {"uv": [10.5, 1, 9.5, 1.75], "texture": "#2"},
				"up": {"uv": [8, 6.25, 8, 5.25], "texture": "#2"},
				"down": {"uv": [8, 5.25, 8, 6.25], "texture": "#2"}
			}
		},
		{
			"from": [11, 5, 10],
			"to": [11, 8, 14],
			"rotation": {"angle": 45, "axis": "y", "origin": [11, 6.5, 10]},
			"faces": {
				"north": {"uv": [1.25, 6.75, 1.25, 7.5], "texture": "#2"},
				"east": {"uv": [9.5, 1, 10.5, 1.75], "texture": "#2"},
				"south": {"uv": [1.25, 6.75, 1.25, 7.5], "texture": "#2"},
				"west": {"uv": [10.5, 1, 9.5, 1.75], "texture": "#2"},
				"up": {"uv": [8, 5.25, 8, 6.25], "texture": "#2"},
				"down": {"uv": [8, 5.25, 8, 6.25], "texture": "#2"}
			}
		}
	],
	"gui_light": "front",
	"display": {
		"gui": {
			"rotation": [-154, 42.5, -180],
			"translation": [-0.5, -2.25, 0],
			"scale": [0.9, 0.9, 0.9]
		}
	},
	"groups": [
		{
			"name": "hi_head",
			"origin": [-1, 8, -5],
			"color": 0,
			"children": [
				0,
				1,
				{
					"name": "ear_left",
					"origin": [-1, 12, -6],
					"rotation": [15.11473, 5.17936, 19.58968],
					"color": 0,
					"children": [2, 3]
				},
				{
					"name": "ear_right",
					"origin": [1, 12, -6],
					"rotation": [15.11473, -5.17936, -19.58968],
					"color": 0,
					"children": [4, 5]
				},
				6,
				7
			]
		}
	]
}